section,family,idx,wallsH,wallsV,p0,p1,turn,tb,outcome,dtm,camping,fwdExists,valueOptimal,score,chosenRowAfter
empty,0,0,1012280021000114,224010810002448,34,60,0,0,0,9,0,1,1,998992,4
empty,0,1,1012280021000114,224010810002448,35,60,1,0,1,10,0,0,1,-998991,6
empty,0,2,1012280021000114,224010810002448,35,69,0,0,0,9,0,1,1,998992,4
empty,0,3,1012280021000114,224010810002448,26,69,1,0,1,12,0,1,1,-998989,6
empty,0,4,1012280021000114,224010810002448,26,78,0,0,0,11,0,1,1,998990,3
empty,0,5,1012280021000114,224010810002448,25,78,1,0,1,12,1,1,1,-998989,7
empty,1,0,880110084889041,700000200200188,20,77,1,0,0,19,1,1,1,998982,7
empty,1,1,880110084889041,700000200200188,20,76,0,0,0,19,0,1,1,998982,3
empty,1,2,880110084889041,700000200200188,29,76,1,0,1,18,0,0,1,-998983,8
empty,1,3,880110084889041,700000200200188,29,77,0,0,0,17,0,0,1,998984,3
empty,1,4,880110084889041,700000200200188,30,77,1,0,1,16,1,1,1,-998985,7
empty,1,5,880110084889041,700000200200188,30,78,0,0,0,15,0,0,1,998986,3
empty,2,0,8008102402000a00,4c002d420000002c,14,77,1,0,0,19,1,1,1,998982,7
empty,2,1,8008102402000a00,4c002d420000002c,14,76,0,0,0,19,0,1,1,998982,2
empty,2,2,8008102402000a00,4c002d420000002c,23,76,1,0,1,18,1,1,1,-998983,7
empty,2,3,8008102402000a00,4c002d420000002c,23,67,0,0,0,17,0,1,1,998984,3
empty,2,4,8008102402000a00,4c002d420000002c,22,67,1,0,0,19,0,0,1,998982,7
empty,2,5,8008102402000a00,4c002d420000002c,22,76,0,0,0,19,0,1,1,998982,3
empty,3,0,1200100484424a0,2053000500a00000,5,57,0,0,1,16,0,0,1,-998985,0
empty,3,1,1200100484424a0,2053000500a00000,4,57,1,0,0,15,0,1,1,998986,6
empty,3,2,1200100484424a0,2053000500a00000,4,66,0,0,1,18,1,1,1,-998983,1
empty,3,3,1200100484424a0,2053000500a00000,13,66,1,0,0,17,0,1,1,998984,6
empty,3,4,1200100484424a0,2053000500a00000,13,65,0,0,1,16,0,1,1,-998985,2
empty,3,5,1200100484424a0,2053000500a00000,22,65,1,0,0,15,0,1,1,998986,6
empty,4,0,188810004082000,610448023001804,21,76,1,0,1,18,1,1,1,-998983,8
empty,4,1,188810004082000,610448023001804,21,75,0,0,0,17,0,0,1,998984,2
empty,4,2,188810004082000,610448023001804,12,75,1,0,1,20,1,1,1,-998981,8
empty,4,3,188810004082000,610448023001804,12,66,0,0,0,19,0,1,1,998982,2
empty,4,4,188810004082000,610448023001804,3,66,1,0,1,22,0,0,1,-998979,8
empty,4,5,188810004082000,610448023001804,3,75,0,0,0,21,1,1,1,998980,1
empty,5,0,111808209000200,6080020010680106,13,60,1,0,0,11,0,1,1,998990,5
empty,5,1,111808209000200,6080020010680106,13,61,0,0,1,14,0,1,1,-998987,2
empty,5,2,111808209000200,6080020010680106,4,61,1,0,0,13,0,0,1,998988,6
empty,5,3,111808209000200,6080020010680106,4,60,0,0,1,12,1,1,1,-998989,1
empty,5,4,111808209000200,6080020010680106,3,60,1,0,0,11,0,1,1,998990,5
empty,5,5,111808209000200,6080020010680106,3,51,0,0,1,10,1,1,1,-998991,1
empty,6,0,8508142004000022,8000c320020904,23,66,1,0,1,18,0,0,1,-998983,7
empty,6,1,8508142004000022,8000c320020904,23,67,0,0,0,17,0,1,1,998984,3
empty,6,2,8508142004000022,8000c320020904,32,67,1,0,1,16,0,0,1,-998985,7
empty,6,3,8508142004000022,8000c320020904,32,68,0,0,0,15,0,1,1,998986,4
empty,6,4,8508142004000022,8000c320020904,31,68,1,0,1,14,0,1,1,-998987,6
empty,6,5,8508142004000022,8000c320020904,31,67,0,0,0,13,0,1,1,998988,4
empty,7,0,222841400088201,8008020815004080,11,68,1,0,1,18,0,0,1,-998983,7
empty,7,1,222841400088201,8008020815004080,11,77,0,0,0,17,0,0,1,998984,1
empty,7,2,222841400088201,8008020815004080,12,77,1,0,1,20,1,1,1,-998981,7
empty,7,3,222841400088201,8008020815004080,12,78,0,0,0,19,0,1,1,998982,2
empty,7,4,222841400088201,8008020815004080,13,78,1,0,0,19,1,1,1,998982,7
empty,7,5,222841400088201,8008020815004080,13,79,0,0,1,18,0,1,1,-998983,2
empty,8,0,4410405420020400,104980000400d100,14,77,1,0,0,21,1,1,1,998980,8
empty,8,1,4410405420020400,104980000400d100,14,78,0,0,1,20,0,1,1,-998981,2
empty,8,2,4410405420020400,104980000400d100,5,78,1,0,0,19,0,0,1,998982,8
empty,8,3,4410405420020400,104980000400d100,5,79,0,0,1,18,1,1,1,-998983,1
empty,8,4,4410405420020400,104980000400d100,6,79,1,0,0,17,0,0,1,998984,8
empty,8,5,4410405420020400,104980000400d100,6,80,0,0,1,16,1,1,1,-998985,1
empty,9,0,890080111044012,10010408000900c8,2,76,0,0,1,24,0,0,1,-998977,0
empty,9,1,890080111044012,10010408000900c8,3,76,1,0,0,23,0,0,1,998978,8
empty,9,2,890080111044012,10010408000900c8,3,75,0,0,1,22,1,1,1,-998979,1
empty,9,3,890080111044012,10010408000900c8,12,75,1,0,0,21,0,0,1,998980,8
empty,9,4,890080111044012,10010408000900c8,12,76,0,0,0,19,0,1,1,998982,2
empty,9,5,890080111044012,10010408000900c8,11,76,1,0,1,18,0,0,1,-998983,8
empty,10,0,a000014002418110,24000360900408,4,78,0,0,1,22,0,0,1,-998979,0
empty,10,1,a000014002418110,24000360900408,5,78,1,0,0,21,0,0,1,998980,8
empty,10,2,a000014002418110,24000360900408,5,77,0,0,1,20,0,0,1,-998981,0
empty,10,3,a000014002418110,24000360900408,6,77,1,0,0,19,0,0,1,998982,8
empty,10,4,a000014002418110,24000360900408,6,78,0,0,0,19,1,1,1,998982,1
empty,10,5,a000014002418110,24000360900408,7,78,1,0,0,21,0,0,1,998980,8
empty,11,0,2400488800108140,4130060044011,4,67,1,0,0,19,1,1,1,998982,7
empty,11,1,2400488800108140,4130060044011,4,76,0,0,0,21,1,1,1,998980,1
empty,11,2,2400488800108140,4130060044011,3,76,1,0,1,20,1,1,1,-998981,7
empty,11,3,2400488800108140,4130060044011,3,75,0,0,0,19,1,1,1,998982,1
empty,11,4,2400488800108140,4130060044011,4,75,1,0,0,21,0,0,1,998980,8
empty,11,5,2400488800108140,4130060044011,4,76,0,0,0,21,1,1,1,998980,1
empty,12,0,10020a224001042,204c00182402100,6,56,0,0,1,16,0,0,1,-998985,0
empty,12,1,10020a224001042,204c00182402100,7,56,1,0,0,15,0,1,1,998986,6
empty,12,2,10020a224001042,204c00182402100,7,55,0,0,1,14,0,0,1,-998987,0
empty,12,3,10020a224001042,204c00182402100,8,55,1,0,0,13,0,1,1,998988,6
empty,12,4,10020a224001042,204c00182402100,8,54,0,0,1,12,1,1,1,-998989,1
empty,12,5,10020a224001042,204c00182402100,7,54,1,0,0,11,0,1,1,998990,5
empty,13,0,4049044002042500,8420c00021008001,6,67,1,0,0,17,0,0,1,998984,7
empty,13,1,4049044002042500,8420c00021008001,6,66,0,0,0,19,1,1,1,998982,1
empty,13,2,4049044002042500,8420c00021008001,15,66,1,0,1,18,0,0,1,-998983,7
empty,13,3,4049044002042500,8420c00021008001,15,75,0,0,0,17,0,0,1,998984,1
empty,13,4,4049044002042500,8420c00021008001,16,75,1,0,1,16,1,1,1,-998985,7
empty,13,5,4049044002042500,8420c00021008001,16,66,0,0,0,15,0,1,1,998986,2
empty,14,0,940000a488101,90040b40820008,2,75,1,0,0,19,1,1,1,998982,8
empty,14,1,940000a488101,90040b40820008,2,76,0,0,1,18,1,1,1,-998983,1
empty,14,2,940000a488101,90040b40820008,11,76,1,0,0,17,1,1,1,998984,8
empty,14,3,940000a488101,90040b40820008,11,77,0,0,1,16,0,1,1,-998985,2
empty,14,4,940000a488101,90040b40820008,12,77,1,0,0,15,1,1,1,998986,7
empty,14,5,940000a488101,90040b40820008,12,68,0,0,1,14,0,1,1,-998987,2
empty,15,0,4044100489814420,2812000100000300,7,75,0,0,0,23,1,1,1,998978,1
empty,15,1,4044100489814420,2812000100000300,8,75,1,0,1,22,1,1,1,-998979,8
empty,15,2,4044100489814420,2812000100000300,8,74,0,0,0,21,1,1,1,998980,1
empty,15,3,4044100489814420,2812000100000300,17,74,1,0,1,20,1,1,1,-998981,8
empty,15,4,4044100489814420,2812000100000300,17,73,0,0,0,19,0,1,1,998982,2
empty,15,5,4044100489814420,2812000100000300,16,73,1,0,0,23,1,1,1,998978,7
empty,16,0,4490088820521,4010009001003040,6,66,0,0,0,21,0,0,1,998980,0
empty,16,1,4490088820521,4010009001003040,5,66,1,0,1,20,0,0,1,-998981,8
empty,16,2,4490088820521,4010009001003040,5,65,0,0,0,19,0,0,1,998982,0
empty,16,3,4490088820521,4010009001003040,6,65,1,0,0,21,0,0,1,998980,7
empty,16,4,4490088820521,4010009001003040,6,64,0,0,1,20,0,0,1,-998981,0
empty,16,5,4490088820521,4010009001003040,5,64,1,0,0,19,0,1,1,998982,6
empty,17,0,2000022801120010,12c81080000112c0,3,74,1,0,0,23,1,1,1,998978,7
empty,17,1,2000022801120010,12c81080000112c0,3,65,0,0,1,22,1,1,1,-998979,1
empty,17,2,2000022801120010,12c81080000112c0,4,65,1,0,0,21,0,1,1,998980,6
empty,17,3,2000022801120010,12c81080000112c0,4,66,0,0,1,20,0,0,1,-998981,0
empty,17,4,2000022801120010,12c81080000112c0,5,66,1,0,0,17,0,1,1,998984,6
empty,17,5,2000022801120010,12c81080000112c0,5,75,0,0,0,19,0,0,1,998982,0
empty,18,0,488800a0a0a804,184020005401000,22,74,0,0,0,13,0,1,1,998988,3
empty,18,1,488800a0a0a804,184020005401000,31,74,1,0,1,12,1,1,1,-998989,7
empty,18,2,488800a0a0a804,184020005401000,31,73,0,0,0,11,0,1,1,998990,4
empty,18,3,488800a0a0a804,184020005401000,30,73,1,0,1,12,1,1,1,-998989,7
empty,18,4,488800a0a0a804,184020005401000,30,64,0,0,0,11,0,1,1,998990,4
empty,18,5,488800a0a0a804,184020005401000,31,64,1,0,1,12,0,1,1,-998989,6
empty,19,0,4911012800890001,4802080000000e8,5,68,1,0,0,19,0,0,1,998982,7
empty,19,1,4911012800890001,4802080000000e8,5,77,0,0,0,21,1,1,1,998980,1
empty,19,2,4911012800890001,4802080000000e8,14,77,1,0,1,20,1,1,1,-998981,7
empty,19,3,4911012800890001,4802080000000e8,14,78,0,0,0,19,0,1,1,998982,2
empty,19,4,4911012800890001,4802080000000e8,13,78,1,0,1,18,0,0,1,-998983,8
empty,19,5,4911012800890001,4802080000000e8,13,79,0,0,0,17,0,1,1,998984,2
empty,20,0,11041008505050,4a00200000018025,5,66,1,0,0,17,0,1,1,998984,6
empty,20,1,11041008505050,4a00200000018025,5,57,0,0,1,16,0,0,1,-998985,0
empty,20,2,11041008505050,4a00200000018025,4,57,1,0,0,15,0,0,1,998986,6
empty,20,3,11041008505050,4a00200000018025,4,56,0,0,1,14,0,0,1,-998987,0
empty,20,4,11041008505050,4a00200000018025,5,56,1,0,0,13,0,0,1,998988,6
empty,20,5,11041008505050,4a00200000018025,5,55,0,0,1,12,0,0,1,-998989,0
empty,21,0,1184201404248001,600002081080440,22,66,0,0,0,21,0,1,1,998980,3
empty,21,1,1184201404248001,600002081080440,31,66,1,0,1,20,0,0,1,-998981,7
empty,21,2,1184201404248001,600002081080440,31,75,0,0,0,17,0,1,1,998984,3
empty,21,3,1184201404248001,600002081080440,40,75,1,0,1,22,1,1,1,-998979,7
empty,21,4,1184201404248001,600002081080440,40,66,0,0,0,21,0,0,1,998980,3
empty,21,5,1184201404248001,600002081080440,41,66,1,0,1,20,0,0,1,-998981,7
empty,22,0,2040202088240125,1284100020100002,4,78,0,0,0,19,1,1,1,998982,1
empty,22,1,2040202088240125,1284100020100002,13,78,1,0,1,18,0,0,1,-998983,8
empty,22,2,2040202088240125,1284100020100002,13,79,0,0,0,17,0,1,1,998984,2
empty,22,3,2040202088240125,1284100020100002,22,79,1,0,1,16,1,1,1,-998985,8
empty,22,4,2040202088240125,1284100020100002,22,78,0,0,0,15,0,1,1,998986,3
empty,22,5,2040202088240125,1284100020100002,31,78,1,0,1,14,0,0,1,-998987,8
empty,23,0,5000449104018805,4a010000042200,3,67,0,0,1,18,0,0,1,-998983,0
empty,23,1,5000449104018805,4a010000042200,2,67,1,0,0,17,0,1,1,998984,6
empty,23,2,5000449104018805,4a010000042200,2,58,0,0,1,16,0,0,1,-998985,0
empty,23,3,5000449104018805,4a010000042200,1,58,1,0,0,15,0,1,1,998986,5
empty,23,4,5000449104018805,4a010000042200,1,49,0,0,1,14,0,0,1,-998987,0
empty,23,5,5000449104018805,4a010000042200,2,49,1,0,0,13,0,0,1,998988,5
empty,24,0,1201098040108202,8801008a4402000,5,78,1,0,0,21,1,1,1,998980,7
empty,24,1,1201098040108202,8801008a4402000,5,77,0,0,0,23,1,1,1,998978,1
empty,24,2,1201098040108202,8801008a4402000,4,77,1,0,1,22,0,0,1,-998979,8
empty,24,3,1201098040108202,8801008a4402000,4,78,0,0,0,21,1,1,1,998980,1
empty,24,4,1201098040108202,8801008a4402000,5,78,1,0,0,21,1,1,1,998980,7
empty,24,5,1201098040108202,8801008a4402000,5,79,0,0,0,23,1,1,1,998978,1
empty,25,0,81002000120,3f80040188600014,16,67,1,0,1,14,0,1,1,-998987,6
empty,25,1,81002000120,3f80040188600014,16,58,0,0,0,13,0,1,1,998988,2
empty,25,2,81002000120,3f80040188600014,25,58,1,0,1,12,0,0,1,-998989,6
empty,25,3,81002000120,3f80040188600014,25,59,0,0,0,11,0,1,1,998990,3
empty,25,4,81002000120,3f80040188600014,16,59,1,0,0,15,0,1,1,998986,5
empty,25,5,81002000120,3f80040188600014,16,68,0,0,0,13,0,1,1,998988,2
empty,26,0,8201001002910,c110804184100060,17,69,0,0,0,13,0,1,1,998988,2
empty,26,1,8201001002910,c110804184100060,8,69,1,0,0,15,0,1,1,998986,6
empty,26,2,8201001002910,c110804184100060,8,78,0,0,0,15,1,1,1,998986,1
empty,26,3,8201001002910,c110804184100060,17,78,1,0,1,14,1,1,1,-998987,7
empty,26,4,8201001002910,c110804184100060,17,69,0,0,0,13,0,1,1,998988,2
empty,26,5,8201001002910,c110804184100060,16,69,1,0,0,15,0,1,1,998986,6
empty,27,0,8800002082282,490002442010c500,2,75,1,0,0,21,1,1,1,998980,7
empty,27,1,8800002082282,490002442010c500,2,66,0,0,1,20,0,0,1,-998981,0
empty,27,2,8800002082282,490002442010c500,1,66,1,0,0,19,0,0,1,998982,7
empty,27,3,8800002082282,490002442010c500,1,75,0,0,0,17,0,0,1,998984,0
empty,27,4,8800002082282,490002442010c500,2,75,1,0,0,21,1,1,1,998980,7
empty,27,5,8800002082282,490002442010c500,2,66,0,0,1,20,0,0,1,-998981,0
empty,28,0,444008100090482,6000520006800300,4,59,1,0,0,11,0,1,1,998990,5
empty,28,1,444008100090482,6000520006800300,4,50,0,0,1,10,1,1,1,-998991,1
empty,28,2,444008100090482,6000520006800300,3,50,1,0,0,9,0,1,1,998992,4
empty,28,3,444008100090482,6000520006800300,3,51,0,0,1,10,1,1,1,-998991,1
empty,28,4,444008100090482,6000520006800300,4,51,1,0,0,9,0,1,1,998992,4
empty,28,5,444008100090482,6000520006800300,4,60,0,0,1,12,1,1,1,-998989,1
empty,29,0,102159400a80044,5004000001020410,13,41,0,0,1,16,1,1,1,-998985,0
empty,29,1,102159400a80044,5004000001020410,22,41,1,0,0,15,0,1,1,998986,3
empty,29,2,102159400a80044,5004000001020410,22,32,0,0,1,14,0,0,1,-998987,1
empty,29,3,102159400a80044,5004000001020410,23,32,1,0,0,13,0,0,1,998988,3
empty,29,4,102159400a80044,5004000001020410,23,31,0,0,1,12,0,0,1,-998989,2
empty,29,5,102159400a80044,5004000001020410,22,31,1,0,0,11,0,0,1,998990,3
empty,30,0,4005000280a80144,2844821440000,22,74,0,0,0,23,0,0,1,998978,1
empty,30,1,4005000280a80144,2844821440000,13,74,1,0,1,22,1,1,1,-998979,7
empty,30,2,4005000280a80144,2844821440000,13,75,0,0,0,21,1,1,1,998980,1
empty,30,3,4005000280a80144,2844821440000,14,75,1,0,1,24,1,1,1,-998977,7
empty,30,4,4005000280a80144,2844821440000,14,76,0,0,0,23,1,1,1,998978,1
empty,30,5,4005000280a80144,2844821440000,15,76,1,0,0,21,1,1,1,998980,7
empty,31,0,8241012002410802,2148210840020,0,77,1,0,0,19,1,1,1,998982,7
empty,31,1,8241012002410802,2148210840020,0,68,0,0,1,18,1,1,1,-998983,1
empty,31,2,8241012002410802,2148210840020,1,68,1,0,0,17,1,1,1,998984,7
empty,31,3,8241012002410802,2148210840020,1,67,0,0,1,16,0,0,1,-998985,0
empty,31,4,8241012002410802,2148210840020,2,67,1,0,0,15,0,1,1,998986,6
empty,31,5,8241012002410802,2148210840020,2,76,0,0,1,18,0,0,1,-998983,0
empty,32,0,10090411220100,5002200040100255,1,58,1,0,0,17,0,0,1,998984,6
empty,32,1,10090411220100,5002200040100255,1,59,0,0,1,16,1,1,1,-998985,0
empty,32,2,10090411220100,5002200040100255,10,59,1,0,0,15,0,1,1,998986,5
empty,32,3,10090411220100,5002200040100255,10,58,0,0,1,18,0,0,1,-998983,0
empty,32,4,10090411220100,5002200040100255,1,58,1,0,0,17,0,0,1,998984,6
empty,32,5,10090411220100,5002200040100255,1,59,0,0,1,16,1,1,1,-998985,0
empty,33,0,810480400481200,12c801300240800,4,73,1,0,0,17,1,1,1,998984,7
empty,33,1,810480400481200,12c801300240800,4,64,0,0,1,16,1,1,1,-998985,1
empty,33,2,810480400481200,12c801300240800,3,64,1,0,0,15,0,1,1,998986,6
empty,33,3,810480400481200,12c801300240800,3,55,0,0,1,14,1,1,1,-998987,1
empty,33,4,810480400481200,12c801300240800,2,55,1,0,0,13,0,1,1,998988,5
empty,33,5,810480400481200,12c801300240800,2,46,0,0,1,12,1,1,1,-998989,1
empty,34,0,200900815005142,4438000400000820,4,67,1,0,0,25,1,1,1,998976,8
empty,34,1,200900815005142,4438000400000820,4,76,0,0,1,24,1,1,1,-998977,0
empty,34,2,200900815005142,4438000400000820,5,76,1,0,0,23,1,1,1,998978,8
empty,34,3,200900815005142,4438000400000820,5,67,0,0,1,26,1,1,1,-998975,0
empty,34,4,200900815005142,4438000400000820,4,67,1,0,0,25,1,1,1,998976,8
empty,34,5,200900815005142,4438000400000820,4,58,0,0,0,23,1,1,1,998978,0
empty,35,0,402000009a54442,19000085000a000,3,76,1,0,0,23,1,1,1,998978,7
empty,35,1,402000009a54442,19000085000a000,3,75,0,0,1,26,1,1,1,-998975,1
empty,35,2,402000009a54442,19000085000a000,12,75,1,0,0,25,0,0,1,998976,8
empty,35,3,402000009a54442,19000085000a000,12,74,0,0,0,23,0,0,1,998978,1
empty,35,4,402000009a54442,19000085000a000,11,74,1,0,0,27,0,0,1,998974,8
empty,35,5,402000009a54442,19000085000a000,11,73,0,0,1,26,0,0,1,-998975,1
empty,36,0,1040000008400100,a31c020065080050,2,77,1,0,1,16,0,0,1,-998985,8
empty,36,1,1040000008400100,a31c020065080050,2,76,0,0,0,15,1,1,1,998986,1
empty,36,2,1040000008400100,a31c020065080050,3,76,1,0,0,19,0,0,1,998982,8
empty,36,3,1040000008400100,a31c020065080050,3,77,0,0,0,17,1,1,1,998984,1
empty,36,4,1040000008400100,a31c020065080050,2,77,1,0,1,16,0,0,1,-998985,8
empty,36,5,1040000008400100,a31c020065080050,2,76,0,0,0,15,1,1,1,998986,1
empty,37,0,14a018100000402,4000b004008d2008,2,56,0,0,1,16,0,0,1,-998985,0
empty,37,1,14a018100000402,4000b004008d2008,1,56,1,0,0,15,0,1,1,998986,5
empty,37,2,14a018100000402,4000b004008d2008,1,57,0,0,1,14,0,0,1,-998987,0
empty,37,3,14a018100000402,4000b004008d2008,0,57,1,0,0,13,0,1,1,998988,5
empty,37,4,14a018100000402,4000b004008d2008,0,48,0,0,1,12,1,1,1,-998989,1
empty,37,5,14a018100000402,4000b004008d2008,1,48,1,0,0,11,0,1,1,998990,4
empty,38,0,2910100100000482,9001228003408004,4,75,1,0,1,20,0,0,1,-998981,8
empty,38,1,2910100100000482,9001228003408004,4,76,0,0,0,19,1,1,1,998982,1
empty,38,2,2910100100000482,9001228003408004,5,76,1,0,1,20,0,0,1,-998981,8
empty,38,3,2910100100000482,9001228003408004,5,75,0,0,0,19,1,1,1,998982,1
empty,38,4,2910100100000482,9001228003408004,14,75,1,0,1,18,0,0,1,-998983,8
empty,38,5,2910100100000482,9001228003408004,14,74,0,0,0,17,0,1,1,998984,2
empty,39,0,a0400002a80520,80420c00002e010,3,76,1,0,0,25,1,1,1,998976,7
empty,39,1,a0400002a80520,80420c00002e010,3,77,0,0,0,23,1,1,1,998978,1
empty,39,2,a0400002a80520,80420c00002e010,12,77,1,0,1,22,1,1,1,-998979,7
empty,39,3,a0400002a80520,80420c00002e010,12,78,0,0,0,21,0,0,1,998980,1
empty,39,4,a0400002a80520,80420c00002e010,13,78,1,0,1,20,1,1,1,-998981,7
empty,39,5,a0400002a80520,80420c00002e010,13,79,0,0,0,19,0,1,1,998982,2
empty,40,0,41a0010200148008,24912000a001400,15,75,0,0,0,17,0,1,1,998984,2
empty,40,1,41a0010200148008,24912000a001400,16,75,1,0,0,23,1,1,1,998978,7
empty,40,2,41a0010200148008,24912000a001400,16,76,0,0,1,22,0,0,1,-998979,1
empty,40,3,41a0010200148008,24912000a001400,15,76,1,0,0,21,1,1,1,998980,7
empty,40,4,41a0010200148008,24912000a001400,15,75,0,0,0,17,0,1,1,998984,2
empty,40,5,41a0010200148008,24912000a001400,24,75,1,0,1,16,1,1,1,-998985,7
empty,41,0,4000880502421108,820044800002086,5,59,0,0,1,18,1,1,1,-998983,1
empty,41,1,4000880502421108,820044800002086,14,59,1,0,0,17,0,1,1,998984,5
empty,41,2,4000880502421108,820044800002086,14,58,0,0,1,20,0,0,1,-998981,1
empty,41,3,4000880502421108,820044800002086,5,58,1,0,0,19,0,0,1,998982,6
empty,41,4,4000880502421108,820044800002086,5,67,0,0,1,22,1,1,1,-998979,1
empty,41,5,4000880502421108,820044800002086,14,67,1,0,0,21,0,1,1,998980,6
empty,42,0,1020402004914,80014a00079002,3,58,1,0,0,15,0,1,1,998986,5
empty,42,1,1020402004914,80014a00079002,3,57,0,0,1,18,0,0,1,-998983,0
empty,42,2,1020402004914,80014a00079002,2,57,1,0,0,17,0,1,1,998984,6
empty,42,3,1020402004914,80014a00079002,2,66,0,0,1,20,0,0,1,-998981,0
empty,42,4,1020402004914,80014a00079002,3,66,1,0,0,19,0,1,1,998982,6
empty,42,5,1020402004914,80014a00079002,3,57,0,0,1,18,0,0,1,-998983,0
empty,43,0,4880080810408400,2000421042211804,4,59,1,0,0,19,0,1,1,998982,6
empty,43,1,4880080810408400,2000421042211804,4,50,0,0,0,19,1,1,1,998982,1
empty,43,2,4880080810408400,2000421042211804,13,50,1,0,1,18,0,1,1,-998983,6
empty,43,3,4880080810408400,2000421042211804,13,41,0,0,0,17,0,1,1,998984,2
empty,43,4,4880080810408400,2000421042211804,4,41,1,0,1,20,0,0,1,-998981,5
empty,43,5,4880080810408400,2000421042211804,4,50,0,0,0,19,1,1,1,998982,1
empty,44,0,12801029000a40,440214014000025,3,73,0,0,1,26,1,1,1,-998975,1
empty,44,1,12801029000a40,440214014000025,12,73,1,0,0,25,1,1,1,998976,7
empty,44,2,12801029000a40,440214014000025,12,74,0,0,0,27,0,0,1,998974,1
empty,44,3,12801029000a40,440214014000025,3,74,1,0,0,27,1,1,1,998974,7
empty,44,4,12801029000a40,440214014000025,3,65,0,0,1,26,1,1,1,-998975,1
empty,44,5,12801029000a40,440214014000025,12,65,1,0,0,25,0,0,1,998976,7
empty,45,0,811815000004805,a0002000c0009102,3,76,1,0,0,23,0,0,1,998978,8
empty,45,1,811815000004805,a0002000c0009102,3,75,0,0,1,22,0,0,1,-998979,0
empty,45,2,811815000004805,a0002000c0009102,2,75,1,0,0,21,0,0,1,998980,8
empty,45,3,811815000004805,a0002000c0009102,2,74,0,0,1,20,0,0,1,-998981,0
empty,45,4,811815000004805,a0002000c0009102,3,74,1,0,0,19,1,1,1,998982,7
empty,45,5,811815000004805,a0002000c0009102,3,65,0,0,1,18,0,0,1,-998983,0
empty,46,0,280a000000828081,2c10200c4114,22,75,1,0,1,18,0,0,1,-998983,8
empty,46,1,280a000000828081,2c10200c4114,22,74,0,0,0,17,0,1,1,998984,3
empty,46,2,280a000000828081,2c10200c4114,31,74,1,0,1,16,1,1,1,-998985,7
empty,46,3,280a000000828081,2c10200c4114,31,73,0,0,0,15,0,1,1,998986,4
empty,46,4,280a000000828081,2c10200c4114,40,73,1,0,1,14,1,1,1,-998987,7
empty,46,5,280a000000828081,2c10200c4114,40,72,0,0,0,13,0,1,1,998988,5
empty,47,0,2502120409450800,80010a80060,5,69,0,0,1,16,1,1,1,-998985,1
empty,47,1,2502120409450800,80010a80060,14,69,1,0,0,15,0,1,1,998986,6
empty,47,2,2502120409450800,80010a80060,14,68,0,0,0,17,0,1,1,998984,2
empty,47,3,2502120409450800,80010a80060,5,68,1,0,0,17,0,1,1,998984,6
empty,47,4,2502120409450800,80010a80060,5,67,0,0,0,19,1,1,1,998982,1
empty,47,5,2502120409450800,80010a80060,14,67,1,0,1,18,0,1,1,-998983,6
empty,48,0,20448800014215,4001100e0080102,16,66,0,0,0,21,0,0,1,998980,1
empty,48,1,20448800014215,4001100e0080102,17,66,1,0,1,22,0,1,1,-998979,6
empty,48,2,20448800014215,4001100e0080102,17,75,0,0,0,21,0,1,1,998980,2
empty,48,3,20448800014215,4001100e0080102,16,75,1,0,1,22,1,1,1,-998979,7
empty,48,4,20448800014215,4001100e0080102,16,66,0,0,0,21,0,0,1,998980,1
empty,48,5,20448800014215,4001100e0080102,7,66,1,0,1,24,0,1,1,-998977,6
empty,49,0,9111100008400508,4008c0285020000,6,66,0,0,0,21,1,1,1,998980,1
empty,49,1,9111100008400508,4008c0285020000,5,66,1,0,1,20,0,1,1,-998981,6
empty,49,2,9111100008400508,4008c0285020000,5,67,0,0,0,17,1,1,1,998984,1
empty,49,3,9111100008400508,4008c0285020000,6,67,1,0,0,19,0,0,1,998982,7
empty,49,4,9111100008400508,4008c0285020000,6,68,0,0,1,18,1,1,1,-998983,1
empty,49,5,9111100008400508,4008c0285020000,5,68,1,0,0,17,0,0,1,998984,7
empty,50,0,1420048904440040,81480000019028,13,69,0,0,0,19,0,1,1,998982,2
empty,50,1,1420048904440040,81480000019028,4,69,1,0,0,19,0,0,1,998982,7
empty,50,2,1420048904440040,81480000019028,4,68,0,0,1,18,1,1,1,-998983,1
empty,50,3,1420048904440040,81480000019028,13,68,1,0,0,17,0,0,1,998984,7
empty,50,4,1420048904440040,81480000019028,13,69,0,0,0,19,0,1,1,998982,2
empty,50,5,1420048904440040,81480000019028,4,69,1,0,0,19,0,0,1,998982,7
empty,51,0,8400041052041004,14600801900042,5,76,1,0,0,23,1,1,1,998978,8
empty,51,1,8400041052041004,14600801900042,5,75,0,0,1,22,1,1,1,-998979,1
empty,51,2,8400041052041004,14600801900042,6,75,1,0,0,21,0,0,1,998980,8
empty,51,3,8400041052041004,14600801900042,6,76,0,0,1,24,1,1,1,-998977,1
empty,51,4,8400041052041004,14600801900042,5,76,1,0,0,23,1,1,1,998978,8
empty,51,5,8400041052041004,14600801900042,5,67,0,0,1,26,1,1,1,-998975,1
empty,52,0,205028025000280,1020012008270004,13,75,0,0,0,13,0,1,1,998988,2
empty,52,1,205028025000280,1020012008270004,12,75,1,0,0,17,1,1,1,998984,7
empty,52,2,205028025000280,1020012008270004,12,76,0,0,1,16,0,1,1,-998985,2
empty,52,3,205028025000280,1020012008270004,21,76,1,0,0,15,1,1,1,998986,7
empty,52,4,205028025000280,1020012008270004,21,67,0,0,1,14,0,1,1,-998987,2
empty,52,5,205028025000280,1020012008270004,12,67,1,0,0,13,0,1,1,998988,6
empty,53,0,8880002a00008041,5200450882408,24,79,1,0,1,16,0,0,1,-998985,8
empty,53,1,8880002a00008041,5200450882408,24,78,0,0,0,15,0,1,1,998986,2
empty,53,2,8880002a00008041,5200450882408,25,78,1,0,1,14,1,1,1,-998987,7
empty,53,3,8880002a00008041,5200450882408,25,69,0,0,0,13,0,1,1,998988,3
empty,53,4,8880002a00008041,5200450882408,34,69,1,0,1,12,0,1,1,-998989,6
empty,53,5,8880002a00008041,5200450882408,34,68,0,0,0,11,0,1,1,998990,4
empty,54,0,2084402010041100,1a4001c801020040,12,76,0,0,0,21,0,1,1,998980,2
empty,54,1,2084402010041100,1a4001c801020040,3,76,1,0,0,19,1,1,1,998982,7
empty,54,2,2084402010041100,1a4001c801020040,3,67,0,0,1,18,1,1,1,-998983,1
empty,54,3,2084402010041100,1a4001c801020040,2,67,1,0,0,17,0,1,1,998984,6
empty,54,4,2084402010041100,1a4001c801020040,2,58,0,0,1,16,1,1,1,-998985,1
empty,54,5,2084402010041100,1a4001c801020040,11,58,1,0,0,15,0,1,1,998986,5
empty,55,0,502044440005001,4080408112800804,12,76,0,0,0,15,0,1,1,998986,2
empty,55,1,502044440005001,4080408112800804,21,76,1,0,1,14,1,1,1,-998987,7
empty,55,2,502044440005001,4080408112800804,21,67,0,0,0,13,0,1,1,998988,3
empty,55,3,502044440005001,4080408112800804,30,67,1,0,1,12,0,1,1,-998989,6
empty,55,4,502044440005001,4080408112800804,30,66,0,0,0,11,0,1,1,998990,4
empty,55,5,502044440005001,4080408112800804,31,66,1,0,1,10,0,1,1,-998991,6
empty,56,0,1508400201881091,30003001000a,5,68,1,0,0,17,0,1,1,998984,6
empty,56,1,1508400201881091,30003001000a,5,69,0,0,1,20,0,0,1,-998981,0
empty,56,2,1508400201881091,30003001000a,4,69,1,0,0,19,1,1,1,998982,7
empty,56,3,1508400201881091,30003001000a,4,60,0,0,1,20,0,0,1,-998981,0
empty,56,4,1508400201881091,30003001000a,5,60,1,0,0,19,0,0,1,998982,6
empty,56,5,1508400201881091,30003001000a,5,69,0,0,1,20,0,0,1,-998981,0
empty,57,0,1000900980110502,64020010002a4000,11,75,0,0,1,22,0,0,1,-998979,1
empty,57,1,1000900980110502,64020010002a4000,12,75,1,0,0,21,1,1,1,998980,7
empty,57,2,1000900980110502,64020010002a4000,12,76,0,0,0,19,0,0,1,998982,1
empty,57,3,1000900980110502,64020010002a4000,11,76,1,0,0,23,0,0,1,998978,8
empty,57,4,1000900980110502,64020010002a4000,11,77,0,0,0,21,0,0,1,998980,1
empty,57,5,1000900980110502,64020010002a4000,12,77,1,0,1,20,0,0,1,-998981,8
empty,58,0,2082049408084000,1d00000204802a00,15,78,1,0,0,23,0,0,1,998978,8
empty,58,1,2082049408084000,1d00000204802a00,15,77,0,0,1,26,0,0,1,-998975,0
empty,58,2,2082049408084000,1d00000204802a00,16,77,1,0,0,25,0,0,1,998976,8
empty,58,3,2082049408084000,1d00000204802a00,16,78,0,0,1,24,0,0,1,-998977,0
empty,58,4,2082049408084000,1d00000204802a00,15,78,1,0,0,23,0,0,1,998978,8
empty,58,5,2082049408084000,1d00000204802a00,15,79,0,0,1,22,0,0,1,-998979,0
empty,59,0,1020084081221,b0001048100d80,5,76,1,0,0,21,1,1,1,998980,8
empty,59,1,1020084081221,b0001048100d80,5,75,0,0,0,21,0,0,1,998980,0
empty,59,2,1020084081221,b0001048100d80,6,75,1,0,1,20,1,1,1,-998981,8
empty,59,3,1020084081221,b0001048100d80,6,74,0,0,0,19,0,0,1,998982,0
empty,59,4,1020084081221,b0001048100d80,5,74,1,0,1,22,1,1,1,-998979,8
empty,59,5,1020084081221,b0001048100d80,5,75,0,0,0,21,0,0,1,998980,0
empty,60,0,481812100018094,112000018400600,21,77,0,0,0,13,0,1,1,998988,3
empty,60,1,481812100018094,112000018400600,12,77,1,0,1,16,1,1,1,-998985,7
empty,60,2,481812100018094,112000018400600,12,78,0,0,0,15,0,1,1,998986,2
empty,60,3,481812100018094,112000018400600,13,78,1,0,1,14,1,1,1,-998987,7
empty,60,4,481812100018094,112000018400600,13,79,0,0,0,13,0,1,1,998988,2
empty,60,5,481812100018094,112000018400600,22,79,1,0,1,12,1,1,1,-998989,7
empty,61,0,2208092400001104,522800001300600,21,68,1,0,0,17,0,1,1,998984,6
empty,61,1,2208092400001104,522800001300600,21,59,0,0,1,16,0,1,1,-998985,3
empty,61,2,2208092400001104,522800001300600,30,59,1,0,0,15,0,1,1,998986,5
empty,61,3,2208092400001104,522800001300600,30,50,0,0,1,14,0,1,1,-998987,4
empty,61,4,2208092400001104,522800001300600,29,50,1,0,0,13,0,0,1,998988,5
empty,61,5,2208092400001104,522800001300600,29,49,0,0,1,14,0,1,1,-998987,4
empty,62,0,489290204484820,1002a010000100,5,75,0,0,0,25,0,0,1,998976,0
empty,62,1,489290204484820,1002a010000100,4,75,1,0,1,24,0,0,1,-998977,8
empty,62,2,489290204484820,1002a010000100,4,76,0,0,0,23,1,1,1,998978,1
empty,62,3,489290204484820,1002a010000100,13,76,1,0,1,22,1,1,1,-998979,8
empty,62,4,489290204484820,1002a010000100,13,67,0,0,0,21,0,0,1,998980,1
empty,62,5,489290204484820,1002a010000100,4,67,1,0,0,23,0,0,1,998978,7
empty,63,0,24a000080140224,8020140040284009,7,66,1,0,0,19,0,0,1,998982,7
empty,63,1,24a000080140224,8020140040284009,7,65,0,0,1,18,1,1,1,-998983,0
empty,63,2,24a000080140224,8020140040284009,16,65,1,0,0,17,0,0,1,998984,7
empty,63,3,24a000080140224,8020140040284009,16,66,0,0,1,20,1,1,1,-998981,0
empty,63,4,24a000080140224,8020140040284009,25,66,1,0,0,19,0,0,1,998982,7
empty,63,5,24a000080140224,8020140040284009,25,65,0,0,1,18,1,1,1,-998983,1
empty,64,0,21501180011428,4004010428800200,2,78,0,0,0,27,1,1,1,998974,1
empty,64,1,21501180011428,4004010428800200,3,78,1,0,0,29,1,1,1,998972,7
empty,64,2,21501180011428,4004010428800200,3,69,0,0,1,28,0,0,1,-998973,0
empty,64,3,21501180011428,4004010428800200,4,69,1,0,0,27,0,0,1,998974,7
empty,64,4,21501180011428,4004010428800200,4,78,0,0,0,27,0,0,1,998974,0
empty,64,5,21501180011428,4004010428800200,3,78,1,0,0,29,1,1,1,998972,7
empty,65,0,8500100800095,104c003241102,31,76,1,0,1,14,1,1,1,-998987,7
empty,65,1,8500100800095,104c003241102,31,77,0,0,0,13,0,1,1,998988,4
empty,65,2,8500100800095,104c003241102,32,77,1,0,1,16,1,1,1,-998985,7
empty,65,3,8500100800095,104c003241102,32,68,0,0,0,15,0,1,1,998986,4
empty,65,4,8500100800095,104c003241102,31,68,1,0,1,14,0,1,1,-998987,6
empty,65,5,8500100800095,104c003241102,31,59,0,0,0,13,0,1,1,998988,4
empty,66,0,854508020028200,308000019004011,15,74,1,0,1,22,1,1,1,-998979,8
empty,66,1,854508020028200,308000019004011,15,75,0,0,0,21,0,1,1,998980,2
empty,66,2,854508020028200,308000019004011,24,75,1,0,1,20,0,0,1,-998981,8
empty,66,3,854508020028200,308000019004011,24,74,0,0,0,19,0,1,1,998982,3
empty,66,4,854508020028200,308000019004011,23,74,1,0,1,20,1,1,1,-998981,8
empty,66,5,854508020028200,308000019004011,23,75,0,0,0,19,0,1,1,998982,2
empty,67,0,14000141880952,800040061000a004,3,74,1,0,1,22,1,1,1,-998979,7
empty,67,1,14000141880952,800040061000a004,3,73,0,0,0,21,1,1,1,998980,1
empty,67,2,14000141880952,800040061000a004,4,73,1,0,0,21,1,1,1,998980,7
empty,67,3,14000141880952,800040061000a004,4,64,0,0,1,20,0,0,1,-998981,0
empty,67,4,14000141880952,800040061000a004,5,64,1,0,0,19,0,1,1,998982,6
empty,67,5,14000141880952,800040061000a004,5,73,0,0,1,22,0,0,1,-998979,0
empty,68,0,1004025400020a0,ba0000001020810c,21,59,0,0,1,14,0,1,1,-998987,3
empty,68,1,1004025400020a0,ba0000001020810c,22,59,1,0,0,13,0,1,1,998988,5
empty,68,2,1004025400020a0,ba0000001020810c,22,60,0,0,0,11,0,1,1,998990,3
empty,68,3,1004025400020a0,ba0000001020810c,23,60,1,0,0,15,0,0,1,998986,6
empty,68,4,1004025400020a0,ba0000001020810c,23,59,0,0,1,14,0,1,1,-998987,2
empty,68,5,1004025400020a0,ba0000001020810c,22,59,1,0,0,13,0,1,1,998988,5
empty,69,0,50a0010100500044,204d000082281000,14,56,0,0,1,14,1,1,1,-998987,0
empty,69,1,50a0010100500044,204d000082281000,5,56,1,0,0,13,0,1,1,998988,5
empty,69,2,50a0010100500044,204d000082281000,5,47,0,0,1,12,1,1,1,-998989,0
empty,69,3,50a0010100500044,204d000082281000,4,47,1,0,0,11,0,1,1,998990,4
empty,69,4,50a0010100500044,204d000082281000,4,38,0,0,1,10,1,1,1,-998991,1
empty,69,5,50a0010100500044,204d000082281000,3,38,1,0,0,9,0,1,1,998992,3
empty,70,0,84001a01004,84402013a00002b0,24,76,0,0,0,17,0,0,1,998984,2
empty,70,1,84001a01004,84402013a00002b0,25,76,1,0,1,20,1,1,1,-998981,7
empty,70,2,84001a01004,84402013a00002b0,25,67,0,0,0,19,0,0,1,998982,2
empty,70,3,84001a01004,84402013a00002b0,26,67,1,0,0,19,0,1,1,998982,6
empty,70,4,84001a01004,84402013a00002b0,26,76,0,0,0,21,0,0,1,998980,2
empty,70,5,84001a01004,84402013a00002b0,25,76,1,0,1,20,1,1,1,-998981,7
empty,71,0,1212000028410800,2800182040089048,12,57,1,0,0,13,0,1,1,998988,5
empty,71,1,1212000028410800,2800182040089048,12,66,0,0,1,16,0,0,1,-998985,1
empty,71,2,1212000028410800,2800182040089048,11,66,1,0,0,15,0,1,1,998986,6
empty,71,3,1212000028410800,2800182040089048,11,57,0,0,1,14,0,1,1,-998987,2
empty,71,4,1212000028410800,2800182040089048,20,57,1,0,0,13,0,1,1,998988,5
empty,71,5,1212000028410800,2800182040089048,20,66,0,0,0,13,0,1,1,998988,3
empty,72,0,480540404042110,4200a01083400000,6,75,1,0,0,25,0,0,1,998976,8
empty,72,1,480540404042110,4200a01083400000,6,76,0,0,1,24,1,1,1,-998977,1
empty,72,2,480540404042110,4200a01083400000,15,76,1,0,0,23,1,1,1,998978,7
empty,72,3,480540404042110,4200a01083400000,15,67,0,0,1,22,0,0,1,-998979,1
empty,72,4,480540404042110,4200a01083400000,6,67,1,0,0,21,0,1,1,998980,6
empty,72,5,480540404042110,4200a01083400000,6,76,0,0,1,24,1,1,1,-998977,1
empty,73,0,40090008402452,8028003005080120,22,76,0,0,0,13,0,1,1,998988,3
empty,73,1,40090008402452,8028003005080120,13,76,1,0,1,16,1,1,1,-998985,7
empty,73,2,40090008402452,8028003005080120,13,67,0,0,0,15,0,1,1,998986,2
empty,73,3,40090008402452,8028003005080120,12,67,1,0,0,21,0,1,1,998980,6
empty,73,4,40090008402452,8028003005080120,12,58,0,0,1,20,0,0,1,-998981,1
empty,73,5,40090008402452,8028003005080120,11,58,1,0,0,19,0,0,1,998982,6
empty,74,0,12081008405004,c22800480002a010,13,75,0,0,1,20,0,0,1,-998981,1
empty,74,1,12081008405004,c22800480002a010,12,75,1,0,0,19,1,1,1,998982,7
empty,74,2,12081008405004,c22800480002a010,12,74,0,0,0,17,0,1,1,998984,2
empty,74,3,12081008405004,c22800480002a010,13,74,1,0,0,21,1,1,1,998980,7
empty,74,4,12081008405004,c22800480002a010,13,65,0,0,1,20,0,0,1,-998981,1
empty,74,5,12081008405004,c22800480002a010,12,65,1,0,0,19,0,0,1,998982,7
empty,75,0,41041400a2100504,b208820000020000,2,60,0,0,1,20,0,0,1,-998981,0
empty,75,1,41041400a2100504,b208820000020000,1,60,1,0,0,19,0,1,1,998982,5
empty,75,2,41041400a2100504,b208820000020000,1,61,0,0,1,22,1,1,1,-998979,1
empty,75,3,41041400a2100504,b208820000020000,10,61,1,0,0,21,0,1,1,998980,5
empty,75,4,41041400a2100504,b208820000020000,10,52,0,0,1,20,0,0,1,-998981,1
empty,75,5,41041400a2100504,b208820000020000,1,52,1,0,0,19,0,1,1,998982,4
empty,76,0,49024008800081,4000c628420c,22,78,0,0,0,13,0,1,1,998988,3
empty,76,1,49024008800081,4000c628420c,13,78,1,0,0,17,1,1,1,998984,7
empty,76,2,49024008800081,4000c628420c,13,77,0,0,1,16,0,1,1,-998985,2
empty,76,3,49024008800081,4000c628420c,4,77,1,0,0,15,1,1,1,998986,7
empty,76,4,49024008800081,4000c628420c,4,78,0,0,1,18,1,1,1,-998983,1
empty,76,5,49024008800081,4000c628420c,13,78,1,0,0,17,1,1,1,998984,7
empty,77,0,a01800810908000,104000b440024880,11,63,0,0,1,18,0,1,1,-998983,2
empty,77,1,a01800810908000,104000b440024880,20,63,1,0,0,17,0,0,1,998984,7
empty,77,2,a01800810908000,104000b440024880,20,72,0,0,0,15,0,1,1,998986,3
empty,77,3,a01800810908000,104000b440024880,29,72,1,0,1,14,1,1,1,-998987,7
empty,77,4,a01800810908000,104000b440024880,29,63,0,0,0,13,0,1,1,998988,4
empty,77,5,a01800810908000,104000b440024880,38,63,1,0,1,12,0,0,1,-998989,7
empty,78,0,4100012a1104800,700040090492,19,47,0,0,1,14,0,1,1,-998987,3
empty,78,1,4100012a1104800,700040090492,10,47,1,0,0,13,0,0,1,998988,5
empty,78,2,4100012a1104800,700040090492,10,46,0,0,1,16,0,1,1,-998985,2
empty,78,3,4100012a1104800,700040090492,9,46,1,0,0,15,0,0,1,998986,5
empty,78,4,4100012a1104800,700040090492,9,45,0,0,1,14,1,1,1,-998987,1
empty,78,5,4100012a1104800,700040090492,10,45,1,0,0,13,0,1,1,998988,4
empty,79,0,205840100024422,8008031080080011,12,58,0,0,1,12,0,0,1,-998989,1
empty,79,1,205840100024422,8008031080080011,11,58,1,0,0,11,0,1,1,998990,5
empty,79,2,205840100024422,8008031080080011,11,67,0,0,1,14,0,0,1,-998987,1
empty,79,3,205840100024422,8008031080080011,10,67,1,0,0,13,0,1,1,998988,6
empty,79,4,205840100024422,8008031080080011,10,68,0,0,1,16,0,1,1,-998985,2
empty,79,5,205840100024422,8008031080080011,11,68,1,0,0,15,0,1,1,998986,6
empty,80,0,15000024800a0800,4004020045102089,5,66,1,0,0,17,0,1,1,998984,6
empty,80,1,15000024800a0800,4004020045102089,5,67,0,0,1,16,1,1,1,-998985,1
empty,80,2,15000024800a0800,4004020045102089,14,67,1,0,0,15,0,1,1,998986,6
empty,80,3,15000024800a0800,4004020045102089,14,68,0,0,0,19,0,1,1,998982,2
empty,80,4,15000024800a0800,4004020045102089,13,68,1,0,0,17,0,1,1,998984,6
empty,80,5,15000024800a0800,4004020045102089,13,69,0,0,0,21,0,0,1,998980,1
empty,81,0,2802400028204140,580290200880001,3,76,1,0,1,22,0,0,1,-998979,8
empty,81,1,2802400028204140,580290200880001,3,77,0,0,0,21,1,1,1,998980,1
empty,81,2,2802400028204140,580290200880001,4,77,1,0,0,21,0,0,1,998980,8
empty,81,3,2802400028204140,580290200880001,4,76,0,0,0,23,1,1,1,998978,1
empty,81,4,2802400028204140,580290200880001,13,76,1,0,1,22,0,0,1,-998979,8
empty,81,5,2802400028204140,580290200880001,13,75,0,0,0,21,0,1,1,998980,2
empty,82,0,840542044108,14430811001004,13,78,1,0,1,14,1,1,1,-998987,7
empty,82,1,840542044108,14430811001004,13,77,0,0,0,13,0,1,1,998988,2
empty,82,2,840542044108,14430811001004,12,77,1,0,0,15,1,1,1,998986,7
empty,82,3,840542044108,14430811001004,12,68,0,0,1,14,0,1,1,-998987,2
empty,82,4,840542044108,14430811001004,13,68,1,0,0,13,0,1,1,998988,6
empty,82,5,840542044108,14430811001004,13,59,0,0,1,12,0,1,1,-998989,2
empty,83,0,5000820002012110,2005080051001a04,13,77,0,0,0,15,0,1,1,998986,2
empty,83,1,5000820002012110,2005080051001a04,22,77,1,0,1,14,0,0,1,-998987,8
empty,83,2,5000820002012110,2005080051001a04,22,76,0,0,0,13,0,1,1,998988,3
empty,83,3,5000820002012110,2005080051001a04,31,76,1,0,1,12,0,0,1,-998989,8
empty,83,4,5000820002012110,2005080051001a04,31,77,0,0,0,11,0,1,1,998990,4
empty,83,5,5000820002012110,2005080051001a04,22,77,1,0,1,14,0,0,1,-998987,8
empty,84,0,800282090888802,2304800300300000,4,74,0,0,1,18,1,1,1,-998983,1
empty,84,1,800282090888802,2304800300300000,3,74,1,0,0,17,1,1,1,998984,7
empty,84,2,800282090888802,2304800300300000,3,65,0,0,1,16,1,1,1,-998985,1
empty,84,3,800282090888802,2304800300300000,2,65,1,0,0,15,0,1,1,998986,6
empty,84,4,800282090888802,2304800300300000,2,56,0,0,1,14,0,0,1,-998987,0
empty,84,5,800282090888802,2304800300300000,3,56,1,0,0,13,0,1,1,998988,5
empty,85,0,404209000041010,a8000e0029804004,15,68,1,0,1,16,0,1,1,-998985,6
empty,85,1,404209000041010,a8000e0029804004,15,67,0,0,0,15,0,1,1,998986,2
empty,85,2,404209000041010,a8000e0029804004,6,67,1,0,0,17,0,1,1,998984,6
empty,85,3,404209000041010,a8000e0029804004,6,76,0,0,0,17,1,1,1,998984,1
empty,85,4,404209000041010,a8000e0029804004,7,76,1,0,0,19,1,1,1,998982,7
empty,85,5,404209000041010,a8000e0029804004,7,67,0,0,1,18,1,1,1,-998983,1
empty,86,0,2250250400020000,1920502004001102,12,65,1,0,0,17,0,1,1,998984,6
empty,86,1,2250250400020000,1920502004001102,12,56,0,0,1,16,0,1,1,-998985,2
empty,86,2,2250250400020000,1920502004001102,13,56,1,0,0,15,0,0,1,998986,6
empty,86,3,2250250400020000,1920502004001102,13,55,0,0,0,15,0,1,1,998986,2
empty,86,4,2250250400020000,1920502004001102,12,55,1,0,0,17,0,0,1,998984,6
empty,86,5,2250250400020000,1920502004001102,12,54,0,0,0,17,0,1,1,998984,2
empty,87,0,92a400040100010,408000012c810086,16,75,1,0,0,21,0,0,1,998980,8
empty,87,1,92a400040100010,408000012c810086,16,74,0,0,1,20,0,1,1,-998981,2
empty,87,2,92a400040100010,408000012c810086,15,74,1,0,0,19,1,1,1,998982,7
empty,87,3,92a400040100010,408000012c810086,15,75,0,0,1,22,0,1,1,-998979,2
empty,87,4,92a400040100010,408000012c810086,6,75,1,0,0,21,0,0,1,998980,8
empty,87,5,92a400040100010,408000012c810086,6,76,0,0,1,24,1,1,1,-998977,1
empty,88,0,200802042504048,1080000304280412,14,58,0,0,1,20,0,1,1,-998981,2
empty,88,1,200802042504048,1080000304280412,23,58,1,0,0,19,0,1,1,998982,5
empty,88,2,200802042504048,1080000304280412,23,49,0,0,1,18,0,0,1,-998983,2
empty,88,3,200802042504048,1080000304280412,22,49,1,0,0,17,0,1,1,998984,4
empty,88,4,200802042504048,1080000304280412,22,40,0,0,1,16,0,0,1,-998985,1
empty,88,5,200802042504048,1080000304280412,13,40,1,0,0,15,0,1,1,998986,4
empty,89,0,4020411428a1004,1008c00000002881,4,58,0,0,1,20,1,1,1,-998981,0
empty,89,1,4020411428a1004,1008c00000002881,13,58,1,0,0,19,0,1,1,998982,5
empty,89,2,4020411428a1004,1008c00000002881,13,67,0,0,1,22,0,0,1,-998979,0
empty,89,3,4020411428a1004,1008c00000002881,4,67,1,0,0,21,0,1,1,998980,6
empty,89,4,4020411428a1004,1008c00000002881,4,58,0,0,1,20,1,1,1,-998981,0
empty,89,5,4020411428a1004,1008c00000002881,13,58,1,0,0,19,0,1,1,998982,5
empty,90,0,a0088008000a80,88000620403e0010,13,77,0,0,1,20,0,0,1,-998981,1
empty,90,1,a0088008000a80,88000620403e0010,4,77,1,0,0,19,1,1,1,998982,7
empty,90,2,a0088008000a80,88000620403e0010,4,76,0,0,1,18,1,1,1,-998983,1
empty,90,3,a0088008000a80,88000620403e0010,13,76,1,0,0,17,1,1,1,998984,7
empty,90,4,a0088008000a80,88000620403e0010,13,67,0,0,1,16,0,0,1,-998985,1
empty,90,5,a0088008000a80,88000620403e0010,12,67,1,0,0,15,0,1,1,998986,6
empty,91,0,2420010148441208,582400008012,3,79,0,0,1,18,0,0,1,-998983,0
empty,91,1,2420010148441208,582400008012,4,79,1,0,0,17,1,1,1,998984,7
empty,91,2,2420010148441208,582400008012,4,70,0,0,1,16,0,0,1,-998985,0
empty,91,3,2420010148441208,582400008012,3,70,1,0,0,15,0,1,1,998986,6
empty,91,4,2420010148441208,582400008012,3,61,0,0,1,14,0,0,1,-998987,0
empty,91,5,2420010148441208,582400008012,2,61,1,0,0,13,0,1,1,998988,5
empty,92,0,844245000100884,608000022800308,13,59,0,0,1,20,0,0,1,-998981,1
empty,92,1,844245000100884,608000022800308,4,59,1,0,0,19,0,0,1,998982,6
empty,92,2,844245000100884,608000022800308,4,68,0,0,1,22,1,1,1,-998979,1
empty,92,3,844245000100884,608000022800308,5,68,1,0,0,21,0,1,1,998980,6
empty,92,4,844245000100884,608000022800308,5,67,0,0,1,20,1,1,1,-998981,1
empty,92,5,844245000100884,608000022800308,6,67,1,0,0,19,0,1,1,998982,6
empty,93,0,291a848010510,18000110200006,15,77,0,0,0,23,1,1,1,998978,1
empty,93,1,291a848010510,18000110200006,16,77,1,0,0,27,1,1,1,998974,8
empty,93,2,291a848010510,18000110200006,16,68,0,0,0,25,1,1,1,998976,1
empty,93,3,291a848010510,18000110200006,25,68,1,0,0,29,0,1,1,998972,6
empty,93,4,291a848010510,18000110200006,25,59,0,0,1,28,1,1,1,-998973,1
empty,93,5,291a848010510,18000110200006,16,59,1,0,0,27,0,0,1,998974,6
empty,94,0,8891040020029049,400006408010020,4,77,1,0,0,25,1,1,1,998976,7
empty,94,1,8891040020029049,400006408010020,4,76,0,0,0,29,0,0,1,998972,0
empty,94,2,8891040020029049,400006408010020,5,76,1,0,1,28,0,0,1,-998973,8
empty,94,3,8891040020029049,400006408010020,5,77,0,0,0,27,1,1,1,998974,1
empty,94,4,8891040020029049,400006408010020,14,77,1,0,1,26,1,1,1,-998975,7
empty,94,5,8891040020029049,400006408010020,14,76,0,0,0,23,0,0,1,998978,1
empty,95,0,2a084400000540,4090000120032016,12,75,1,0,1,22,1,1,1,-998979,7
empty,95,1,2a084400000540,4090000120032016,12,66,0,0,0,21,0,0,1,998980,1
empty,95,2,2a084400000540,4090000120032016,3,66,1,0,1,24,0,0,1,-998977,7
empty,95,3,2a084400000540,4090000120032016,3,75,0,0,0,23,1,1,1,998978,1
empty,95,4,2a084400000540,4090000120032016,4,75,1,0,1,22,1,1,1,-998979,7
empty,95,5,2a084400000540,4090000120032016,4,74,0,0,0,21,1,1,1,998980,1
empty,96,0,208a221000001504,4200c2086100000,2,66,0,0,1,30,0,0,1,-998971,0
empty,96,1,208a221000001504,4200c2086100000,1,66,1,0,0,29,0,0,1,998972,8
empty,96,2,208a221000001504,4200c2086100000,1,67,0,0,1,28,1,1,1,-998973,1
empty,96,3,208a221000001504,4200c2086100000,10,67,1,0,0,27,0,0,1,998974,8
empty,96,4,208a221000001504,4200c2086100000,10,68,0,0,1,30,0,0,1,-998971,1
empty,96,5,208a221000001504,4200c2086100000,9,68,1,0,0,29,1,1,1,998972,7
empty,97,0,2001410000002022,402490024012400d,21,58,1,0,0,11,0,1,1,998990,5
empty,97,1,2001410000002022,402490024012400d,21,57,0,0,1,12,0,1,1,-998989,3
empty,97,2,2001410000002022,402490024012400d,12,57,1,0,0,11,0,1,1,998990,5
empty,97,3,2001410000002022,402490024012400d,12,58,0,0,1,12,0,1,1,-998989,2
empty,97,4,2001410000002022,402490024012400d,3,58,1,0,0,11,0,1,1,998990,5
empty,97,5,2001410000002022,402490024012400d,3,67,0,0,1,14,1,1,1,-998987,1
empty,98,0,a0008000088a1000,4500681420008102,13,77,0,0,1,22,0,0,1,-998979,1
empty,98,1,a0008000088a1000,4500681420008102,4,77,1,0,0,21,0,0,1,998980,8
empty,98,2,a0008000088a1000,4500681420008102,4,78,0,0,1,24,1,1,1,-998977,1
empty,98,3,a0008000088a1000,4500681420008102,13,78,1,0,0,23,0,0,1,998978,8
empty,98,4,a0008000088a1000,4500681420008102,13,77,0,0,1,22,0,0,1,-998979,1
empty,98,5,a0008000088a1000,4500681420008102,12,77,1,0,0,21,0,0,1,998980,8
empty,99,0,812100020,4b00758224000081,4,68,0,0,1,18,1,1,1,-998983,1
empty,99,1,812100020,4b00758224000081,13,68,1,0,0,17,0,1,1,998984,6
empty,99,2,812100020,4b00758224000081,13,67,0,0,0,17,0,1,1,998984,2
empty,99,3,812100020,4b00758224000081,22,67,1,0,1,16,1,1,1,-998985,7
empty,99,4,812100020,4b00758224000081,22,68,0,0,0,15,0,0,1,998986,2
empty,99,5,812100020,4b00758224000081,21,68,1,0,0,17,0,1,1,998984,6
empty,100,0,100a009050820844,800080600000040b,15,69,0,0,1,26,0,1,1,-998975,2
empty,100,1,100a009050820844,800080600000040b,24,69,1,0,0,25,0,1,1,998976,6
empty,100,2,100a009050820844,800080600000040b,24,60,0,0,1,24,0,1,1,-998977,3
empty,100,3,100a009050820844,800080600000040b,15,60,1,0,0,23,0,1,1,998978,6
empty,100,4,100a009050820844,800080600000040b,15,69,0,0,1,26,0,1,1,-998975,2
empty,100,5,100a009050820844,800080600000040b,14,69,1,0,0,25,0,1,1,998976,6
empty,101,0,144001802800,b0030004304681,11,76,1,0,1,16,1,1,1,-998985,7
empty,101,1,144001802800,b0030004304681,11,75,0,0,0,15,0,1,1,998986,2
empty,101,2,144001802800,b0030004304681,2,75,1,0,1,18,1,1,1,-998983,7
empty,101,3,144001802800,b0030004304681,2,66,0,0,0,17,1,1,1,998984,1
empty,101,4,144001802800,b0030004304681,3,66,1,0,0,19,1,1,1,998982,7
empty,101,5,144001802800,b0030004304681,3,67,0,0,0,19,1,1,1,998982,0
empty,102,0,5120880080442004,820012000421000a,6,56,0,0,1,14,1,1,1,-998987,1
empty,102,1,5120880080442004,820012000421000a,15,56,1,0,0,13,0,1,1,998988,5
empty,102,2,5120880080442004,820012000421000a,15,57,0,0,1,16,0,0,1,-998985,1
empty,102,3,5120880080442004,820012000421000a,16,57,1,0,0,15,0,0,1,998986,6
empty,102,4,5120880080442004,820012000421000a,16,56,0,0,1,14,0,1,1,-998987,2
empty,102,5,5120880080442004,820012000421000a,15,56,1,0,0,13,0,1,1,998988,5
empty,103,0,422200018a000008,a0004488240001c0,15,77,0,0,0,17,0,1,1,998984,2
empty,103,1,422200018a000008,a0004488240001c0,24,77,1,0,1,16,1,1,1,-998985,7
empty,103,2,422200018a000008,a0004488240001c0,24,76,0,0,0,15,0,1,1,998986,3
empty,103,3,422200018a000008,a0004488240001c0,23,76,1,0,1,14,1,1,1,-998987,7
empty,103,4,422200018a000008,a0004488240001c0,23,67,0,0,0,13,0,1,1,998988,3
empty,103,5,422200018a000008,a0004488240001c0,22,67,1,0,0,15,0,1,1,998986,6
empty,104,0,1081880941248800,530008001200,4,57,1,0,0,15,0,0,1,998986,6
empty,104,1,1081880941248800,530008001200,4,58,0,0,1,18,1,1,1,-998983,0
empty,104,2,1081880941248800,530008001200,13,58,1,0,0,17,0,0,1,998984,6
empty,104,3,1081880941248800,530008001200,13,57,0,0,1,16,0,0,1,-998985,0
empty,104,4,1081880941248800,530008001200,4,57,1,0,0,15,0,0,1,998986,6
empty,104,5,1081880941248800,530008001200,4,58,0,0,1,18,1,1,1,-998983,0
empty,105,0,89000481000022,11009062000900d0,0,74,0,0,1,20,1,1,1,-998981,1
empty,105,1,89000481000022,11009062000900d0,1,74,1,0,0,19,1,1,1,998982,7
empty,105,2,89000481000022,11009062000900d0,1,65,0,0,1,18,0,0,1,-998983,0
empty,105,3,89000481000022,11009062000900d0,0,65,1,0,0,17,0,1,1,998984,6
empty,105,4,89000481000022,11009062000900d0,0,64,0,0,1,20,1,1,1,-998981,1
empty,105,5,89000481000022,11009062000900d0,9,64,1,0,0,19,0,0,1,998982,7
empty,106,0,284000089044202,2000d10830000804,15,76,1,0,0,17,1,1,1,998984,7
empty,106,1,284000089044202,2000d10830000804,15,77,0,0,1,16,0,0,1,-998985,1
empty,106,2,284000089044202,2000d10830000804,16,77,1,0,0,15,1,1,1,998986,7
empty,106,3,284000089044202,2000d10830000804,16,76,0,0,1,18,0,0,1,-998983,1
empty,106,4,284000089044202,2000d10830000804,15,76,1,0,0,17,1,1,1,998984,7
empty,106,5,284000089044202,2000d10830000804,15,77,0,0,1,16,0,0,1,-998985,1
empty,107,0,4100201400121090,800960000840023,12,62,0,0,1,16,0,1,1,-998985,2
empty,107,1,4100201400121090,800960000840023,21,62,1,0,0,15,0,1,1,998986,5
empty,107,2,4100201400121090,800960000840023,21,71,0,0,0,17,0,1,1,998984,3
empty,107,3,4100201400121090,800960000840023,22,71,1,0,0,17,0,1,1,998984,6
empty,107,4,4100201400121090,800960000840023,22,80,0,0,0,19,0,0,1,998982,2
empty,107,5,4100201400121090,800960000840023,21,80,1,0,1,18,1,1,1,-998983,7
empty,108,0,2885441200180,1000200090431020,4,74,0,0,1,24,1,1,1,-998977,1
empty,108,1,2885441200180,1000200090431020,3,74,1,0,0,23,1,1,1,998978,7
empty,108,2,2885441200180,1000200090431020,3,73,0,0,1,22,1,1,1,-998979,1
empty,108,3,2885441200180,1000200090431020,4,73,1,0,0,21,1,1,1,998980,7
empty,108,4,2885441200180,1000200090431020,4,72,0,0,1,20,1,1,1,-998981,1
empty,108,5,2885441200180,1000200090431020,5,72,1,0,0,19,1,1,1,998982,7
empty,109,0,2000800291540809,82004a000c000100,3,68,1,0,0,19,0,1,1,998982,6
empty,109,1,2000800291540809,82004a000c000100,3,67,0,0,1,22,0,0,1,-998979,0
empty,109,2,2000800291540809,82004a000c000100,2,67,1,0,0,21,0,1,1,998980,6
empty,109,3,2000800291540809,82004a000c000100,2,76,0,0,0,23,1,1,1,998978,1
empty,109,4,2000800291540809,82004a000c000100,1,76,1,0,0,23,1,1,1,998978,7
empty,109,5,2000800291540809,82004a000c000100,1,67,0,0,1,22,0,0,1,-998979,0
empty,110,0,2001040800408288,410024000a61900,5,67,0,0,1,16,1,1,1,-998985,1
empty,110,1,2001040800408288,410024000a61900,4,67,1,0,0,15,0,1,1,998986,6
empty,110,2,2001040800408288,410024000a61900,4,58,0,0,1,14,0,0,1,-998987,0
empty,110,3,2001040800408288,410024000a61900,5,58,1,0,0,13,0,1,1,998988,5
empty,110,4,2001040800408288,410024000a61900,5,67,0,0,1,16,1,1,1,-998985,1
empty,110,5,2001040800408288,410024000a61900,6,67,1,0,0,15,0,1,1,998986,6
empty,111,0,195410000880421,8017004804,24,67,1,0,1,18,0,0,1,-998983,7
empty,111,1,195410000880421,8017004804,24,68,0,0,0,17,0,1,1,998984,3
empty,111,2,195410000880421,8017004804,15,68,1,0,1,20,0,0,1,-998981,7
empty,111,3,195410000880421,8017004804,15,69,0,0,0,19,0,1,1,998982,2
empty,111,4,195410000880421,8017004804,14,69,1,0,0,17,0,1,1,998984,6
empty,111,5,195410000880421,8017004804,14,60,0,0,1,16,0,1,1,-998985,2
empty,112,0,12000080050540,8b004d0008029000,12,69,1,0,0,15,0,1,1,998986,6
empty,112,1,12000080050540,8b004d0008029000,12,70,0,0,1,18,0,0,1,-998983,1
empty,112,2,12000080050540,8b004d0008029000,13,70,1,0,0,17,0,1,1,998984,6
empty,112,3,12000080050540,8b004d0008029000,13,69,0,0,1,16,0,1,1,-998985,2
empty,112,4,12000080050540,8b004d0008029000,12,69,1,0,0,15,0,1,1,998986,6
empty,112,5,12000080050540,8b004d0008029000,12,60,0,0,1,14,0,0,1,-998987,1
empty,113,0,8482010024902,4031004200810011,12,66,0,0,0,19,0,0,1,998982,1
empty,113,1,8482010024902,4031004200810011,3,66,1,0,0,21,0,0,1,998980,7
empty,113,2,8482010024902,4031004200810011,3,75,0,0,0,21,1,1,1,998980,1
empty,113,3,8482010024902,4031004200810011,4,75,1,0,0,23,1,1,1,998978,7
empty,113,4,8482010024902,4031004200810011,4,66,0,0,1,22,1,1,1,-998979,1
empty,113,5,8482010024902,4031004200810011,3,66,1,0,0,21,0,0,1,998980,7
empty,114,0,142000808004a,90244013608004,5,77,0,0,1,16,1,1,1,-998985,1
empty,114,1,142000808004a,90244013608004,4,77,1,0,0,15,1,1,1,998986,7
empty,114,2,142000808004a,90244013608004,4,76,0,0,1,18,0,0,1,-998983,0
empty,114,3,142000808004a,90244013608004,3,76,1,0,0,17,1,1,1,998984,7
empty,114,4,142000808004a,90244013608004,3,67,0,0,1,16,0,0,1,-998985,0
empty,114,5,142000808004a,90244013608004,4,67,1,0,0,15,0,1,1,998986,6
empty,115,0,4000524,64821800a0540811,2,59,1,0,0,13,0,1,1,998988,5
empty,115,1,4000524,64821800a0540811,2,68,0,0,1,16,0,0,1,-998985,0
empty,115,2,4000524,64821800a0540811,1,68,1,0,0,15,0,1,1,998986,6
empty,115,3,4000524,64821800a0540811,1,67,0,0,1,14,1,1,1,-998987,0
empty,115,4,4000524,64821800a0540811,10,67,1,0,0,13,0,1,1,998988,6
empty,115,5,4000524,64821800a0540811,10,68,0,0,1,16,0,0,1,-998985,0
empty,116,0,8542088204a8400,9000100100002880,3,65,0,0,1,18,1,1,1,-998983,1
empty,116,1,8542088204a8400,9000100100002880,2,65,1,0,0,17,0,0,1,998984,7
empty,116,2,8542088204a8400,9000100100002880,2,66,0,0,1,20,1,1,1,-998981,1
empty,116,3,8542088204a8400,9000100100002880,3,66,1,0,0,19,0,0,1,998982,7
empty,116,4,8542088204a8400,9000100100002880,3,65,0,0,1,18,1,1,1,-998983,1
empty,116,5,8542088204a8400,9000100100002880,12,65,1,0,0,17,0,0,1,998984,7
empty,117,0,824088012012000,4a104008900940,14,78,0,0,0,25,0,0,1,998976,0
empty,117,1,824088012012000,4a104008900940,5,78,1,0,1,24,1,1,1,-998977,8
empty,117,2,824088012012000,4a104008900940,5,69,0,0,0,23,1,1,1,998978,0
empty,117,3,824088012012000,4a104008900940,6,69,1,0,1,26,0,0,1,-998975,8
empty,117,4,824088012012000,4a104008900940,6,78,0,0,0,25,1,1,1,998976,0
empty,117,5,824088012012000,4a104008900940,5,78,1,0,1,24,1,1,1,-998977,8
empty,118,0,211892580852200,420400200400000,11,77,0,0,0,21,0,0,1,998980,1
empty,118,1,211892580852200,420400200400000,2,77,1,0,0,21,1,1,1,998980,8
empty,118,2,211892580852200,420400200400000,2,76,0,0,0,23,1,1,1,998978,1
empty,118,3,211892580852200,420400200400000,11,76,1,0,1,22,1,1,1,-998979,7
empty,118,4,211892580852200,420400200400000,11,75,0,0,0,21,0,0,1,998980,1
empty,118,5,211892580852200,420400200400000,2,75,1,0,0,21,1,1,1,998980,7
empty,119,0,2000410000044044,b00025801ca2,5,67,0,0,1,14,1,1,1,-998987,1
empty,119,1,2000410000044044,b00025801ca2,4,67,1,0,0,13,0,1,1,998988,6
empty,119,2,2000410000044044,b00025801ca2,4,66,0,0,1,16,1,1,1,-998985,1
empty,119,3,2000410000044044,b00025801ca2,13,66,1,0,0,15,0,1,1,998986,6
empty,119,4,2000410000044044,b00025801ca2,13,57,0,0,1,14,0,1,1,-998987,2
empty,119,5,2000410000044044,b00025801ca2,22,57,1,0,0,13,0,1,1,998988,5
empty,120,0,2124201000884540,90420804000810,11,61,0,0,1,16,0,0,1,-998985,0
empty,120,1,2124201000884540,90420804000810,12,61,1,0,0,15,0,1,1,998986,5
empty,120,2,2124201000884540,90420804000810,12,52,0,0,1,14,0,0,1,-998987,0
empty,120,3,2124201000884540,90420804000810,11,52,1,0,0,13,0,1,1,998988,4
empty,120,4,2124201000884540,90420804000810,11,61,0,0,1,16,0,0,1,-998985,0
empty,120,5,2124201000884540,90420804000810,12,61,1,0,0,15,0,1,1,998986,5
empty,121,0,1204844000118100,80004021d0040042,18,65,1,0,0,17,0,0,1,998984,7
empty,121,1,1204844000118100,80004021d0040042,18,64,0,0,1,16,0,0,1,-998985,2
empty,121,2,1204844000118100,80004021d0040042,19,64,1,0,0,15,0,1,1,998986,6
empty,121,3,1204844000118100,80004021d0040042,19,55,0,0,1,14,0,0,1,-998987,2
empty,121,4,1204844000118100,80004021d0040042,18,55,1,0,0,13,0,1,1,998988,5
empty,121,5,1204844000118100,80004021d0040042,18,54,0,0,1,16,0,0,1,-998985,2
empty,122,0,180010081000045,1428401960100200,3,76,1,0,0,15,1,1,1,998986,7
empty,122,1,180010081000045,1428401960100200,3,67,0,0,1,14,0,0,1,-998987,0
empty,122,2,180010081000045,1428401960100200,4,67,1,0,0,13,0,1,1,998988,6
empty,122,3,180010081000045,1428401960100200,4,58,0,0,1,12,1,1,1,-998989,1
empty,122,4,180010081000045,1428401960100200,3,58,1,0,0,11,0,1,1,998990,5
empty,122,5,180010081000045,1428401960100200,3,59,0,0,1,12,0,0,1,-998989,0
empty,123,0,2821008108420020,210062040288002,19,58,1,0,0,15,0,1,1,998986,5
empty,123,1,2821008108420020,210062040288002,19,57,0,0,1,16,0,0,1,-998985,2
empty,123,2,2821008108420020,210062040288002,18,57,1,0,0,15,0,1,1,998986,5
empty,123,3,2821008108420020,210062040288002,18,48,0,0,1,14,0,1,1,-998987,3
empty,123,4,2821008108420020,210062040288002,19,48,1,0,0,13,0,1,1,998988,4
empty,123,5,2821008108420020,210062040288002,19,39,0,0,1,12,0,0,1,-998989,2
empty,124,0,4a0481008422001,40042001c0091000,4,76,0,0,0,21,1,1,1,998980,1
empty,124,1,4a0481008422001,40042001c0091000,5,76,1,0,1,24,1,1,1,-998977,7
empty,124,2,4a0481008422001,40042001c0091000,5,75,0,0,0,23,1,1,1,998978,0
empty,124,3,4a0481008422001,40042001c0091000,6,75,1,0,0,23,0,0,1,998978,8
empty,124,4,4a0481008422001,40042001c0091000,6,74,0,0,1,22,1,1,1,-998979,0
empty,124,5,4a0481008422001,40042001c0091000,5,74,1,0,0,21,0,0,1,998980,8
empty,125,0,2028000004228000,80010ca05080102c,12,75,1,0,1,18,1,1,1,-998983,7
empty,125,1,2028000004228000,80010ca05080102c,12,66,0,0,0,17,0,1,1,998984,2
empty,125,2,2028000004228000,80010ca05080102c,3,66,1,0,0,19,0,0,1,998982,7
empty,125,3,2028000004228000,80010ca05080102c,3,75,0,0,0,19,1,1,1,998982,1
empty,125,4,2028000004228000,80010ca05080102c,12,75,1,0,1,18,1,1,1,-998983,7
empty,125,5,2028000004228000,80010ca05080102c,12,74,0,0,0,17,0,1,1,998984,2
empty,126,0,805000141040480,6000c22008108140,5,76,1,0,0,17,0,0,1,998984,8
empty,126,1,805000141040480,6000c22008108140,5,75,0,0,0,15,1,1,1,998986,1
empty,126,2,805000141040480,6000c22008108140,14,75,1,0,1,14,0,0,1,-998987,8
empty,126,3,805000141040480,6000c22008108140,14,76,0,0,0,13,0,1,1,998988,2
empty,126,4,805000141040480,6000c22008108140,15,76,1,0,0,17,0,0,1,998984,8
empty,126,5,805000141040480,6000c22008108140,15,77,0,0,1,16,0,1,1,-998985,2
empty,127,0,402a144120120000,1400091002040084,12,58,0,0,1,20,0,1,1,-998981,2
empty,127,1,402a144120120000,1400091002040084,3,58,1,0,0,19,0,0,1,998982,6
empty,127,2,402a144120120000,1400091002040084,3,59,0,0,1,18,1,1,1,-998983,1
empty,127,3,402a144120120000,1400091002040084,4,59,1,0,0,17,0,0,1,998984,6
empty,127,4,402a144120120000,1400091002040084,4,60,0,0,1,16,1,1,1,-998985,1
empty,127,5,402a144120120000,1400091002040084,3,60,1,0,0,15,0,1,1,998986,5
empty,128,0,150010200410824,10004000250a1102,4,65,1,0,0,21,0,1,1,998980,6
empty,128,1,150010200410824,10004000250a1102,4,56,0,0,1,20,1,1,1,-998981,1
empty,128,2,150010200410824,10004000250a1102,13,56,1,0,0,19,0,1,1,998982,5
empty,128,3,150010200410824,10004000250a1102,13,55,0,0,0,19,0,0,1,998982,1
empty,128,4,150010200410824,10004000250a1102,12,55,1,0,1,18,0,0,1,-998983,6
empty,128,5,150010200410824,10004000250a1102,12,54,0,0,0,17,0,0,1,998984,1
empty,129,0,a052000428900,200a0050016003,6,73,1,0,1,22,1,1,1,-998979,7
empty,129,1,a052000428900,200a0050016003,6,72,0,0,0,21,1,1,1,998980,0
empty,129,2,a052000428900,200a0050016003,5,72,1,0,1,20,1,1,1,-998981,7
empty,129,3,a052000428900,200a0050016003,5,63,0,0,0,19,1,1,1,998982,1
empty,129,4,a052000428900,200a0050016003,14,63,1,0,1,18,1,1,1,-998983,7
empty,129,5,a052000428900,200a0050016003,14,64,0,0,0,17,0,1,1,998984,2
empty,130,0,9080440900402405,82012002000d000,5,77,0,0,1,22,1,1,1,-998979,0
empty,130,1,9080440900402405,82012002000d000,6,77,1,0,0,21,0,0,1,998980,8
empty,130,2,9080440900402405,82012002000d000,6,78,0,0,1,20,1,1,1,-998981,0
empty,130,3,9080440900402405,82012002000d000,7,78,1,0,0,19,1,1,1,998982,7
empty,130,4,9080440900402405,82012002000d000,7,77,0,0,1,22,1,1,1,-998979,0
empty,130,5,9080440900402405,82012002000d000,16,77,1,0,0,21,0,0,1,998980,8
empty,131,0,1124010940080240,c000100002443004,23,77,0,0,0,15,0,1,1,998986,3
empty,131,1,1124010940080240,c000100002443004,14,77,1,0,1,18,0,0,1,-998983,8
empty,131,2,1124010940080240,c000100002443004,14,76,0,0,0,17,0,1,1,998984,2
empty,131,3,1124010940080240,c000100002443004,23,76,1,0,1,16,0,0,1,-998985,8
empty,131,4,1124010940080240,c000100002443004,23,75,0,0,0,15,0,1,1,998986,3
empty,131,5,1124010940080240,c000100002443004,32,75,1,0,1,14,1,1,1,-998987,7
empty,132,0,1202a02010080080,c100020902001148,5,48,1,0,0,11,0,1,1,998990,4
empty,132,1,1202a02010080080,c100020902001148,5,39,0,0,1,10,1,1,1,-998991,1
empty,132,2,1202a02010080080,c100020902001148,4,39,1,0,0,9,0,1,1,998992,3
empty,132,3,1202a02010080080,c100020902001148,4,48,0,0,1,12,1,1,1,-998989,1
empty,132,4,1202a02010080080,c100020902001148,13,48,1,0,0,11,0,1,1,998990,4
empty,132,5,1202a02010080080,c100020902001148,13,39,0,0,1,10,0,1,1,-998991,2
empty,133,0,900411200410120a,440300a00140,22,66,0,0,0,19,0,0,1,998982,2
empty,133,1,900411200410120a,440300a00140,23,66,1,0,0,21,0,0,1,998980,7
empty,133,2,900411200410120a,440300a00140,23,67,0,0,1,20,0,0,1,-998981,2
empty,133,3,900411200410120a,440300a00140,22,67,1,0,0,19,1,1,1,998982,7
empty,133,4,900411200410120a,440300a00140,22,68,0,0,1,18,0,0,1,-998983,2
empty,133,5,900411200410120a,440300a00140,23,68,1,0,0,17,1,1,1,998984,7
empty,134,0,41020000408480,4920441100800914,16,68,0,0,1,14,0,0,1,-998987,1
empty,134,1,41020000408480,4920441100800914,17,68,1,0,0,13,0,1,1,998988,6
empty,134,2,41020000408480,4920441100800914,17,67,0,0,1,14,0,0,1,-998987,1
empty,134,3,41020000408480,4920441100800914,16,67,1,0,0,13,0,1,1,998988,6
empty,134,4,41020000408480,4920441100800914,16,68,0,0,1,14,0,0,1,-998987,1
empty,134,5,41020000408480,4920441100800914,17,68,1,0,0,13,0,1,1,998988,6
empty,135,0,a1400008a0100011,28402011000c408,33,58,1,0,0,15,0,1,1,998986,5
empty,135,1,a1400008a0100011,28402011000c408,33,67,0,0,1,18,0,0,1,-998983,2
empty,135,2,a1400008a0100011,28402011000c408,24,67,1,0,0,17,0,1,1,998984,6
empty,135,3,a1400008a0100011,28402011000c408,24,68,0,0,1,20,0,1,1,-998981,2
empty,135,4,a1400008a0100011,28402011000c408,15,68,1,0,0,19,0,1,1,998982,6
empty,135,5,a1400008a0100011,28402011000c408,15,67,0,0,1,18,0,1,1,-998983,2
empty,136,0,5014281120014042,401800208020800,23,76,1,0,1,18,0,0,1,-998983,8
empty,136,1,5014281120014042,401800208020800,23,75,0,0,0,17,0,1,1,998984,3
empty,136,2,5014281120014042,401800208020800,32,75,1,0,1,16,1,1,1,-998985,7
empty,136,3,5014281120014042,401800208020800,32,76,0,0,0,15,0,0,1,998986,3
empty,136,4,5014281120014042,401800208020800,23,76,1,0,1,18,0,0,1,-998983,8
empty,136,5,5014281120014042,401800208020800,23,77,0,0,0,17,0,1,1,998984,3
empty,137,0,2011021400101,2009c00100064098,30,74,0,0,0,9,0,1,1,998992,4
empty,137,1,2011021400101,2009c00100064098,21,74,1,0,1,12,1,1,1,-998989,7
empty,137,2,2011021400101,2009c00100064098,21,73,0,0,0,11,0,1,1,998990,3
empty,137,3,2011021400101,2009c00100064098,22,73,1,0,1,14,1,1,1,-998987,7
empty,137,4,2011021400101,2009c00100064098,22,74,0,0,0,13,0,1,1,998988,3
empty,137,5,2011021400101,2009c00100064098,31,74,1,0,1,12,1,1,1,-998989,7
empty,138,0,412400220000a00,48128100089061,3,77,0,0,1,22,1,1,1,-998979,0
empty,138,1,412400220000a00,48128100089061,2,77,1,0,0,21,1,1,1,998980,8
empty,138,2,412400220000a00,48128100089061,2,76,0,0,1,24,1,1,1,-998977,0
empty,138,3,412400220000a00,48128100089061,11,76,1,0,0,23,1,1,1,998978,8
empty,138,4,412400220000a00,48128100089061,11,75,0,0,1,22,0,0,1,-998979,0
empty,138,5,412400220000a00,48128100089061,10,75,1,0,0,21,0,0,1,998980,8
empty,139,0,415120444020502,8045002040800,5,74,1,0,1,18,0,0,1,-998983,8
empty,139,1,415120444020502,8045002040800,5,75,0,0,0,17,1,1,1,998984,1
empty,139,2,415120444020502,8045002040800,4,75,1,0,1,20,0,0,1,-998981,8
empty,139,3,415120444020502,8045002040800,4,76,0,0,0,19,1,1,1,998982,1
empty,139,4,415120444020502,8045002040800,5,76,1,0,1,18,1,1,1,-998983,7
empty,139,5,415120444020502,8045002040800,5,77,0,0,0,17,1,1,1,998984,1
empty,140,0,800000010800404,45a016200821004a,5,75,0,0,0,17,1,1,1,998984,1
empty,140,1,800000010800404,45a016200821004a,6,75,1,0,1,16,0,0,1,-998985,8
empty,140,2,800000010800404,45a016200821004a,6,76,0,0,0,15,1,1,1,998986,1
empty,140,3,800000010800404,45a016200821004a,5,76,1,0,0,19,0,0,1,998982,8
empty,140,4,800000010800404,45a016200821004a,5,75,0,0,0,17,1,1,1,998984,1
empty,140,5,800000010800404,45a016200821004a,14,75,1,0,1,16,0,0,1,-998985,8
empty,141,0,41a4000814009029,a002002280004000,6,75,1,0,0,31,1,1,1,998970,7
empty,141,1,41a4000814009029,a002002280004000,6,74,0,0,1,34,0,0,1,-998967,0
empty,141,2,41a4000814009029,a002002280004000,7,74,1,0,0,33,1,1,1,998968,7
empty,141,3,41a4000814009029,a002002280004000,7,75,0,0,1,32,1,1,1,-998969,0
empty,141,4,41a4000814009029,a002002280004000,6,75,1,0,0,31,1,1,1,998970,7
empty,141,5,41a4000814009029,a002002280004000,6,76,0,0,1,30,0,0,1,-998971,0
empty,142,0,50041200801080,2040180142b0050,14,80,0,0,0,19,0,0,1,998982,1
empty,142,1,50041200801080,2040180142b0050,5,80,1,0,0,19,1,1,1,998982,7
empty,142,2,50041200801080,2040180142b0050,5,79,0,0,0,21,1,1,1,998980,1
empty,142,3,50041200801080,2040180142b0050,14,79,1,0,1,20,1,1,1,-998981,7
empty,142,4,50041200801080,2040180142b0050,14,78,0,0,0,19,0,0,1,998982,1
empty,142,5,50041200801080,2040180142b0050,5,78,1,0,1,22,1,1,1,-998979,7
empty,143,0,2088201080281009,81040900104000c0,11,70,1,0,1,14,0,0,1,-998987,8
empty,143,1,2088201080281009,81040900104000c0,11,69,0,0,0,13,0,1,1,998988,2
empty,143,2,2088201080281009,81040900104000c0,10,69,1,0,1,14,1,1,1,-998987,7
empty,143,3,2088201080281009,81040900104000c0,10,60,0,0,0,13,0,1,1,998988,2
empty,143,4,2088201080281009,81040900104000c0,11,60,1,0,1,14,0,0,1,-998987,7
empty,143,5,2088201080281009,81040900104000c0,11,59,0,0,0,13,0,1,1,998988,2
empty,144,0,28882200a801009,9004010000008e00,5,67,0,0,0,21,1,1,1,998980,1
empty,144,1,28882200a801009,9004010000008e00,6,67,1,0,1,20,0,0,1,-998981,8
empty,144,2,28882200a801009,9004010000008e00,6,76,0,0,0,19,1,1,1,998982,1
empty,144,3,28882200a801009,9004010000008e00,5,76,1,0,1,22,1,1,1,-998979,8
empty,144,4,28882200a801009,9004010000008e00,5,67,0,0,0,21,1,1,1,998980,1
empty,144,5,28882200a801009,9004010000008e00,4,67,1,0,1,24,0,0,1,-998977,8
empty,145,0,200021082820000,5a008045280094,32,50,0,0,1,12,0,1,1,-998989,4
empty,145,1,200021082820000,5a008045280094,31,50,1,0,0,11,0,0,1,998990,5
empty,145,2,200021082820000,5a008045280094,31,49,0,0,1,12,0,1,1,-998989,4
empty,145,3,200021082820000,5a008045280094,22,49,1,0,0,11,0,0,1,998990,5
empty,145,4,200021082820000,5a008045280094,22,50,0,0,1,12,0,1,1,-998989,3
empty,145,5,200021082820000,5a008045280094,23,50,1,0,0,11,0,0,1,998990,5
empty,146,0,a808040048028000,1180328006200100,14,76,0,0,0,19,0,1,1,998982,2
empty,146,1,a808040048028000,1180328006200100,23,76,1,0,1,18,0,0,1,-998983,8
empty,146,2,a808040048028000,1180328006200100,23,75,0,0,0,17,0,1,1,998984,3
empty,146,3,a808040048028000,1180328006200100,32,75,1,0,1,16,0,0,1,-998985,8
empty,146,4,a808040048028000,1180328006200100,32,74,0,0,0,15,0,1,1,998986,4
empty,146,5,a808040048028000,1180328006200100,23,74,1,0,1,18,1,1,1,-998983,7
empty,147,0,2002221010410411,9200002c02200200,0,76,0,0,1,22,0,0,1,-998979,0
empty,147,1,2002221010410411,9200002c02200200,1,76,1,0,0,21,1,1,1,998980,7
empty,147,2,2002221010410411,9200002c02200200,1,75,0,0,1,20,0,0,1,-998981,0
empty,147,3,2002221010410411,9200002c02200200,2,75,1,0,0,19,1,1,1,998982,7
empty,147,4,2002221010410411,9200002c02200200,2,76,0,0,1,22,1,1,1,-998979,1
empty,147,5,2002221010410411,9200002c02200200,3,76,1,0,0,21,1,1,1,998980,7
empty,148,0,4010200220004895,960100000d00400,15,67,0,0,0,17,0,0,1,998984,1
empty,148,1,4010200220004895,960100000d00400,6,67,1,0,1,20,0,0,1,-998981,8
empty,148,2,4010200220004895,960100000d00400,6,68,0,0,0,19,1,1,1,998982,1
empty,148,3,4010200220004895,960100000d00400,5,68,1,0,1,22,0,0,1,-998979,8
empty,148,4,4010200220004895,960100000d00400,5,77,0,0,0,21,0,0,1,998980,0
empty,148,5,4010200220004895,960100000d00400,4,77,1,0,0,27,1,1,1,998974,8
empty,149,0,812222002021010,10480040100401c4,23,75,0,0,0,15,0,1,1,998986,3
empty,149,1,812222002021010,10480040100401c4,22,75,1,0,1,16,0,0,1,-998985,8
empty,149,2,812222002021010,10480040100401c4,22,74,0,0,0,15,0,1,1,998986,3
empty,149,3,812222002021010,10480040100401c4,23,74,1,0,1,16,1,1,1,-998985,7
empty,149,4,812222002021010,10480040100401c4,23,75,0,0,0,15,0,1,1,998986,3
empty,149,5,812222002021010,10480040100401c4,22,75,1,0,1,16,0,0,1,-998985,8
empty,150,0,804000500001a500,2008c020000e00c2,5,67,0,0,0,19,1,1,1,998982,1
empty,150,1,804000500001a500,2008c020000e00c2,4,67,1,0,1,18,0,1,1,-998983,6
empty,150,2,804000500001a500,2008c020000e00c2,4,58,0,0,0,17,1,1,1,998984,1
empty,150,3,804000500001a500,2008c020000e00c2,3,58,1,0,0,15,0,1,1,998986,5
empty,150,4,804000500001a500,2008c020000e00c2,3,59,0,0,0,19,1,1,1,998982,1
empty,150,5,804000500001a500,2008c020000e00c2,4,59,1,0,1,18,0,1,1,-998983,5
empty,151,0,812081182800202,2140020021104001,12,38,0,0,1,10,0,1,1,-998991,2
empty,151,1,812081182800202,2140020021104001,13,38,1,0,0,9,0,0,1,998992,4
empty,151,2,812081182800202,2140020021104001,13,39,0,0,1,8,1,1,1,-998993,1
empty,151,3,812081182800202,2140020021104001,22,39,1,0,0,7,0,1,1,998994,3
empty,151,4,812081182800202,2140020021104001,22,48,0,0,1,10,1,1,1,-998991,1
empty,151,5,812081182800202,2140020021104001,21,48,1,0,0,9,0,1,1,998992,4
empty,152,0,22000004005108,20c010a803900021,10,78,0,0,0,19,0,0,1,998982,1
empty,152,1,22000004005108,20c010a803900021,11,78,1,0,1,18,1,1,1,-998983,8
empty,152,2,22000004005108,20c010a803900021,11,79,0,0,0,17,0,1,1,998984,2
empty,152,3,22000004005108,20c010a803900021,10,79,1,0,0,17,1,1,1,998984,8
empty,152,4,22000004005108,20c010a803900021,10,80,0,0,1,16,0,0,1,-998985,1
empty,152,5,22000004005108,20c010a803900021,11,80,1,0,0,15,1,1,1,998986,7
empty,153,0,410104a020a2021,a001001401000500,6,74,0,0,0,19,0,0,1,998982,0
empty,153,1,410104a020a2021,a001001401000500,5,74,1,0,1,22,0,0,1,-998979,8
empty,153,2,410104a020a2021,a001001401000500,5,75,0,0,0,21,0,0,1,998980,0
empty,153,3,410104a020a2021,a001001401000500,6,75,1,0,1,20,0,0,1,-998981,8
empty,153,4,410104a020a2021,a001001401000500,6,76,0,0,0,19,0,0,1,998982,0
empty,153,5,410104a020a2021,a001001401000500,5,76,1,0,1,22,1,1,1,-998979,7
empty,154,0,2000204081210400,81104201c401108,6,58,0,0,1,12,1,1,1,-998989,0
empty,154,1,2000204081210400,81104201c401108,7,58,1,0,0,11,0,1,1,998990,5
empty,154,2,2000204081210400,81104201c401108,7,57,0,0,1,14,1,1,1,-998987,0
empty,154,3,2000204081210400,81104201c401108,6,57,1,0,0,13,0,1,1,998988,5
empty,154,4,2000204081210400,81104201c401108,6,66,0,0,1,16,1,1,1,-998985,0
empty,154,5,2000204081210400,81104201c401108,7,66,1,0,0,15,0,1,1,998986,6
empty,155,0,4080100120050020,2009c01043201800,6,74,0,0,1,20,0,0,1,-998981,0
empty,155,1,4080100120050020,2009c01043201800,7,74,1,0,0,19,1,1,1,998982,7
empty,155,2,4080100120050020,2009c01043201800,7,65,0,0,1,18,1,1,1,-998983,1
empty,155,3,4080100120050020,2009c01043201800,16,65,1,0,0,17,0,1,1,998984,6
empty,155,4,4080100120050020,2009c01043201800,16,64,0,0,1,20,1,1,1,-998981,1
empty,155,5,4080100120050020,2009c01043201800,25,64,1,0,0,19,0,1,1,998982,6
empty,156,0,4028044108005091,1000138000810002,2,76,0,0,0,23,1,1,1,998978,1
empty,156,1,4028044108005091,1000138000810002,11,76,1,0,1,22,1,1,1,-998979,7
empty,156,2,4028044108005091,1000138000810002,11,75,0,0,0,21,0,1,1,998980,2
empty,156,3,4028044108005091,1000138000810002,12,75,1,0,1,24,1,1,1,-998977,7
empty,156,4,4028044108005091,1000138000810002,12,74,0,0,0,23,0,1,1,998978,2
empty,156,5,4028044108005091,1000138000810002,13,74,1,0,1,22,1,1,1,-998979,7
empty,157,0,4a24000008000021,8011408004e20110,16,49,1,0,0,13,0,1,1,998988,4
empty,157,1,4a24000008000021,8011408004e20110,16,40,0,0,1,12,0,1,1,-998989,2
empty,157,2,4a24000008000021,8011408004e20110,15,40,1,0,0,11,0,0,1,998990,4
empty,157,3,4a24000008000021,8011408004e20110,15,41,0,0,1,10,0,1,1,-998991,2
empty,157,4,4a24000008000021,8011408004e20110,16,41,1,0,0,9,0,1,1,998992,3
empty,157,5,4a24000008000021,8011408004e20110,16,40,0,0,1,12,0,1,1,-998989,2
empty,158,0,8802481481040050,80410400c005,23,64,1,0,1,16,0,0,1,-998985,7
empty,158,1,8802481481040050,80410400c005,23,65,0,0,0,15,0,1,1,998986,3
empty,158,2,8802481481040050,80410400c005,14,65,1,0,1,18,0,0,1,-998983,7
empty,158,3,8802481481040050,80410400c005,14,64,0,0,0,17,0,1,1,998984,2
empty,158,4,8802481481040050,80410400c005,15,64,1,0,1,16,0,0,1,-998985,7
empty,158,5,8802481481040050,80410400c005,15,63,0,0,0,15,0,1,1,998986,2
empty,159,0,1024401010008484,a002048100240108,5,75,0,0,1,20,1,1,1,-998981,1
empty,159,1,1024401010008484,a002048100240108,14,75,1,0,0,19,1,1,1,998982,8
empty,159,2,1024401010008484,a002048100240108,14,74,0,0,1,18,1,1,1,-998983,1
empty,159,3,1024401010008484,a002048100240108,23,74,1,0,0,17,1,1,1,998984,8
empty,159,4,1024401010008484,a002048100240108,23,75,0,0,0,19,0,1,1,998982,3
empty,159,5,1024401010008484,a002048100240108,32,75,1,0,1,18,1,1,1,-998983,8
empty,160,0,2900080141100000,245204830010810,5,77,0,0,1,22,1,1,1,-998979,1
empty,160,1,2900080141100000,245204830010810,6,77,1,0,0,21,0,0,1,998980,8
empty,160,2,2900080141100000,245204830010810,6,78,0,0,1,20,1,1,1,-998981,1
empty,160,3,2900080141100000,245204830010810,15,78,1,0,0,19,0,0,1,998982,8
empty,160,4,2900080141100000,245204830010810,15,77,0,0,0,17,0,1,1,998984,2
empty,160,5,2900080141100000,245204830010810,24,77,1,0,1,16,0,0,1,-998985,8
empty,161,0,a020221008514a20,a004200008008,4,76,0,0,1,24,1,1,1,-998977,1
empty,161,1,a020221008514a20,a004200008008,13,76,1,0,0,23,1,1,1,998978,7
empty,161,2,a020221008514a20,a004200008008,13,67,0,0,1,22,0,0,1,-998979,1
empty,161,3,a020221008514a20,a004200008008,4,67,1,0,0,21,0,1,1,998980,6
empty,161,4,a020221008514a20,a004200008008,4,68,0,0,1,20,1,1,1,-998981,1
empty,161,5,a020221008514a20,a004200008008,5,68,1,0,0,19,0,0,1,998982,7
empty,162,0,8501021000445008,100a000110220402,3,76,1,0,0,21,1,1,1,998980,7
empty,162,1,8501021000445008,100a000110220402,3,67,0,0,1,20,0,0,1,-998981,0
empty,162,2,8501021000445008,100a000110220402,4,67,1,0,0,19,0,1,1,998982,6
empty,162,3,8501021000445008,100a000110220402,4,58,0,0,1,18,0,0,1,-998983,0
empty,162,4,8501021000445008,100a000110220402,3,58,1,0,0,17,0,1,1,998984,5
empty,162,5,8501021000445008,100a000110220402,3,67,0,0,1,20,0,0,1,-998981,0
empty,163,0,8110220000002025,4201408065000402,13,69,0,0,0,15,0,1,1,998986,2
empty,163,1,8110220000002025,4201408065000402,22,69,1,0,1,14,0,1,1,-998987,6
empty,163,2,8110220000002025,4201408065000402,22,78,0,0,0,13,0,1,1,998988,3
empty,163,3,8110220000002025,4201408065000402,21,78,1,0,1,12,1,1,1,-998989,7
empty,163,4,8110220000002025,4201408065000402,21,69,0,0,0,11,0,1,1,998990,3
empty,163,5,8110220000002025,4201408065000402,22,69,1,0,1,14,0,1,1,-998987,6
empty,164,0,808145010050110,412408540000008,13,79,0,0,1,18,0,1,1,-998983,2
empty,164,1,808145010050110,412408540000008,22,79,1,0,0,17,1,1,1,998984,7
empty,164,2,808145010050110,412408540000008,22,80,0,0,1,16,0,1,1,-998985,3
empty,164,3,808145010050110,412408540000008,23,80,1,0,0,15,1,1,1,998986,7
empty,164,4,808145010050110,412408540000008,23,71,0,0,1,14,0,1,1,-998987,2
empty,164,5,808145010050110,412408540000008,24,71,1,0,0,13,0,1,1,998988,6
empty,165,0,2880204028400922,8120c20000204000,4,49,1,0,0,15,0,1,1,998986,4
empty,165,1,2880204028400922,8120c20000204000,4,48,0,0,1,14,1,1,1,-998987,1
empty,165,2,2880204028400922,8120c20000204000,13,48,1,0,0,13,0,1,1,998988,4
empty,165,3,2880204028400922,8120c20000204000,13,49,0,0,1,16,0,0,1,-998985,1
empty,165,4,2880204028400922,8120c20000204000,4,49,1,0,0,15,0,1,1,998986,4
empty,165,5,2880204028400922,8120c20000204000,4,58,0,0,1,18,1,1,1,-998983,1
empty,166,0,4081080080885040,8240a20040040820,3,68,1,0,0,19,0,1,1,998982,6
empty,166,1,4081080080885040,8240a20040040820,3,69,0,0,0,17,1,1,1,998984,1
empty,166,2,4081080080885040,8240a20040040820,4,69,1,0,0,17,0,1,1,998984,6
empty,166,3,4081080080885040,8240a20040040820,4,68,0,0,1,20,1,1,1,-998981,0
empty,166,4,4081080080885040,8240a20040040820,5,68,1,0,0,19,0,1,1,998982,6
empty,166,5,4081080080885040,8240a20040040820,5,59,0,0,1,18,1,1,1,-998983,0
empty,167,0,8202a08804002,10e0100000060831,13,68,1,0,1,20,1,1,1,-998981,8
empty,167,1,8202a08804002,10e0100000060831,13,59,0,0,0,19,0,1,1,998982,2
empty,167,2,8202a08804002,10e0100000060831,4,59,1,0,1,22,0,0,1,-998979,7
empty,167,3,8202a08804002,10e0100000060831,4,68,0,0,0,21,1,1,1,998980,1
empty,167,4,8202a08804002,10e0100000060831,3,68,1,0,1,22,1,1,1,-998979,8
empty,167,5,8202a08804002,10e0100000060831,3,59,0,0,0,21,1,1,1,998980,1
empty,168,0,82280880408020,50a148036000,14,74,0,0,1,20,0,1,1,-998981,2
empty,168,1,82280880408020,50a148036000,13,74,1,0,0,19,1,1,1,998982,7
empty,168,2,82280880408020,50a148036000,13,75,0,0,1,18,0,1,1,-998983,2
empty,168,3,82280880408020,50a148036000,22,75,1,0,0,17,1,1,1,998984,7
empty,168,4,82280880408020,50a148036000,22,74,0,0,0,17,0,1,1,998984,2
empty,168,5,82280880408020,50a148036000,21,74,1,0,1,16,1,1,1,-998985,7
empty,169,0,410028285122248,e0100000800400,2,79,1,0,0,21,1,1,1,998980,7
empty,169,1,410028285122248,e0100000800400,2,78,0,0,1,20,1,1,1,-998981,0
empty,169,2,410028285122248,e0100000800400,1,78,1,0,0,19,1,1,1,998982,7
empty,169,3,410028285122248,e0100000800400,1,77,0,0,1,22,1,1,1,-998979,1
empty,169,4,410028285122248,e0100000800400,0,77,1,0,0,21,1,1,1,998980,8
empty,169,5,410028285122248,e0100000800400,0,76,0,0,1,24,1,1,1,-998977,1
empty,170,0,209122020050028a,8208006000008001,13,47,0,0,1,14,0,1,1,-998987,2
empty,170,1,209122020050028a,8208006000008001,14,47,1,0,0,13,0,0,1,998988,5
empty,170,2,209122020050028a,8208006000008001,14,48,0,0,1,14,0,1,1,-998987,2
empty,170,3,209122020050028a,8208006000008001,23,48,1,0,0,13,0,1,1,998988,4
empty,170,4,209122020050028a,8208006000008001,23,47,0,0,1,14,0,0,1,-998987,2
empty,170,5,209122020050028a,8208006000008001,24,47,1,0,0,13,0,0,1,998988,5
empty,171,0,8000420228014000,ac0040046008214,4,66,0,0,1,24,1,1,1,-998977,1
empty,171,1,8000420228014000,ac0040046008214,13,66,1,0,0,23,0,1,1,998978,6
empty,171,2,8000420228014000,ac0040046008214,13,65,0,0,0,23,0,1,1,998978,2
empty,171,3,8000420228014000,ac0040046008214,12,65,1,0,0,25,1,1,1,998976,7
empty,171,4,8000420228014000,ac0040046008214,12,74,0,0,0,25,0,1,1,998976,2
empty,171,5,8000420228014000,ac0040046008214,3,74,1,0,0,27,1,1,1,998974,7
empty,172,0,4484000015408041,2580402200280,13,76,1,0,0,29,1,1,1,998972,7
empty,172,1,4484000015408041,2580402200280,13,67,0,0,1,28,1,1,1,-998973,1
empty,172,2,4484000015408041,2580402200280,4,67,1,0,0,27,0,1,1,998974,6
empty,172,3,4484000015408041,2580402200280,4,76,0,0,1,30,1,1,1,-998971,1
empty,172,4,4484000015408041,2580402200280,5,76,1,0,0,29,1,1,1,998972,7
empty,172,5,4484000015408041,2580402200280,5,77,0,0,1,28,1,1,1,-998973,1
empty,173,0,5108280010018120,40007c00900200,13,76,1,0,0,19,0,0,1,998982,8
empty,173,1,5108280010018120,40007c00900200,13,75,0,0,1,18,0,1,1,-998983,2
empty,173,2,5108280010018120,40007c00900200,4,75,1,0,0,17,1,1,1,998984,7
empty,173,3,5108280010018120,40007c00900200,4,66,0,0,1,16,1,1,1,-998985,1
empty,173,4,5108280010018120,40007c00900200,13,66,1,0,0,15,0,0,1,998986,7
empty,173,5,5108280010018120,40007c00900200,13,67,0,0,1,18,0,1,1,-998983,2
empty,174,0,210088080004a,2090460001100a21,3,67,0,0,1,20,0,0,1,-998981,0
empty,174,1,210088080004a,2090460001100a21,4,67,1,0,0,19,0,1,1,998982,6
empty,174,2,210088080004a,2090460001100a21,4,58,0,0,1,18,0,0,1,-998983,0
empty,174,3,210088080004a,2090460001100a21,3,58,1,0,0,17,0,0,1,998984,6
empty,174,4,210088080004a,2090460001100a21,3,57,0,0,1,16,0,0,1,-998985,0
empty,174,5,210088080004a,2090460001100a21,4,57,1,0,0,15,0,1,1,998986,5
empty,175,0,10040102042014,9000238005508100,6,77,1,0,0,19,1,1,1,998982,7
empty,175,1,10040102042014,9000238005508100,6,78,0,0,1,18,1,1,1,-998983,1
empty,175,2,10040102042014,9000238005508100,7,78,1,0,0,17,1,1,1,998984,7
empty,175,3,10040102042014,9000238005508100,7,69,0,0,1,16,1,1,1,-998985,1
empty,175,4,10040102042014,9000238005508100,6,69,1,0,0,15,0,1,1,998986,6
empty,175,5,10040102042014,9000238005508100,6,70,0,0,1,14,1,1,1,-998987,1
empty,176,0,80028802020000,532000201401ca04,22,59,1,0,0,11,0,1,1,998990,5
empty,176,1,80028802020000,532000201401ca04,22,50,0,0,1,10,0,1,1,-998991,2
empty,176,2,80028802020000,532000201401ca04,13,50,1,0,0,9,0,1,1,998992,4
empty,176,3,80028802020000,532000201401ca04,13,59,0,0,1,12,0,1,1,-998989,2
empty,176,4,80028802020000,532000201401ca04,4,59,1,0,0,11,0,1,1,998990,5
empty,176,5,80028802020000,532000201401ca04,4,50,0,0,1,10,1,1,1,-998991,1
empty,177,0,2804024422205010,801201a800000400,27,57,0,0,0,9,0,1,1,998992,4
empty,177,1,2804024422205010,801201a800000400,28,57,1,0,1,12,0,1,1,-998989,6
empty,177,2,2804024422205010,801201a800000400,28,58,0,0,0,11,0,0,1,998990,3
empty,177,3,2804024422205010,801201a800000400,29,58,1,0,0,13,0,1,1,998988,5
empty,177,4,2804024422205010,801201a800000400,29,67,0,0,0,13,0,0,1,998988,3
empty,177,5,2804024422205010,801201a800000400,30,67,1,0,0,15,0,1,1,998986,6
empty,178,0,4000540010002048,20c820408003c020,4,67,1,0,1,22,1,1,1,-998979,8
empty,178,1,4000540010002048,20c820408003c020,4,76,0,0,0,21,0,0,1,998980,0
empty,178,2,4000540010002048,20c820408003c020,3,76,1,0,1,20,1,1,1,-998981,8
empty,178,3,4000540010002048,20c820408003c020,3,75,0,0,0,19,0,0,1,998982,0
empty,178,4,4000540010002048,20c820408003c020,2,75,1,0,1,18,1,1,1,-998983,7
empty,178,5,4000540010002048,20c820408003c020,2,74,0,0,0,17,1,1,1,998984,1
empty,179,0,41004000040084a,805886708008000,15,76,1,0,1,18,1,1,1,-998983,7
empty,179,1,41004000040084a,805886708008000,15,67,0,0,0,17,0,1,1,998984,2
empty,179,2,41004000040084a,805886708008000,14,67,1,0,1,16,0,0,1,-998985,7
empty,179,3,41004000040084a,805886708008000,14,68,0,0,0,15,0,1,1,998986,2
empty,179,4,41004000040084a,805886708008000,15,68,1,0,0,17,0,0,1,998984,7
empty,179,5,41004000040084a,805886708008000,15,67,0,0,0,17,0,1,1,998984,2
empty,180,0,8080510040008190,520844220010040,11,76,1,0,1,14,1,1,1,-998987,7
empty,180,1,8080510040008190,520844220010040,11,67,0,0,0,13,0,1,1,998988,2
empty,180,2,8080510040008190,520844220010040,2,67,1,0,0,15,0,1,1,998986,6
empty,180,3,8080510040008190,520844220010040,2,68,0,0,0,15,1,1,1,998986,1
empty,180,4,8080510040008190,520844220010040,11,68,1,0,1,14,0,1,1,-998987,6
empty,180,5,8080510040008190,520844220010040,11,59,0,0,0,13,0,1,1,998988,2
empty,181,0,2022011008024005,4c800800641100,15,71,0,0,1,14,0,0,1,-998987,1
empty,181,1,2022011008024005,4c800800641100,6,71,1,0,0,13,0,1,1,998988,6
empty,181,2,2022011008024005,4c800800641100,6,80,0,0,1,16,1,1,1,-998985,1
empty,181,3,2022011008024005,4c800800641100,15,80,1,0,0,15,1,1,1,998986,7
empty,181,4,2022011008024005,4c800800641100,15,79,0,0,1,18,0,0,1,-998983,1
empty,181,5,2022011008024005,4c800800641100,6,79,1,0,0,17,1,1,1,998984,7
empty,182,0,10a1048004020182,410284401040800,3,76,1,0,0,19,0,0,1,998982,8
empty,182,1,10a1048004020182,410284401040800,3,77,0,0,0,19,1,1,1,998982,1
empty,182,2,10a1048004020182,410284401040800,12,77,1,0,1,18,0,0,1,-998983,8
empty,182,3,10a1048004020182,410284401040800,12,76,0,0,0,17,0,1,1,998984,2
empty,182,4,10a1048004020182,410284401040800,21,76,1,0,1,16,0,0,1,-998985,8
empty,182,5,10a1048004020182,410284401040800,21,77,0,0,0,15,0,1,1,998986,3
empty,183,0,420100924100200,34800200280002e,23,58,1,0,0,17,0,0,1,998984,6
empty,183,1,420100924100200,34800200280002e,23,67,0,0,0,15,0,0,1,998986,2
empty,183,2,420100924100200,34800200280002e,24,67,1,0,1,14,0,1,1,-998987,6
empty,183,3,420100924100200,34800200280002e,24,68,0,0,0,13,0,1,1,998988,3
empty,183,4,420100924100200,34800200280002e,15,68,1,0,1,16,0,0,1,-998985,8
empty,183,5,420100924100200,34800200280002e,15,67,0,0,0,15,0,1,1,998986,2
empty,184,0,8281080080408220,1020801200830880,15,79,0,0,0,15,0,1,1,998986,2
empty,184,1,8281080080408220,1020801200830880,24,79,1,0,1,14,0,0,1,-998987,8
empty,184,2,8281080080408220,1020801200830880,24,78,0,0,0,13,0,0,1,998988,2
empty,184,3,8281080080408220,1020801200830880,15,78,1,0,1,16,1,1,1,-998985,7
empty,184,4,8281080080408220,1020801200830880,15,77,0,0,0,15,0,1,1,998986,2
empty,184,5,8281080080408220,1020801200830880,24,77,1,0,1,14,1,1,1,-998987,7
empty,185,0,80400090810449,a208a00040040880,14,49,1,0,0,17,0,1,1,998984,4
empty,185,1,80400090810449,a208a00040040880,14,40,0,0,1,16,0,1,1,-998985,2
empty,185,2,80400090810449,a208a00040040880,5,40,1,0,0,15,0,0,1,998986,4
empty,185,3,80400090810449,a208a00040040880,5,49,0,0,1,18,1,1,1,-998983,1
empty,185,4,80400090810449,a208a00040040880,6,49,1,0,0,17,0,1,1,998984,4
empty,185,5,80400090810449,a208a00040040880,6,40,0,0,1,16,0,0,1,-998985,0
empty,186,0,8a88009550000401,40280412200,21,74,1,0,1,18,0,0,1,-998983,8
empty,186,1,8a88009550000401,40280412200,21,75,0,0,0,17,0,1,1,998984,3
empty,186,2,8a88009550000401,40280412200,22,75,1,0,1,20,0,0,1,-998981,8
empty,186,3,8a88009550000401,40280412200,22,74,0,0,0,19,0,1,1,998982,3
empty,186,4,8a88009550000401,40280412200,13,74,1,0,1,22,0,0,1,-998979,8
empty,186,5,8a88009550000401,40280412200,13,73,0,0,0,21,0,1,1,998980,2
empty,187,0,80200028102400,6e00011040891004,12,76,0,0,1,22,0,0,1,-998979,0
empty,187,1,80200028102400,6e00011040891004,3,76,1,0,0,21,1,1,1,998980,7
empty,187,2,80200028102400,6e00011040891004,3,67,0,0,1,20,1,1,1,-998981,0
empty,187,3,80200028102400,6e00011040891004,12,67,1,0,0,19,0,1,1,998982,6
empty,187,4,80200028102400,6e00011040891004,12,68,0,0,1,18,0,0,1,-998983,0
empty,187,5,80200028102400,6e00011040891004,13,68,1,0,0,17,0,1,1,998984,6
empty,188,0,8181409020082042,1008200102018001,4,66,0,0,1,18,1,1,1,-998983,1
empty,188,1,8181409020082042,1008200102018001,3,66,1,0,0,17,0,1,1,998984,6
empty,188,2,8181409020082042,1008200102018001,3,75,0,0,0,17,1,1,1,998984,1
empty,188,3,8181409020082042,1008200102018001,2,75,1,0,0,19,1,1,1,998982,7
empty,188,4,8181409020082042,1008200102018001,2,76,0,0,0,19,0,0,1,998982,0
empty,188,5,8181409020082042,1008200102018001,3,76,1,0,1,18,1,1,1,-998983,7
empty,189,0,100200a200200220,841064803008050,22,77,1,0,1,14,0,0,1,-998987,8
empty,189,1,100200a200200220,841064803008050,22,78,0,0,0,13,0,1,1,998988,3
empty,189,2,100200a200200220,841064803008050,23,78,1,0,1,16,1,1,1,-998985,7
empty,189,3,100200a200200220,841064803008050,23,77,0,0,0,15,0,0,1,998986,2
empty,189,4,100200a200200220,841064803008050,14,77,1,0,1,18,0,0,1,-998983,8
empty,189,5,100200a200200220,841064803008050,14,78,0,0,0,17,0,1,1,998984,2
empty,190,0,2000401409280408,a7008800010021,5,64,1,0,0,17,0,1,1,998984,6
empty,190,1,2000401409280408,a7008800010021,5,73,0,0,1,20,1,1,1,-998981,1
empty,190,2,2000401409280408,a7008800010021,14,73,1,0,0,19,1,1,1,998982,7
empty,190,3,2000401409280408,a7008800010021,14,72,0,0,0,19,0,1,1,998982,2
empty,190,4,2000401409280408,a7008800010021,5,72,1,0,0,21,1,1,1,998980,7
empty,190,5,2000401409280408,a7008800010021,5,73,0,0,1,20,1,1,1,-998981,1
empty,191,0,4004219141000150,3102400400000480,5,67,0,0,1,16,0,0,1,-998985,0
empty,191,1,4004219141000150,3102400400000480,4,67,1,0,0,15,0,1,1,998986,6
empty,191,2,4004219141000150,3102400400000480,4,76,0,0,1,18,0,0,1,-998983,0
empty,191,3,4004219141000150,3102400400000480,5,76,1,0,0,17,1,1,1,998984,7
empty,191,4,4004219141000150,3102400400000480,5,67,0,0,1,16,0,0,1,-998985,0
empty,191,5,4004219141000150,3102400400000480,4,67,1,0,0,15,0,1,1,998986,6
empty,192,0,405200021001048,c100082080090015,12,78,0,0,0,15,0,1,1,998986,2
empty,192,1,405200021001048,c100082080090015,21,78,1,0,1,14,1,1,1,-998987,7
empty,192,2,405200021001048,c100082080090015,21,77,0,0,0,13,0,1,1,998988,3
empty,192,3,405200021001048,c100082080090015,12,77,1,0,1,16,1,1,1,-998985,7
empty,192,4,405200021001048,c100082080090015,12,78,0,0,0,15,0,1,1,998986,2
empty,192,5,405200021001048,c100082080090015,21,78,1,0,1,14,1,1,1,-998987,7
empty,193,0,250000180110284,812008020804a008,13,66,1,0,0,15,0,1,1,998986,6
empty,193,1,250000180110284,812008020804a008,13,57,0,0,1,14,0,1,1,-998987,2
empty,193,2,250000180110284,812008020804a008,14,57,1,0,0,13,0,1,1,998988,5
empty,193,3,250000180110284,812008020804a008,14,56,0,0,1,16,0,1,1,-998985,2
empty,193,4,250000180110284,812008020804a008,23,56,1,0,0,15,0,1,1,998986,5
empty,193,5,250000180110284,812008020804a008,23,47,0,0,1,14,0,0,1,-998987,2
empty,194,0,82a0845040005410,4800002010200804,6,67,1,0,0,19,0,1,1,998982,6
empty,194,1,82a0845040005410,4800002010200804,6,76,0,0,1,22,1,1,1,-998979,1
empty,194,2,82a0845040005410,4800002010200804,5,76,1,0,0,21,1,1,1,998980,7
empty,194,3,82a0845040005410,4800002010200804,5,67,0,0,1,20,0,0,1,-998981,0
empty,194,4,82a0845040005410,4800002010200804,4,67,1,0,0,19,0,1,1,998982,6
empty,194,5,82a0845040005410,4800002010200804,4,76,0,0,1,22,0,0,1,-998979,0
empty,195,0,220208020090180,41002441820043,3,77,0,0,0,19,1,1,1,998982,1
empty,195,1,220208020090180,41002441820043,2,77,1,0,1,18,1,1,1,-998983,7
empty,195,2,220208020090180,41002441820043,2,68,0,0,0,17,1,1,1,998984,1
empty,195,3,220208020090180,41002441820043,3,68,1,0,0,17,0,0,1,998984,7
empty,195,4,220208020090180,41002441820043,3,67,0,0,1,16,1,1,1,-998985,1
empty,195,5,220208020090180,41002441820043,2,67,1,0,0,15,0,1,1,998986,6
empty,196,0,942180a000100028,8c6000006800100,2,67,1,0,0,17,0,1,1,998984,6
empty,196,1,942180a000100028,8c6000006800100,2,68,0,0,1,20,1,1,1,-998981,1
empty,196,2,942180a000100028,8c6000006800100,3,68,1,0,0,19,0,0,1,998982,7
empty,196,3,942180a000100028,8c6000006800100,3,67,0,0,1,18,0,0,1,-998983,0
empty,196,4,942180a000100028,8c6000006800100,2,67,1,0,0,17,0,1,1,998984,6
empty,196,5,942180a000100028,8c6000006800100,2,68,0,0,1,20,1,1,1,-998981,1
empty,197,0,20008189024422a0,205022000000006,20,67,1,0,0,17,0,1,1,998984,6
empty,197,1,20008189024422a0,205022000000006,20,76,0,0,0,19,0,0,1,998982,2
empty,197,2,20008189024422a0,205022000000006,21,76,1,0,1,18,1,1,1,-998983,7
empty,197,3,20008189024422a0,205022000000006,21,75,0,0,0,17,0,0,1,998984,2
empty,197,4,20008189024422a0,205022000000006,20,75,1,0,1,20,1,1,1,-998981,7
empty,197,5,20008189024422a0,205022000000006,20,76,0,0,0,19,0,0,1,998982,2
empty,198,0,8188a10000202020,12001a01120042,14,68,0,0,0,19,0,0,1,998982,1
empty,198,1,8188a10000202020,12001a01120042,13,68,1,0,1,18,1,1,1,-998983,8
empty,198,2,8188a10000202020,12001a01120042,13,59,0,0,0,17,0,1,1,998984,2
empty,198,3,8188a10000202020,12001a01120042,12,59,1,0,1,16,0,0,1,-998985,7
empty,198,4,8188a10000202020,12001a01120042,12,60,0,0,0,15,0,1,1,998986,2
empty,198,5,8188a10000202020,12001a01120042,13,60,1,0,1,18,0,0,1,-998983,7
empty,199,0,20020450940a220,8070010000060008,14,57,1,0,0,17,0,1,1,998984,5
empty,199,1,20020450940a220,8070010000060008,14,58,0,0,1,16,0,0,1,-998985,1
empty,199,2,20020450940a220,8070010000060008,13,58,1,0,0,15,0,1,1,998986,5
empty,199,3,20020450940a220,8070010000060008,13,67,0,0,1,18,0,1,1,-998983,2
empty,199,4,20020450940a220,8070010000060008,14,67,1,0,0,17,0,1,1,998984,6
empty,199,5,20020450940a220,8070010000060008,14,58,0,0,1,16,0,0,1,-998985,1
empty,200,0,8401011004a02802,29000c408000480,41,76,1,0,1,10,1,1,1,-998991,7
empty,200,1,8401011004a02802,29000c408000480,41,75,0,0,0,9,0,0,1,998992,4
empty,200,2,8401011004a02802,29000c408000480,32,75,1,0,1,12,0,0,1,-998989,8
empty,200,3,8401011004a02802,29000c408000480,32,76,0,0,0,11,0,1,1,998990,4
empty,200,4,8401011004a02802,29000c408000480,33,76,1,0,1,10,1,1,1,-998991,7
empty,200,5,8401011004a02802,29000c408000480,33,77,0,0,0,9,0,1,1,998992,4
empty,201,0,29051012144200,100400a0000004a1,5,68,1,0,0,19,0,0,1,998982,7
empty,201,1,29051012144200,100400a0000004a1,5,69,0,0,1,18,1,1,1,-998983,1
empty,201,2,29051012144200,100400a0000004a1,14,69,1,0,0,17,0,0,1,998984,7
empty,201,3,29051012144200,100400a0000004a1,14,70,0,0,1,16,0,1,1,-998985,2
empty,201,4,29051012144200,100400a0000004a1,23,70,1,0,0,15,0,1,1,998986,6
empty,201,5,29051012144200,100400a0000004a1,23,69,0,0,0,15,0,0,1,998986,2
empty,202,0,4002008008010,28024c8040360940,31,67,0,0,1,18,0,0,1,-998983,2
empty,202,1,4002008008010,28024c8040360940,30,67,1,0,0,17,0,1,1,998984,6
empty,202,2,4002008008010,28024c8040360940,30,58,0,0,1,16,0,0,1,-998985,2
empty,202,3,4002008008010,28024c8040360940,21,58,1,0,0,15,0,1,1,998986,5
empty,202,4,4002008008010,28024c8040360940,21,59,0,0,1,18,1,1,1,-998983,1
empty,202,5,4002008008010,28024c8040360940,12,59,1,0,0,17,0,1,1,998984,5
empty,203,0,49900002080410,102002310c500040,12,77,1,0,0,25,1,1,1,998976,8
empty,203,1,49900002080410,102002310c500040,12,68,0,0,0,23,0,0,1,998978,1
empty,203,2,49900002080410,102002310c500040,3,68,1,0,0,27,1,1,1,998974,8
empty,203,3,49900002080410,102002310c500040,3,77,0,0,1,26,1,1,1,-998975,1
empty,203,4,49900002080410,102002310c500040,12,77,1,0,0,25,1,1,1,998976,8
empty,203,5,49900002080410,102002310c500040,12,78,0,0,1,24,0,0,1,-998977,1
empty,204,0,4200400210020010,24d008940000e800,23,56,1,0,0,13,0,1,1,998988,6
empty,204,1,4200400210020010,24d008940000e800,23,65,0,0,0,15,0,1,1,998986,3
empty,204,2,4200400210020010,24d008940000e800,14,65,1,0,0,15,0,1,1,998986,6
empty,204,3,4200400210020010,24d008940000e800,14,64,0,0,1,16,0,1,1,-998985,2
empty,204,4,4200400210020010,24d008940000e800,13,64,1,0,0,15,0,1,1,998986,6
empty,204,5,4200400210020010,24d008940000e800,13,65,0,0,1,16,0,1,1,-998985,2
empty,205,0,8040041408010840,300c800081006090,10,67,1,0,1,18,0,1,1,-998983,6
empty,205,1,8040041408010840,300c800081006090,10,58,0,0,0,17,0,1,1,998984,2
empty,205,2,8040041408010840,300c800081006090,9,58,1,0,0,17,0,1,1,998984,5
empty,205,3,8040041408010840,300c800081006090,9,49,0,0,1,16,0,1,1,-998985,2
empty,205,4,8040041408010840,300c800081006090,18,49,1,0,0,15,0,0,1,998986,5
empty,205,5,8040041408010840,300c800081006090,18,58,0,0,0,17,0,0,1,998984,2
empty,206,0,5080000000048a42,100040882017009,7,49,0,0,1,12,0,0,1,-998989,0
empty,206,1,5080000000048a42,100040882017009,8,49,1,0,0,11,0,1,1,998990,4
empty,206,2,5080000000048a42,100040882017009,8,58,0,0,1,14,1,1,1,-998987,0
empty,206,3,5080000000048a42,100040882017009,7,58,1,0,0,13,0,1,1,998988,5
empty,206,4,5080000000048a42,100040882017009,7,57,0,0,1,16,0,0,1,-998985,0
empty,206,5,5080000000048a42,100040882017009,8,57,1,0,0,15,0,1,1,998986,5
empty,207,0,4480902040500004,1001240a80021100,5,75,0,0,1,20,1,1,1,-998981,0
empty,207,1,4480902040500004,1001240a80021100,6,75,1,0,0,19,0,0,1,998982,8
empty,207,2,4480902040500004,1001240a80021100,6,76,0,0,1,20,1,1,1,-998981,0
empty,207,3,4480902040500004,1001240a80021100,5,76,1,0,0,19,1,1,1,998982,7
empty,207,4,4480902040500004,1001240a80021100,5,67,0,0,1,18,1,1,1,-998983,0
empty,207,5,4480902040500004,1001240a80021100,4,67,1,0,0,17,0,1,1,998984,6
empty,208,0,40050120aa08042,5802008010000030,12,76,0,0,0,19,0,1,1,998982,2
empty,208,1,40050120aa08042,5802008010000030,13,76,1,0,0,23,1,1,1,998978,7
empty,208,2,40050120aa08042,5802008010000030,13,67,0,0,1,22,0,1,1,-998979,2
empty,208,3,40050120aa08042,5802008010000030,22,67,1,0,0,21,0,1,1,998980,6
empty,208,4,40050120aa08042,5802008010000030,22,58,0,0,1,20,0,1,1,-998981,3
empty,208,5,40050120aa08042,5802008010000030,13,58,1,0,0,19,0,0,1,998982,6
empty,209,0,220020800205010,1084480214080046,14,76,0,0,1,20,0,0,1,-998981,1
empty,209,1,220020800205010,1084480214080046,13,76,1,0,0,19,1,1,1,998982,7
empty,209,2,220020800205010,1084480214080046,13,75,0,0,1,18,0,0,1,-998983,1
empty,209,3,220020800205010,1084480214080046,14,75,1,0,0,17,1,1,1,998984,7
empty,209,4,220020800205010,1084480214080046,14,74,0,0,1,20,0,0,1,-998981,1
empty,209,5,220020800205010,1084480214080046,13,74,1,0,0,19,0,0,1,998982,8
empty,210,0,5480482080020104,200004021c008420,21,59,0,0,1,14,0,1,1,-998987,3
empty,210,1,5480482080020104,200004021c008420,30,59,1,0,0,13,0,1,1,998988,5
empty,210,2,5480482080020104,200004021c008420,30,68,0,0,1,18,0,1,1,-998983,4
empty,210,3,5480482080020104,200004021c008420,39,68,1,0,0,17,0,1,1,998984,6
empty,210,4,5480482080020104,200004021c008420,39,67,0,0,1,20,0,1,1,-998981,5
empty,210,5,5480482080020104,200004021c008420,48,67,1,0,0,19,0,1,1,998982,6
empty,211,0,420520102041020,112000028800154,10,64,0,0,0,19,0,1,1,998982,2
empty,211,1,420520102041020,112000028800154,1,64,1,0,1,22,0,1,1,-998979,6
empty,211,2,420520102041020,112000028800154,1,55,0,0,0,21,1,1,1,998980,1
empty,211,3,420520102041020,112000028800154,2,55,1,0,0,21,0,0,1,998980,6
empty,211,4,420520102041020,112000028800154,2,64,0,0,0,23,1,1,1,998978,1
empty,211,5,420520102041020,112000028800154,11,64,1,0,1,22,0,1,1,-998979,6
empty,212,0,2424022090000090,804004000c000863,12,58,0,0,1,14,0,1,1,-998987,2
empty,212,1,2424022090000090,804004000c000863,3,58,1,0,0,13,0,1,1,998988,5
empty,212,2,2424022090000090,804004000c000863,3,67,0,0,1,16,1,1,1,-998985,1
empty,212,3,2424022090000090,804004000c000863,2,67,1,0,0,15,0,1,1,998986,6
empty,212,4,2424022090000090,804004000c000863,2,76,0,0,1,18,1,1,1,-998983,1
empty,212,5,2424022090000090,804004000c000863,11,76,1,0,0,17,1,1,1,998984,7
empty,213,0,400200002404112,204c02a0018224,3,76,1,0,0,17,1,1,1,998984,7
empty,213,1,400200002404112,204c02a0018224,3,67,0,0,1,16,1,1,1,-998985,1
empty,213,2,400200002404112,204c02a0018224,4,67,1,0,0,15,0,1,1,998986,6
empty,213,3,400200002404112,204c02a0018224,4,58,0,0,1,14,0,0,1,-998987,0
empty,213,4,400200002404112,204c02a0018224,5,58,1,0,0,13,0,1,1,998988,5
empty,213,5,400200002404112,204c02a0018224,5,49,0,0,1,12,0,0,1,-998989,0
empty,214,0,8022400202011000,1008060040304f00,14,74,0,0,1,18,0,0,1,-998983,1
empty,214,1,8022400202011000,1008060040304f00,15,74,1,0,0,17,1,1,1,998984,7
empty,214,2,8022400202011000,1008060040304f00,15,65,0,0,1,16,0,1,1,-998985,2
empty,214,3,8022400202011000,1008060040304f00,6,65,1,0,0,15,0,0,1,998986,7
empty,214,4,8022400202011000,1008060040304f00,6,74,0,0,1,18,1,1,1,-998983,1
empty,214,5,8022400202011000,1008060040304f00,5,74,1,0,0,17,1,1,1,998984,7
empty,215,0,990002424004409,2201000081020022,22,56,0,0,0,15,0,1,1,998986,3
empty,215,1,990002424004409,2201000081020022,23,56,1,0,0,17,0,1,1,998984,5
empty,215,2,990002424004409,2201000081020022,23,57,0,0,1,16,0,1,1,-998985,3
empty,215,3,990002424004409,2201000081020022,32,57,1,0,0,15,0,1,1,998986,5
empty,215,4,990002424004409,2201000081020022,32,48,0,0,1,14,0,0,1,-998987,3
empty,215,5,990002424004409,2201000081020022,23,48,1,0,0,13,0,0,1,998988,5
empty,216,0,9000200101501049,22114c0002040000,14,74,0,0,1,16,0,0,1,-998985,1
empty,216,1,9000200101501049,22114c0002040000,15,74,1,0,0,15,1,1,1,998986,7
empty,216,2,9000200101501049,22114c0002040000,15,65,0,0,1,14,0,1,1,-998987,2
empty,216,3,9000200101501049,22114c0002040000,14,65,1,0,0,13,0,1,1,998988,6
empty,216,4,9000200101501049,22114c0002040000,14,56,0,0,1,12,0,0,1,-998989,1
empty,216,5,9000200101501049,22114c0002040000,5,56,1,0,0,11,0,1,1,998990,5
empty,217,0,1000124000804205,81009104680140,13,55,0,0,0,15,0,1,1,998986,2
empty,217,1,1000124000804205,81009104680140,14,55,1,0,1,16,0,0,1,-998985,6
empty,217,2,1000124000804205,81009104680140,14,56,0,0,0,15,0,1,1,998986,2
empty,217,3,1000124000804205,81009104680140,5,56,1,0,0,15,0,0,1,998986,6
empty,217,4,1000124000804205,81009104680140,5,65,0,0,0,17,1,1,1,998984,1
empty,217,5,1000124000804205,81009104680140,4,65,1,0,0,17,0,1,1,998984,6
empty,218,0,8045480100510108,7400001400000204,14,75,1,0,0,21,1,1,1,998980,7
empty,218,1,8045480100510108,7400001400000204,14,66,0,0,1,20,0,1,1,-998981,2
empty,218,2,8045480100510108,7400001400000204,23,66,1,0,0,19,0,0,1,998982,7
empty,218,3,8045480100510108,7400001400000204,23,75,0,0,0,19,0,0,1,998982,2
empty,218,4,8045480100510108,7400001400000204,14,75,1,0,0,21,1,1,1,998980,7
empty,218,5,8045480100510108,7400001400000204,14,76,0,0,1,20,0,1,1,-998981,2
empty,219,0,4241004010280800,8500310c00420010,14,77,1,0,1,20,1,1,1,-998981,7
empty,219,1,4241004010280800,8500310c00420010,14,78,0,0,0,19,1,1,1,998982,1
empty,219,2,4241004010280800,8500310c00420010,23,78,1,0,1,20,0,0,1,-998981,8
empty,219,3,4241004010280800,8500310c00420010,23,77,0,0,0,19,0,0,1,998982,2
empty,219,4,4241004010280800,8500310c00420010,14,77,1,0,1,20,1,1,1,-998981,7
empty,219,5,4241004010280800,8500310c00420010,14,68,0,0,0,19,1,1,1,998982,1
empty,220,0,400080404800020,5902201080118209,22,68,0,0,1,16,1,1,1,-998985,1
empty,220,1,400080404800020,5902201080118209,31,68,1,0,0,15,0,1,1,998986,6
empty,220,2,400080404800020,5902201080118209,31,59,0,0,1,14,0,1,1,-998987,4
empty,220,3,400080404800020,5902201080118209,30,59,1,0,0,13,0,1,1,998988,5
empty,220,4,400080404800020,5902201080118209,30,68,0,0,0,13,0,0,1,998988,3
empty,220,5,400080404800020,5902201080118209,31,68,1,0,0,15,0,1,1,998986,6
empty,221,0,22481002028142,c010a900410000,3,66,1,0,0,17,0,1,1,998984,6
empty,221,1,22481002028142,c010a900410000,3,67,0,0,1,20,1,1,1,-998981,1
empty,221,2,22481002028142,c010a900410000,4,67,1,0,0,19,0,1,1,998982,6
empty,221,3,22481002028142,c010a900410000,4,58,0,0,1,18,1,1,1,-998983,1
empty,221,4,22481002028142,c010a900410000,3,58,1,0,0,17,0,0,1,998984,6
empty,221,5,22481002028142,c010a900410000,3,57,0,0,1,16,1,1,1,-998985,1
empty,222,0,284004080080440,1800200320820116,22,57,1,0,0,15,0,1,1,998986,5
empty,222,1,284004080080440,1800200320820116,22,56,0,0,0,13,0,0,1,998988,2
empty,222,2,284004080080440,1800200320820116,23,56,1,0,1,12,0,1,1,-998989,6
empty,222,3,284004080080440,1800200320820116,23,55,0,0,0,11,0,1,1,998990,3
empty,222,4,284004080080440,1800200320820116,14,55,1,0,0,11,0,1,1,998990,5
empty,222,5,284004080080440,1800200320820116,14,56,0,0,0,13,0,1,1,998988,2
empty,223,0,20801204290024,8011c0110800240,6,78,0,0,1,22,0,0,1,-998979,0
empty,223,1,20801204290024,8011c0110800240,5,78,1,0,0,21,1,1,1,998980,7
empty,223,2,20801204290024,8011c0110800240,5,79,0,0,1,20,0,0,1,-998981,0
empty,223,3,20801204290024,8011c0110800240,6,79,1,0,0,19,1,1,1,998982,7
empty,223,4,20801204290024,8011c0110800240,6,70,0,0,1,18,0,0,1,-998983,0
empty,223,5,20801204290024,8011c0110800240,5,70,1,0,0,17,0,1,1,998984,6
empty,224,0,508a091104044012,8001000208002200,6,67,1,0,0,21,0,0,1,998980,7
empty,224,1,508a091104044012,8001000208002200,6,68,0,0,1,20,1,1,1,-998981,1
empty,224,2,508a091104044012,8001000208002200,15,68,1,0,0,19,0,1,1,998982,6
empty,224,3,508a091104044012,8001000208002200,15,67,0,0,1,22,0,0,1,-998979,1
empty,224,4,508a091104044012,8001000208002200,6,67,1,0,0,21,0,0,1,998980,7
empty,224,5,508a091104044012,8001000208002200,6,66,0,0,1,24,1,1,1,-998977,1
empty,225,0,102042001000008,4810019244803802,5,77,0,0,0,17,1,1,1,998984,1
empty,225,1,102042001000008,4810019244803802,6,77,1,0,0,19,1,1,1,998982,7
empty,225,2,102042001000008,4810019244803802,6,78,0,0,1,18,1,1,1,-998983,1
empty,225,3,102042001000008,4810019244803802,15,78,1,0,0,17,1,1,1,998984,7
empty,225,4,102042001000008,4810019244803802,15,69,0,0,1,16,0,1,1,-998985,2
empty,225,5,102042001000008,4810019244803802,6,69,1,0,0,15,0,1,1,998986,6
empty,226,0,1114410980402009,20000010a00c02,21,67,0,0,0,17,0,1,1,998984,3
empty,226,1,1114410980402009,20000010a00c02,30,67,1,0,1,16,0,0,1,-998985,7
empty,226,2,1114410980402009,20000010a00c02,30,66,0,0,0,15,0,1,1,998986,4
empty,226,3,1114410980402009,20000010a00c02,21,66,1,0,0,19,0,0,1,998982,7
empty,226,4,1114410980402009,20000010a00c02,21,65,0,0,1,18,0,1,1,-998983,3
empty,226,5,1114410980402009,20000010a00c02,12,65,1,0,0,17,0,0,1,998984,7
empty,227,0,20140008004,108558046210c2,12,75,1,0,1,14,1,1,1,-998987,7
empty,227,1,20140008004,108558046210c2,12,66,0,0,0,13,0,1,1,998988,2
empty,227,2,20140008004,108558046210c2,21,66,1,0,1,12,0,1,1,-998989,6
empty,227,3,20140008004,108558046210c2,21,65,0,0,0,11,0,1,1,998990,3
empty,227,4,20140008004,108558046210c2,12,65,1,0,1,14,1,1,1,-998987,7
empty,227,5,20140008004,108558046210c2,12,74,0,0,0,13,0,1,1,998988,2
empty,228,0,410200850080104,2841a00015c000,2,68,0,0,0,21,0,0,1,998980,0
empty,228,1,410200850080104,2841a00015c000,1,68,1,0,1,20,0,0,1,-998981,8
empty,228,2,410200850080104,2841a00015c000,1,67,0,0,0,19,1,1,1,998982,1
empty,228,3,410200850080104,2841a00015c000,2,67,1,0,1,22,0,0,1,-998979,8
empty,228,4,410200850080104,2841a00015c000,2,76,0,0,0,21,0,0,1,998980,0
empty,228,5,410200850080104,2841a00015c000,1,76,1,0,1,20,1,1,1,-998981,8
empty,229,0,14844048000a120,8000b00006210800,5,56,1,0,0,15,0,0,1,998986,6
empty,229,1,14844048000a120,8000b00006210800,5,55,0,0,1,14,0,0,1,-998987,0
empty,229,2,14844048000a120,8000b00006210800,6,55,1,0,0,13,0,1,1,998988,5
empty,229,3,14844048000a120,8000b00006210800,6,46,0,0,1,12,0,0,1,-998989,0
empty,229,4,14844048000a120,8000b00006210800,7,46,1,0,0,11,0,1,1,998990,4
empty,229,5,14844048000a120,8000b00006210800,7,45,0,0,1,14,1,1,1,-998987,1
empty,230,0,40848a2002000000,230440200036011,20,48,0,0,1,10,0,1,1,-998991,3
empty,230,1,40848a2002000000,230440200036011,11,48,1,0,0,9,0,1,1,998992,4
empty,230,2,40848a2002000000,230440200036011,11,49,0,0,1,10,0,1,1,-998991,2
empty,230,3,40848a2002000000,230440200036011,20,49,1,0,0,9,0,1,1,998992,4
empty,230,4,40848a2002000000,230440200036011,20,40,0,0,1,8,0,1,1,-998993,3
empty,230,5,40848a2002000000,230440200036011,21,40,1,0,0,7,0,1,1,998994,3
empty,231,0,5000048082918900,280100000420430,2,79,1,0,0,21,0,0,1,998980,8
empty,231,1,5000048082918900,280100000420430,2,80,0,0,1,20,1,1,1,-998981,1
empty,231,2,5000048082918900,280100000420430,11,80,1,0,0,19,1,1,1,998982,7
empty,231,3,5000048082918900,280100000420430,11,71,0,0,1,18,0,1,1,-998983,2
empty,231,4,5000048082918900,280100000420430,2,71,1,0,0,17,0,1,1,998984,6
empty,231,5,5000048082918900,280100000420430,2,80,0,0,1,20,1,1,1,-998981,1
empty,232,0,120808002004001,5000284481100134,3,67,0,0,1,14,1,1,1,-998987,1
empty,232,1,120808002004001,5000284481100134,12,67,1,0,0,13,0,1,1,998988,6
empty,232,2,120808002004001,5000284481100134,12,58,0,0,1,12,0,1,1,-998989,2
empty,232,3,120808002004001,5000284481100134,21,58,1,0,0,11,0,1,1,998990,5
empty,232,4,120808002004001,5000284481100134,21,67,0,0,0,11,0,1,1,998990,3
empty,232,5,120808002004001,5000284481100134,20,67,1,0,0,13,0,1,1,998988,6
empty,233,0,80a200004400a000,400488002480592,4,74,0,0,0,15,1,1,1,998986,1
empty,233,1,80a200004400a000,400488002480592,13,74,1,0,1,14,1,1,1,-998987,7
empty,233,2,80a200004400a000,400488002480592,13,65,0,0,0,13,0,1,1,998988,2
empty,233,3,80a200004400a000,400488002480592,12,65,1,0,1,16,0,0,1,-998985,7
empty,233,4,80a200004400a000,400488002480592,12,64,0,0,0,15,1,1,1,998986,1
empty,233,5,80a200004400a000,400488002480592,3,64,1,0,0,15,0,0,1,998986,7
empty,234,0,41000a1000880240,20440a04005001c,12,59,1,0,0,15,0,1,1,998986,6
empty,234,1,41000a1000880240,20440a04005001c,12,68,0,0,1,18,0,1,1,-998983,2
empty,234,2,41000a1000880240,20440a04005001c,21,68,1,0,0,17,0,1,1,998984,6
empty,234,3,41000a1000880240,20440a04005001c,21,69,0,0,1,16,0,0,1,-998985,2
empty,234,4,41000a1000880240,20440a04005001c,22,69,1,0,0,15,0,1,1,998986,6
empty,234,5,41000a1000880240,20440a04005001c,22,60,0,0,1,14,0,0,1,-998987,2
empty,235,0,2040000801a81121,120801000c008410,4,58,0,0,1,16,1,1,1,-998985,0
empty,235,1,2040000801a81121,120801000c008410,3,58,1,0,0,15,0,1,1,998986,5
empty,235,2,2040000801a81121,120801000c008410,3,67,0,0,1,18,1,1,1,-998983,0
empty,235,3,2040000801a81121,120801000c008410,12,67,1,0,0,17,0,1,1,998984,6
empty,235,4,2040000801a81121,120801000c008410,12,76,0,0,1,20,1,1,1,-998981,0
empty,235,5,2040000801a81121,120801000c008410,13,76,1,0,0,19,1,1,1,998982,7
empty,236,0,1001204100a8800,58026000090010a0,12,74,0,0,0,23,0,0,1,998978,0
empty,236,1,1001204100a8800,58026000090010a0,3,74,1,0,1,22,1,1,1,-998979,7
empty,236,2,1001204100a8800,58026000090010a0,3,75,0,0,0,21,1,1,1,998980,0
empty,236,3,1001204100a8800,58026000090010a0,4,75,1,0,1,20,1,1,1,-998981,7
empty,236,4,1001204100a8800,58026000090010a0,4,66,0,0,0,19,1,1,1,998982,0
empty,236,5,1001204100a8800,58026000090010a0,5,66,1,0,1,18,0,1,1,-998983,6
empty,237,0,200450204009048,421824010082200,5,58,1,0,0,17,0,1,1,998984,5
empty,237,1,200450204009048,421824010082200,5,59,0,0,1,18,1,1,1,-998983,0
empty,237,2,200450204009048,421824010082200,4,59,1,0,0,17,0,1,1,998984,5
empty,237,3,200450204009048,421824010082200,4,58,0,0,1,18,0,0,1,-998983,0
empty,237,4,200450204009048,421824010082200,3,58,1,0,0,17,0,1,1,998984,5
empty,237,5,200450204009048,421824010082200,3,57,0,0,1,20,0,0,1,-998981,0
empty,238,0,20480410004a1200,8008220d0040006,6,74,0,0,0,19,1,1,1,998982,1
empty,238,1,20480410004a1200,8008220d0040006,15,74,1,0,1,18,1,1,1,-998983,7
empty,238,2,20480410004a1200,8008220d0040006,15,75,0,0,0,17,0,1,1,998984,2
empty,238,3,20480410004a1200,8008220d0040006,6,75,1,0,1,20,1,1,1,-998981,7
empty,238,4,20480410004a1200,8008220d0040006,6,74,0,0,0,19,1,1,1,998982,1
empty,238,5,20480410004a1200,8008220d0040006,5,74,1,0,0,19,1,1,1,998982,7
empty,239,0,88440200504201,900224806010400,4,76,0,0,1,22,1,1,1,-998979,1
empty,239,1,88440200504201,900224806010400,13,76,1,0,0,21,1,1,1,998980,7
empty,239,2,88440200504201,900224806010400,13,67,0,0,1,20,0,1,1,-998981,2
empty,239,3,88440200504201,900224806010400,22,67,1,0,0,19,0,0,1,998982,7
empty,239,4,88440200504201,900224806010400,22,76,0,0,0,17,0,0,1,998984,2
empty,239,5,88440200504201,900224806010400,23,76,1,0,0,21,1,1,1,998980,7
empty,240,0,8002890004081404,300700029040020,2,65,1,0,0,19,0,0,1,998982,7
empty,240,1,8002890004081404,300700029040020,2,74,0,0,0,21,0,0,1,998980,0
empty,240,2,8002890004081404,300700029040020,3,74,1,0,0,21,1,1,1,998980,7
empty,240,3,8002890004081404,300700029040020,3,75,0,0,1,20,0,0,1,-998981,0
empty,240,4,8002890004081404,300700029040020,4,75,1,0,0,19,1,1,1,998982,7
empty,240,5,8002890004081404,300700029040020,4,76,0,0,1,20,1,1,1,-998981,1
empty,241,0,2900800001004101,460001241800802c,5,67,0,0,1,14,1,1,1,-998987,1
empty,241,1,2900800001004101,460001241800802c,4,67,1,0,0,13,0,1,1,998988,6
empty,241,2,2900800001004101,460001241800802c,4,58,0,0,1,12,1,1,1,-998989,1
empty,241,3,2900800001004101,460001241800802c,5,58,1,0,0,11,0,1,1,998990,5
empty,241,4,2900800001004101,460001241800802c,5,57,0,0,1,12,1,1,1,-998989,1
empty,241,5,2900800001004101,460001241800802c,4,57,1,0,0,11,0,1,1,998990,5
empty,242,0,400141a0009100,896200810012002,11,76,1,0,1,14,1,1,1,-998987,7
empty,242,1,400141a0009100,896200810012002,11,67,0,0,0,13,0,1,1,998988,2
empty,242,2,400141a0009100,896200810012002,20,67,1,0,1,12,0,1,1,-998989,6
empty,242,3,400141a0009100,896200810012002,20,76,0,0,0,11,0,1,1,998990,3
empty,242,4,400141a0009100,896200810012002,29,76,1,0,1,10,1,1,1,-998991,7
empty,242,5,400141a0009100,896200810012002,29,77,0,0,0,9,0,1,1,998992,4
empty,243,0,a1a0408204400000,5180140000200b,6,74,0,0,1,20,1,1,1,-998981,0
empty,243,1,a1a0408204400000,5180140000200b,5,74,1,0,0,19,1,1,1,998982,7
empty,243,2,a1a0408204400000,5180140000200b,5,65,0,0,1,18,1,1,1,-998983,1
empty,243,3,a1a0408204400000,5180140000200b,6,65,1,0,0,17,0,1,1,998984,6
empty,243,4,a1a0408204400000,5180140000200b,6,66,0,0,1,16,1,1,1,-998985,0
empty,243,5,a1a0408204400000,5180140000200b,5,66,1,0,0,15,0,1,1,998986,6
empty,244,0,10008884044a010,1040024004800462,2,68,0,0,1,18,1,1,1,-998983,1
empty,244,1,10008884044a010,1040024004800462,3,68,1,0,0,17,0,1,1,998984,6
empty,244,2,10008884044a010,1040024004800462,3,69,0,0,0,19,1,1,1,998982,1
empty,244,3,10008884044a010,1040024004800462,4,69,1,0,0,19,0,1,1,998982,6
empty,244,4,10008884044a010,1040024004800462,4,60,0,0,1,18,0,0,1,-998983,0
empty,244,5,10008884044a010,1040024004800462,5,60,1,0,0,17,0,1,1,998984,5
empty,245,0,4044a4522101088,8000000018c40000,3,68,1,0,0,19,0,1,1,998982,6
empty,245,1,4044a4522101088,8000000018c40000,3,67,0,0,1,22,0,0,1,-998979,0
empty,245,2,4044a4522101088,8000000018c40000,4,67,1,0,0,21,0,1,1,998980,6
empty,245,3,4044a4522101088,8000000018c40000,4,58,0,0,1,20,0,0,1,-998981,0
empty,245,4,4044a4522101088,8000000018c40000,3,58,1,0,0,19,0,0,1,998982,6
empty,245,5,4044a4522101088,8000000018c40000,3,59,0,0,1,18,0,0,1,-998983,0
empty,246,0,4002802120008104,200044008051823,12,77,1,0,1,14,1,1,1,-998987,7
empty,246,1,4002802120008104,200044008051823,12,78,0,0,0,13,0,1,1,998988,2
empty,246,2,4002802120008104,200044008051823,21,78,1,0,1,12,0,0,1,-998989,8
empty,246,3,4002802120008104,200044008051823,21,79,0,0,0,11,0,1,1,998990,3
empty,246,4,4002802120008104,200044008051823,30,79,1,0,1,10,0,0,1,-998991,8
empty,246,5,4002802120008104,200044008051823,30,80,0,0,0,9,0,1,1,998992,4
empty,247,0,2114201104491420,2400480000a00,11,67,0,0,1,22,0,0,1,-998979,0
empty,247,1,2114201104491420,2400480000a00,12,67,1,0,0,21,0,0,1,998980,7
empty,247,2,2114201104491420,2400480000a00,12,76,0,0,1,24,0,0,1,-998977,0
empty,247,3,2114201104491420,2400480000a00,3,76,1,0,0,23,1,1,1,998978,7
empty,247,4,2114201104491420,2400480000a00,3,67,0,0,1,22,1,1,1,-998979,0
empty,247,5,2114201104491420,2400480000a00,4,67,1,0,0,21,0,0,1,998980,7
empty,248,0,8842001290094024,480240020400100,14,75,1,0,1,22,0,0,1,-998979,8
empty,248,1,8842001290094024,480240020400100,14,76,0,0,0,21,0,1,1,998980,2
empty,248,2,8842001290094024,480240020400100,13,76,1,0,1,22,0,0,1,-998979,8
empty,248,3,8842001290094024,480240020400100,13,75,0,0,0,21,0,1,1,998980,2
empty,248,4,8842001290094024,480240020400100,12,75,1,0,1,20,0,0,1,-998981,8
empty,248,5,8842001290094024,480240020400100,12,76,0,0,0,19,0,1,1,998982,2
empty,249,0,2000010810100102,a0078020004b840,21,58,1,0,1,14,1,1,1,-998987,7
empty,249,1,2000010810100102,a0078020004b840,21,49,0,0,0,13,0,1,1,998988,3
empty,249,2,2000010810100102,a0078020004b840,12,49,1,0,1,16,0,0,1,-998985,6
empty,249,3,2000010810100102,a0078020004b840,12,58,0,0,0,15,0,1,1,998986,2
empty,249,4,2000010810100102,a0078020004b840,3,58,1,0,1,18,1,1,1,-998983,7
empty,249,5,2000010810100102,a0078020004b840,3,49,0,0,0,17,1,1,1,998984,1
empty,250,0,2109800089008000,1086100e20480000,6,67,1,0,1,18,0,0,1,-998983,8
empty,250,1,2109800089008000,1086100e20480000,6,76,0,0,0,17,1,1,1,998984,1
empty,250,2,2109800089008000,1086100e20480000,5,76,1,0,0,19,1,1,1,998982,8
empty,250,3,2109800089008000,1086100e20480000,5,67,0,0,0,19,1,1,1,998982,1
empty,250,4,2109800089008000,1086100e20480000,4,67,1,0,0,21,0,0,1,998980,8
empty,250,5,2109800089008000,1086100e20480000,4,76,0,0,1,20,1,1,1,-998981,1
empty,251,0,8400480020800240,210210a2000a5020,5,64,1,0,0,15,0,1,1,998986,6
empty,251,1,8400480020800240,210210a2000a5020,5,55,0,0,1,14,1,1,1,-998987,1
empty,251,2,8400480020800240,210210a2000a5020,4,55,1,0,0,13,0,1,1,998988,5
empty,251,3,8400480020800240,210210a2000a5020,4,46,0,0,1,12,1,1,1,-998989,1
empty,251,4,8400480020800240,210210a2000a5020,5,46,1,0,0,11,0,1,1,998990,4
empty,251,5,8400480020800240,210210a2000a5020,5,37,0,0,1,10,1,1,1,-998991,1
empty,252,0,22212405012250,14000a0008104,3,49,0,0,1,12,1,1,1,-998989,1
empty,252,1,22212405012250,14000a0008104,12,49,1,0,0,11,0,1,1,998990,4
empty,252,2,22212405012250,14000a0008104,12,50,0,0,1,14,0,1,1,-998987,2
empty,252,3,22212405012250,14000a0008104,13,50,1,0,0,13,0,0,1,998988,5
empty,252,4,22212405012250,14000a0008104,13,49,0,0,1,12,0,1,1,-998989,2
empty,252,5,22212405012250,14000a0008104,14,49,1,0,0,11,0,1,1,998990,4
empty,253,0,2281080024412,540251002104,12,78,0,0,0,23,0,0,1,998978,1
empty,253,1,2281080024412,540251002104,3,78,1,0,1,26,1,1,1,-998975,7
empty,253,2,2281080024412,540251002104,3,77,0,0,0,25,1,1,1,998976,1
empty,253,3,2281080024412,540251002104,4,77,1,0,0,25,1,1,1,998976,7
empty,253,4,2281080024412,540251002104,4,68,0,0,1,24,0,0,1,-998977,0
empty,253,5,2281080024412,540251002104,3,68,1,0,0,23,1,1,1,998978,7
empty,254,0,848122001004882,20010801100b8000,5,56,1,0,0,17,0,0,1,998984,6
empty,254,1,848122001004882,20010801100b8000,5,55,0,0,1,20,1,1,1,-998981,1
empty,254,2,848122001004882,20010801100b8000,4,55,1,0,0,19,0,0,1,998982,6
empty,254,3,848122001004882,20010801100b8000,4,64,0,0,1,22,1,1,1,-998979,1
empty,254,4,848122001004882,20010801100b8000,3,64,1,0,0,21,0,1,1,998980,6
empty,254,5,848122001004882,20010801100b8000,3,65,0,0,1,20,1,1,1,-998981,1
empty,255,0,105104850105001,88000802000a0024,16,68,0,0,0,15,0,0,1,998986,1
empty,255,1,105104850105001,88000802000a0024,7,68,1,0,0,19,0,1,1,998982,6
empty,255,2,105104850105001,88000802000a0024,7,77,0,0,0,17,1,1,1,998984,1
empty,255,3,105104850105001,88000802000a0024,8,77,1,0,1,16,1,1,1,-998985,7
empty,255,4,105104850105001,88000802000a0024,8,68,0,0,0,15,1,1,1,998986,1
empty,255,5,105104850105001,88000802000a0024,7,68,1,0,0,19,0,1,1,998982,6
empty,256,0,400400010052941,28100421428020,9,76,1,0,0,23,1,1,1,998978,7
empty,256,1,400400010052941,28100421428020,9,75,0,0,1,28,0,0,1,-998973,1
empty,256,2,400400010052941,28100421428020,10,75,1,0,0,27,0,0,1,998974,8
empty,256,3,400400010052941,28100421428020,10,76,0,0,1,26,0,0,1,-998975,1
empty,256,4,400400010052941,28100421428020,11,76,1,0,0,25,1,1,1,998976,7
empty,256,5,400400010052941,28100421428020,11,67,0,0,1,24,0,1,1,-998977,2
empty,257,0,292200410121000,210a4084000842,20,77,1,0,1,16,1,1,1,-998985,8
empty,257,1,292200410121000,210a4084000842,20,76,0,0,0,15,0,0,1,998986,2
empty,257,2,292200410121000,210a4084000842,19,76,1,0,1,14,1,1,1,-998987,8
empty,257,3,292200410121000,210a4084000842,19,75,0,0,0,13,0,0,1,998988,2
empty,257,4,292200410121000,210a4084000842,18,75,1,0,1,12,1,1,1,-998989,8
empty,257,5,292200410121000,210a4084000842,18,76,0,0,0,11,0,1,1,998990,3
empty,258,0,4000400181880800,e200042a006201,12,75,1,0,0,17,1,1,1,998984,7
empty,258,1,4000400181880800,e200042a006201,12,66,0,0,1,16,0,0,1,-998985,1
empty,258,2,4000400181880800,e200042a006201,13,66,1,0,0,15,0,1,1,998986,6
empty,258,3,4000400181880800,e200042a006201,13,67,0,0,1,16,0,0,1,-998985,1
empty,258,4,4000400181880800,e200042a006201,12,67,1,0,0,15,0,1,1,998986,6
empty,258,5,4000400181880800,e200042a006201,12,58,0,0,1,14,0,0,1,-998987,1
empty,259,0,222040941404022,a0001084000000c8,3,73,0,0,0,21,1,1,1,998980,1
empty,259,1,222040941404022,a0001084000000c8,2,73,1,0,0,23,0,0,1,998978,8
empty,259,2,222040941404022,a0001084000000c8,2,74,0,0,0,23,0,0,1,998978,0
empty,259,3,222040941404022,a0001084000000c8,3,74,1,0,1,22,0,0,1,-998979,8
empty,259,4,222040941404022,a0001084000000c8,3,75,0,0,0,21,1,1,1,998980,1
empty,259,5,222040941404022,a0001084000000c8,12,75,1,0,1,20,1,1,1,-998981,7
empty,260,0,12880009048000,188002a144810010,0,68,0,0,1,16,1,1,1,-998985,1
empty,260,1,12880009048000,188002a144810010,1,68,1,0,0,15,0,0,1,998986,7
empty,260,2,12880009048000,188002a144810010,1,77,0,0,1,18,1,1,1,-998983,1
empty,260,3,12880009048000,188002a144810010,2,77,1,0,0,17,1,1,1,998984,7
empty,260,4,12880009048000,188002a144810010,2,68,0,0,1,16,1,1,1,-998985,1
empty,260,5,12880009048000,188002a144810010,1,68,1,0,0,15,0,0,1,998986,7
empty,261,0,284008028115040,4108204004200a,3,77,0,0,0,21,1,1,1,998980,1
empty,261,1,284008028115040,4108204004200a,2,77,1,0,1,20,1,1,1,-998981,7
empty,261,2,284008028115040,4108204004200a,2,76,0,0,0,19,1,1,1,998982,1
empty,261,3,284008028115040,4108204004200a,3,76,1,0,1,22,1,1,1,-998979,7
empty,261,4,284008028115040,4108204004200a,3,67,0,0,0,21,1,1,1,998980,1
empty,261,5,284008028115040,4108204004200a,2,67,1,0,1,20,0,1,1,-998981,6
empty,262,0,a808142840000840,24810208400011,3,79,0,0,0,19,1,1,1,998982,1
empty,262,1,a808142840000840,24810208400011,4,79,1,0,1,22,0,0,1,-998979,8
empty,262,2,a808142840000840,24810208400011,4,78,0,0,0,21,1,1,1,998980,1
empty,262,3,a808142840000840,24810208400011,3,78,1,0,1,20,0,0,1,-998981,8
empty,262,4,a808142840000840,24810208400011,3,79,0,0,0,19,1,1,1,998982,1
empty,262,5,a808142840000840,24810208400011,12,79,1,0,1,18,0,0,1,-998983,8
empty,263,0,501000045102400a,21c2000080000a01,15,73,0,0,0,17,0,0,1,998984,1
empty,263,1,501000045102400a,21c2000080000a01,6,73,1,0,1,20,1,1,1,-998981,7
empty,263,2,501000045102400a,21c2000080000a01,6,64,0,0,0,19,1,1,1,998982,1
empty,263,3,501000045102400a,21c2000080000a01,7,64,1,0,1,18,0,1,1,-998983,6
empty,263,4,501000045102400a,21c2000080000a01,7,55,0,0,0,17,1,1,1,998984,1
empty,263,5,501000045102400a,21c2000080000a01,8,55,1,0,1,16,0,1,1,-998985,5
empty,264,0,8855412800402190,1008000026,13,67,0,0,0,25,0,1,1,998976,2
empty,264,1,8855412800402190,1008000026,14,67,1,0,0,25,0,0,1,998976,7
empty,264,2,8855412800402190,1008000026,14,66,0,0,0,27,0,0,1,998974,1
empty,264,3,8855412800402190,1008000026,13,66,1,0,1,26,0,0,1,-998975,7
empty,264,4,8855412800402190,1008000026,13,65,0,0,0,25,0,1,1,998976,2
empty,264,5,8855412800402190,1008000026,22,65,1,0,1,24,0,0,1,-998977,7
empty,265,0,4080418091488140,4800804822000,13,67,0,0,1,18,0,1,1,-998983,2
empty,265,1,4080418091488140,4800804822000,4,67,1,0,0,17,0,1,1,998984,6
empty,265,2,4080418091488140,4800804822000,4,66,0,0,1,16,1,1,1,-998985,1
empty,265,3,4080418091488140,4800804822000,5,66,1,0,0,15,0,1,1,998986,6
empty,265,4,4080418091488140,4800804822000,5,75,0,0,1,18,1,1,1,-998983,1
empty,265,5,4080418091488140,4800804822000,4,75,1,0,0,17,1,1,1,998984,7
empty,266,0,40800500000141,b044a8054204000,4,68,0,0,1,14,1,1,1,-998987,1
empty,266,1,40800500000141,b044a8054204000,5,68,1,0,0,13,0,1,1,998988,6
empty,266,2,40800500000141,b044a8054204000,5,59,0,0,1,12,1,1,1,-998989,1
empty,266,3,40800500000141,b044a8054204000,6,59,1,0,0,11,0,1,1,998990,5
empty,266,4,40800500000141,b044a8054204000,6,60,0,0,1,14,0,0,1,-998987,0
empty,266,5,40800500000141,b044a8054204000,5,60,1,0,0,13,0,1,1,998988,5
empty,267,0,4100852000800508,442000214001224,15,76,1,0,1,20,1,1,1,-998981,7
empty,267,1,4100852000800508,442000214001224,15,67,0,0,0,19,0,1,1,998982,2
empty,267,2,4100852000800508,442000214001224,6,67,1,0,0,21,0,1,1,998980,6
empty,267,3,4100852000800508,442000214001224,6,66,0,0,0,21,1,1,1,998980,1
empty,267,4,4100852000800508,442000214001224,7,66,1,0,0,23,0,1,1,998978,6
empty,267,5,4100852000800508,442000214001224,7,67,0,0,1,22,1,1,1,-998979,1
empty,268,0,4040a000a2010,a04000442104d008,0,77,1,0,1,16,1,1,1,-998985,7
empty,268,1,4040a000a2010,a04000442104d008,0,76,0,0,0,15,1,1,1,998986,1
empty,268,2,4040a000a2010,a04000442104d008,9,76,1,0,1,14,1,1,1,-998987,7
empty,268,3,4040a000a2010,a04000442104d008,9,67,0,0,0,13,0,1,1,998988,2
empty,268,4,4040a000a2010,a04000442104d008,10,67,1,0,1,16,0,1,1,-998985,6
empty,268,5,4040a000a2010,a04000442104d008,10,66,0,0,0,15,0,1,1,998986,2
empty,269,0,85010050a1422208,4002204000401,15,78,1,0,1,22,1,1,1,-998979,7
empty,269,1,85010050a1422208,4002204000401,15,79,0,0,0,21,0,0,1,998980,1
empty,269,2,85010050a1422208,4002204000401,6,79,1,0,1,24,0,0,1,-998977,8
empty,269,3,85010050a1422208,4002204000401,6,80,0,0,0,23,1,1,1,998978,1
empty,269,4,85010050a1422208,4002204000401,5,80,1,0,1,22,0,0,1,-998979,8
empty,269,5,85010050a1422208,4002204000401,5,79,0,0,0,21,1,1,1,998980,1
empty,270,0,44110401042000,8900000280134085,15,65,0,0,0,21,0,0,1,998980,0
empty,270,1,44110401042000,8900000280134085,6,65,1,0,1,20,0,0,1,-998981,7
empty,270,2,44110401042000,8900000280134085,6,74,0,0,0,19,1,1,1,998982,0
empty,270,3,44110401042000,8900000280134085,7,74,1,0,1,18,1,1,1,-998983,7
empty,270,4,44110401042000,8900000280134085,7,73,0,0,0,17,1,1,1,998984,1
empty,270,5,44110401042000,8900000280134085,6,73,1,0,1,20,1,1,1,-998981,7
empty,271,0,104180a100400200,2004004980200c5,23,49,0,0,1,10,0,1,1,-998991,2
empty,271,1,104180a100400200,2004004980200c5,24,49,1,0,0,9,0,1,1,998992,4
empty,271,2,104180a100400200,2004004980200c5,24,50,0,0,1,12,0,0,1,-998989,2
empty,271,3,104180a100400200,2004004980200c5,25,50,1,0,0,11,0,0,1,998990,5
empty,271,4,104180a100400200,2004004980200c5,25,59,0,0,1,14,0,0,1,-998987,2
empty,271,5,104180a100400200,2004004980200c5,16,59,1,0,0,13,0,1,1,998988,5
empty,272,0,1404002810,c43082002a440180,15,74,1,0,1,16,1,1,1,-998985,7
empty,272,1,1404002810,c43082002a440180,15,65,0,0,0,15,0,0,1,998986,1
empty,272,2,1404002810,c43082002a440180,6,65,1,0,0,15,1,1,1,998986,7
empty,272,3,1404002810,c43082002a440180,6,64,0,0,1,14,1,1,1,-998987,1
empty,272,4,1404002810,c43082002a440180,5,64,1,0,0,13,0,1,1,998988,6
empty,272,5,1404002810,c43082002a440180,5,63,0,0,1,14,0,0,1,-998987,0
empty,273,0,40002884000848,12006201401004a1,10,76,0,0,0,13,0,1,1,998988,2
empty,273,1,40002884000848,12006201401004a1,19,76,1,0,1,12,1,1,1,-998989,7
empty,273,2,40002884000848,12006201401004a1,19,67,0,0,0,11,0,1,1,998990,3
empty,273,3,40002884000848,12006201401004a1,18,67,1,0,1,12,0,1,1,-998989,6
empty,273,4,40002884000848,12006201401004a1,18,58,0,0,0,11,0,1,1,998990,3
empty,273,5,40002884000848,12006201401004a1,9,58,1,0,1,14,0,1,1,-998987,5
empty,274,0,90122808a051000,4804801020420,4,70,0,0,1,24,1,1,1,-998977,1
empty,274,1,90122808a051000,4804801020420,13,70,1,0,0,23,0,1,1,998978,6
empty,274,2,90122808a051000,4804801020420,13,69,0,0,1,22,0,0,1,-998979,1
empty,274,3,90122808a051000,4804801020420,4,69,1,0,0,21,0,1,1,998980,6
empty,274,4,90122808a051000,4804801020420,4,78,0,0,1,24,1,1,1,-998977,1
empty,274,5,90122808a051000,4804801020420,3,78,1,0,0,23,1,1,1,998978,7
empty,275,0,401014001009080,9008348300220400,3,74,1,0,1,18,0,0,1,-998983,8
empty,275,1,401014001009080,9008348300220400,3,73,0,0,0,17,1,1,1,998984,1
empty,275,2,401014001009080,9008348300220400,4,73,1,0,0,17,1,1,1,998984,7
empty,275,3,401014001009080,9008348300220400,4,74,0,0,0,19,1,1,1,998982,1
empty,275,4,401014001009080,9008348300220400,13,74,1,0,1,18,0,0,1,-998983,8
empty,275,5,401014001009080,9008348300220400,13,73,0,0,0,17,0,0,1,998984,1
empty,276,0,840004580280000,4021000078010ac,13,76,1,0,0,21,0,0,1,998980,8
empty,276,1,840004580280000,4021000078010ac,13,77,0,0,1,20,1,1,1,-998981,0
empty,276,2,840004580280000,4021000078010ac,4,77,1,0,0,19,1,1,1,998982,7
empty,276,3,840004580280000,4021000078010ac,4,76,0,0,1,22,1,1,1,-998979,0
empty,276,4,840004580280000,4021000078010ac,13,76,1,0,0,21,0,0,1,998980,8
empty,276,5,840004580280000,4021000078010ac,13,75,0,0,1,24,1,1,1,-998977,0
empty,277,0,2440492254418a01,4000800000020,5,74,1,0,1,22,0,0,1,-998979,8
empty,277,1,2440492254418a01,4000800000020,5,73,0,0,0,21,1,1,1,998980,1
empty,277,2,2440492254418a01,4000800000020,4,73,1,0,1,24,1,1,1,-998977,7
empty,277,3,2440492254418a01,4000800000020,4,72,0,0,0,23,1,1,1,998978,1
empty,277,4,2440492254418a01,4000800000020,5,72,1,0,1,22,1,1,1,-998979,7
empty,277,5,2440492254418a01,4000800000020,5,73,0,0,0,21,1,1,1,998980,1
empty,278,0,1080800a02a00a,820000c0214214,13,67,0,0,0,17,0,1,1,998984,2
empty,278,1,1080800a02a00a,820000c0214214,12,67,1,0,1,20,0,0,1,-998981,7
empty,278,2,1080800a02a00a,820000c0214214,12,66,0,0,0,19,0,1,1,998982,2
empty,278,3,1080800a02a00a,820000c0214214,21,66,1,0,1,18,0,1,1,-998983,6
empty,278,4,1080800a02a00a,820000c0214214,21,57,0,0,0,17,0,1,1,998984,3
empty,278,5,1080800a02a00a,820000c0214214,20,57,1,0,0,17,0,1,1,998984,5
empty,279,0,2144020800041082,4100020c6000029,21,78,1,0,1,18,0,0,1,-998983,8
empty,279,1,2144020800041082,4100020c6000029,21,77,0,0,0,17,0,0,1,998984,2
empty,279,2,2144020800041082,4100020c6000029,22,77,1,0,1,16,0,0,1,-998985,8
empty,279,3,2144020800041082,4100020c6000029,22,78,0,0,0,15,0,1,1,998986,3
empty,279,4,2144020800041082,4100020c6000029,23,78,1,0,1,14,0,0,1,-998987,8
empty,279,5,2144020800041082,4100020c6000029,23,79,0,0,0,13,0,1,1,998988,3
empty,280,0,a14000212201004,8400f00044100200,13,76,1,0,0,21,0,0,1,998980,8
empty,280,1,a14000212201004,8400f00044100200,13,77,0,0,1,20,0,0,1,-998981,1
empty,280,2,a14000212201004,8400f00044100200,4,77,1,0,0,19,1,1,1,998982,7
empty,280,3,a14000212201004,8400f00044100200,4,76,0,0,1,22,1,1,1,-998979,1
empty,280,4,a14000212201004,8400f00044100200,13,76,1,0,0,21,0,0,1,998980,8
empty,280,5,a14000212201004,8400f00044100200,13,75,0,0,0,19,0,0,1,998982,1
empty,281,0,4040000408240001,228160156000088,15,67,0,0,0,17,0,1,1,998984,2
empty,281,1,4040000408240001,228160156000088,14,67,1,0,0,19,1,1,1,998982,7
empty,281,2,4040000408240001,228160156000088,14,68,0,0,1,18,0,1,1,-998983,2
empty,281,3,4040000408240001,228160156000088,13,68,1,0,0,17,0,1,1,998984,6
empty,281,4,4040000408240001,228160156000088,13,67,0,0,0,19,0,1,1,998982,2
empty,281,5,4040000408240001,228160156000088,22,67,1,0,1,18,1,1,1,-998983,7
empty,282,0,2100454120800024,81080048051200,11,77,0,0,1,18,1,1,1,-998983,1
empty,282,1,2100454120800024,81080048051200,12,77,1,0,0,17,0,0,1,998984,8
empty,282,2,2100454120800024,81080048051200,12,76,0,0,1,16,0,1,1,-998985,2
empty,282,3,2100454120800024,81080048051200,11,76,1,0,0,15,1,1,1,998986,7
empty,282,4,2100454120800024,81080048051200,11,75,0,0,1,18,1,1,1,-998983,1
empty,282,5,2100454120800024,81080048051200,12,75,1,0,0,17,1,1,1,998984,7
empty,283,0,4a2001102002444,4011200018208800,3,75,0,0,1,24,0,0,1,-998977,0
empty,283,1,4a2001102002444,4011200018208800,4,75,1,0,0,23,0,0,1,998978,8
empty,283,2,4a2001102002444,4011200018208800,4,74,0,0,1,26,1,1,1,-998975,0
empty,283,3,4a2001102002444,4011200018208800,5,74,1,0,0,25,0,0,1,998976,8
empty,283,4,4a2001102002444,4011200018208800,5,75,0,0,1,24,1,1,1,-998977,0
empty,283,5,4a2001102002444,4011200018208800,6,75,1,0,0,23,0,0,1,998978,8
empty,284,0,4a40208040100022,2084010600c40080,11,76,1,0,1,18,0,0,1,-998983,8
empty,284,1,4a40208040100022,2084010600c40080,11,77,0,0,0,17,0,1,1,998984,2
empty,284,2,4a40208040100022,2084010600c40080,12,77,1,0,0,19,1,1,1,998982,7
empty,284,3,4a40208040100022,2084010600c40080,12,76,0,0,0,17,0,1,1,998984,2
empty,284,4,4a40208040100022,2084010600c40080,11,76,1,0,1,18,0,0,1,-998983,8
empty,284,5,4a40208040100022,2084010600c40080,11,77,0,0,0,17,0,1,1,998984,2
empty,285,0,24a1140082809100,110018014000200,21,66,1,0,0,23,0,1,1,998978,6
empty,285,1,24a1140082809100,110018014000200,21,65,0,0,1,22,0,1,1,-998979,3
empty,285,2,24a1140082809100,110018014000200,30,65,1,0,0,21,0,1,1,998980,6
empty,285,3,24a1140082809100,110018014000200,30,56,0,0,1,20,0,1,1,-998981,4
empty,285,4,24a1140082809100,110018014000200,31,56,1,0,0,19,0,0,1,998982,6
empty,285,5,24a1140082809100,110018014000200,31,65,0,0,1,22,0,1,1,-998979,4
empty,286,0,441802005800541,14088460000004,12,56,0,0,0,15,0,0,1,998986,1
empty,286,1,441802005800541,14088460000004,13,56,1,0,1,14,1,1,1,-998987,7
empty,286,2,441802005800541,14088460000004,13,55,0,0,0,13,0,1,1,998988,2
empty,286,3,441802005800541,14088460000004,14,55,1,0,1,16,0,1,1,-998985,6
empty,286,4,441802005800541,14088460000004,14,46,0,0,0,15,0,1,1,998986,2
empty,286,5,441802005800541,14088460000004,15,46,1,0,1,18,0,1,1,-998983,6
empty,287,0,220022002510,164004408440260,13,68,1,0,1,14,0,1,1,-998987,6
empty,287,1,220022002510,164004408440260,13,77,0,0,0,13,0,1,1,998988,2
empty,287,2,220022002510,164004408440260,22,77,1,0,1,12,1,1,1,-998989,7
empty,287,3,220022002510,164004408440260,22,68,0,0,0,11,0,1,1,998990,3
empty,287,4,220022002510,164004408440260,23,68,1,0,1,14,0,1,1,-998987,6
empty,287,5,220022002510,164004408440260,23,59,0,0,0,13,0,1,1,998988,3
empty,288,0,208490004010240,60003a01208021,14,75,1,0,1,14,1,1,1,-998987,7
empty,288,1,208490004010240,60003a01208021,14,66,0,0,0,13,0,1,1,998988,2
empty,288,2,208490004010240,60003a01208021,23,66,1,0,1,12,0,0,1,-998989,7
empty,288,3,208490004010240,60003a01208021,23,67,0,0,0,11,0,1,1,998990,3
empty,288,4,208490004010240,60003a01208021,14,67,1,0,0,15,0,0,1,998986,7
empty,288,5,208490004010240,60003a01208021,14,76,0,0,0,13,0,1,1,998988,2
empty,289,0,90a8289012008100,2200002000920040,13,57,0,0,1,16,0,1,1,-998985,2
empty,289,1,90a8289012008100,2200002000920040,4,57,1,0,0,15,0,0,1,998986,6
empty,289,2,90a8289012008100,2200002000920040,4,56,0,0,1,14,1,1,1,-998987,1
empty,289,3,90a8289012008100,2200002000920040,13,56,1,0,0,13,0,1,1,998988,5
empty,289,4,90a8289012008100,2200002000920040,13,65,0,0,1,16,0,1,1,-998985,2
empty,289,5,90a8289012008100,2200002000920040,12,65,1,0,0,15,0,1,1,998986,6
empty,290,0,241100000081040,c408200a20162100,13,59,0,0,0,19,0,0,1,998982,1
empty,290,1,241100000081040,c408200a20162100,4,59,1,0,1,22,0,0,1,-998979,7
empty,290,2,241100000081040,c408200a20162100,4,58,0,0,0,21,1,1,1,998980,1
empty,290,3,241100000081040,c408200a20162100,13,58,1,0,1,20,0,0,1,-998981,7
empty,290,4,241100000081040,c408200a20162100,13,59,0,0,0,19,0,0,1,998982,1
empty,290,5,241100000081040,c408200a20162100,14,59,1,0,1,22,0,0,1,-998979,7
empty,291,0,4800212404448040,c1000800a80420,12,63,1,0,1,20,1,1,1,-998981,8
empty,291,1,4800212404448040,c1000800a80420,12,72,0,0,0,19,1,1,1,998982,1
empty,291,2,4800212404448040,c1000800a80420,21,72,1,0,1,22,1,1,1,-998979,8
empty,291,3,4800212404448040,c1000800a80420,21,63,0,0,0,21,0,0,1,998980,1
empty,291,4,4800212404448040,c1000800a80420,12,63,1,0,1,20,1,1,1,-998981,8
empty,291,5,4800212404448040,c1000800a80420,12,72,0,0,0,19,1,1,1,998982,1
empty,292,0,8908024000108000,a409320c204000,14,77,1,0,0,25,1,1,1,998976,8
empty,292,1,8908024000108000,a409320c204000,14,76,0,0,0,23,1,1,1,998978,1
empty,292,2,8908024000108000,a409320c204000,23,76,1,0,0,23,0,0,1,998978,8
empty,292,3,8908024000108000,a409320c204000,23,77,0,0,1,26,0,0,1,-998975,1
empty,292,4,8908024000108000,a409320c204000,22,77,1,0,0,25,1,1,1,998976,8
empty,292,5,8908024000108000,a409320c204000,22,78,0,0,0,23,0,0,1,998978,2
empty,293,0,2081004120001080,2040a0012688006,3,51,0,0,0,15,1,1,1,998986,1
empty,293,1,2081004120001080,2040a0012688006,12,51,1,0,1,14,0,0,1,-998987,5
empty,293,2,2081004120001080,2040a0012688006,12,60,0,0,0,13,0,1,1,998988,2
empty,293,3,2081004120001080,2040a0012688006,13,60,1,0,1,16,0,1,1,-998985,5
empty,293,4,2081004120001080,2040a0012688006,13,59,0,0,0,15,0,0,1,998986,1
empty,293,5,2081004120001080,2040a0012688006,12,59,1,0,1,14,0,1,1,-998987,5
empty,294,0,809410009018281,200004020420046,22,78,0,0,0,13,0,1,1,998988,3
empty,294,1,809410009018281,200004020420046,31,78,1,0,1,12,1,1,1,-998989,7
empty,294,2,809410009018281,200004020420046,31,79,0,0,0,11,0,0,1,998990,3
empty,294,3,809410009018281,200004020420046,30,79,1,0,1,12,1,1,1,-998989,7
empty,294,4,809410009018281,200004020420046,30,80,0,0,0,11,0,0,1,998990,3
empty,294,5,809410009018281,200004020420046,31,80,1,0,1,12,1,1,1,-998989,7
empty,295,0,81010a0004420800,802010040192052,4,76,0,0,1,18,1,1,1,-998983,1
empty,295,1,81010a0004420800,802010040192052,3,76,1,0,0,17,1,1,1,998984,7
empty,295,2,81010a0004420800,802010040192052,3,67,0,0,1,16,1,1,1,-998985,1
empty,295,3,81010a0004420800,802010040192052,4,67,1,0,0,15,0,1,1,998986,6
empty,295,4,81010a0004420800,802010040192052,4,68,0,0,1,14,1,1,1,-998987,1
empty,295,5,81010a0004420800,802010040192052,3,68,1,0,0,13,0,1,1,998988,6
empty,296,0,1420101102004221,601c200801800,12,73,1,0,1,20,1,1,1,-998981,8
empty,296,1,1420101102004221,601c200801800,12,64,0,0,0,19,0,1,1,998982,2
empty,296,2,1420101102004221,601c200801800,11,64,1,0,1,22,1,1,1,-998979,8
empty,296,3,1420101102004221,601c200801800,11,55,0,0,0,21,0,0,1,998980,1
empty,296,4,1420101102004221,601c200801800,2,55,1,0,1,24,1,1,1,-998977,7
empty,296,5,1420101102004221,601c200801800,2,64,0,0,0,23,1,1,1,998978,1
empty,297,0,902000420a0010a,400160100a5400,30,80,0,0,0,13,0,1,1,998988,4
empty,297,1,902000420a0010a,400160100a5400,29,80,1,0,1,16,1,1,1,-998985,8
empty,297,2,902000420a0010a,400160100a5400,29,71,0,0,0,15,0,1,1,998986,4
empty,297,3,902000420a0010a,400160100a5400,38,71,1,0,1,14,1,1,1,-998987,8
empty,297,4,902000420a0010a,400160100a5400,38,70,0,0,0,13,0,0,1,998988,4
empty,297,5,902000420a0010a,400160100a5400,39,70,1,0,1,12,1,1,1,-998989,8
empty,298,0,140a00a440004820,40250208421000,7,75,0,0,1,22,1,1,1,-998979,1
empty,298,1,140a00a440004820,40250208421000,8,75,1,0,0,21,0,0,1,998980,8
empty,298,2,140a00a440004820,40250208421000,8,74,0,0,1,20,1,1,1,-998981,1
empty,298,3,140a00a440004820,40250208421000,7,74,1,0,0,19,0,0,1,998982,8
empty,298,4,140a00a440004820,40250208421000,7,73,0,0,1,18,1,1,1,-998983,1
empty,298,5,140a00a440004820,40250208421000,8,73,1,0,0,17,1,1,1,998984,7
empty,299,0,400005140844814,900820011400300,22,74,0,0,0,15,0,1,1,998986,3
empty,299,1,400005140844814,900820011400300,23,74,1,0,1,18,0,0,1,-998983,8
empty,299,2,400005140844814,900820011400300,23,73,0,0,0,17,0,1,1,998984,3
empty,299,3,400005140844814,900820011400300,22,73,1,0,1,16,1,1,1,-998985,7
empty,299,4,400005140844814,900820011400300,22,74,0,0,0,15,0,1,1,998986,3
empty,299,5,400005140844814,900820011400300,21,74,1,0,1,18,0,0,1,-998983,8
empty,300,0,4204402208812802,800500a0508000,7,57,0,0,1,16,1,1,1,-998985,1
empty,300,1,4204402208812802,800500a0508000,8,57,1,0,0,15,0,1,1,998986,5
empty,300,2,4204402208812802,800500a0508000,8,58,0,0,1,18,1,1,1,-998983,0
empty,300,3,4204402208812802,800500a0508000,7,58,1,0,0,17,0,1,1,998984,5
empty,300,4,4204402208812802,800500a0508000,7,67,0,0,1,20,1,1,1,-998981,1
empty,300,5,4204402208812802,800500a0508000,16,67,1,0,0,19,0,1,1,998982,6
empty,301,0,9209200800420095,4000020026000820,8,75,1,0,0,29,1,1,1,998972,7
empty,301,1,9209200800420095,4000020026000820,8,66,0,0,1,28,0,0,1,-998973,0
empty,301,2,9209200800420095,4000020026000820,7,66,1,0,0,27,0,0,1,998974,7
empty,301,3,9209200800420095,4000020026000820,7,75,0,0,0,25,0,0,1,998976,0
empty,301,4,9209200800420095,4000020026000820,6,75,1,0,1,24,1,1,1,-998977,7
empty,301,5,9209200800420095,4000020026000820,6,76,0,0,0,23,1,1,1,998978,1
empty,302,0,520080021282a4,2008304000240800,8,68,0,0,1,26,0,0,1,-998975,0
empty,302,1,520080021282a4,2008304000240800,7,68,1,0,0,25,0,0,1,998976,8
empty,302,2,520080021282a4,2008304000240800,7,77,0,0,1,24,0,0,1,-998977,0
empty,302,3,520080021282a4,2008304000240800,6,77,1,0,0,23,1,1,1,998978,8
empty,302,4,520080021282a4,2008304000240800,6,68,0,0,1,26,0,0,1,-998975,0
empty,302,5,520080021282a4,2008304000240800,5,68,1,0,0,25,0,0,1,998976,8
empty,303,0,4a08092a0041002a,201c6000,5,78,1,0,0,19,0,0,1,998982,8
empty,303,1,4a08092a0041002a,201c6000,5,79,0,0,1,18,0,0,1,-998983,0
empty,303,2,4a08092a0041002a,201c6000,4,79,1,0,0,17,0,0,1,998984,8
empty,303,3,4a08092a0041002a,201c6000,4,78,0,0,1,20,0,0,1,-998981,0
empty,303,4,4a08092a0041002a,201c6000,5,78,1,0,0,19,0,0,1,998982,8
empty,303,5,4a08092a0041002a,201c6000,5,79,0,0,1,18,0,0,1,-998983,0
empty,304,0,208502a0400000,845100a000b14000,14,76,0,0,1,16,1,1,1,-998985,1
empty,304,1,208502a0400000,845100a000b14000,13,76,1,0,0,15,1,1,1,998986,7
empty,304,2,208502a0400000,845100a000b14000,13,77,0,0,0,13,0,1,1,998988,2
empty,304,3,208502a0400000,845100a000b14000,14,77,1,0,0,17,1,1,1,998984,8
empty,304,4,208502a0400000,845100a000b14000,14,78,0,0,0,15,1,1,1,998986,1
empty,304,5,208502a0400000,845100a000b14000,5,78,1,0,0,19,1,1,1,998982,8
empty,305,0,411858208004008,840122000180220,22,66,0,0,1,18,1,1,1,-998983,1
empty,305,1,411858208004008,840122000180220,31,66,1,0,0,17,0,1,1,998984,6
empty,305,2,411858208004008,840122000180220,31,57,0,0,1,16,0,0,1,-998985,2
empty,305,3,411858208004008,840122000180220,22,57,1,0,0,15,0,0,1,998986,6
empty,305,4,411858208004008,840122000180220,22,66,0,0,1,18,1,1,1,-998983,1
empty,305,5,411858208004008,840122000180220,13,66,1,0,0,17,0,1,1,998984,6
empty,306,0,4800000049802288,1008208300c0110,6,75,1,0,0,21,0,0,1,998980,8
empty,306,1,4800000049802288,1008208300c0110,6,74,0,0,1,20,1,1,1,-998981,1
empty,306,2,4800000049802288,1008208300c0110,5,74,1,0,0,19,1,1,1,998982,7
empty,306,3,4800000049802288,1008208300c0110,5,73,0,0,1,22,1,1,1,-998979,1
empty,306,4,4800000049802288,1008208300c0110,6,73,1,0,0,21,1,1,1,998980,7
empty,306,5,4800000049802288,1008208300c0110,6,74,0,0,1,20,1,1,1,-998981,1
empty,307,0,1480020820908000,2600805d000018,22,77,1,0,1,20,0,0,1,-998981,8
empty,307,1,1480020820908000,2600805d000018,22,76,0,0,0,19,0,0,1,998982,2
empty,307,2,1480020820908000,2600805d000018,21,76,1,0,1,18,0,0,1,-998983,8
empty,307,3,1480020820908000,2600805d000018,21,75,0,0,0,17,0,1,1,998984,2
empty,307,4,1480020820908000,2600805d000018,20,75,1,0,1,16,0,0,1,-998985,8
empty,307,5,1480020820908000,2600805d000018,20,76,0,0,0,15,0,1,1,998986,3
empty,308,0,4044200240404000,240284000201340a,6,49,1,0,0,9,0,1,1,998992,4
empty,308,1,4044200240404000,240284000201340a,6,50,0,0,1,10,1,1,1,-998991,1
empty,308,2,4044200240404000,240284000201340a,5,50,1,0,0,9,0,1,1,998992,4
empty,308,3,4044200240404000,240284000201340a,5,51,0,0,1,12,1,1,1,-998989,1
empty,308,4,4044200240404000,240284000201340a,4,51,1,0,0,11,0,1,1,998990,4
empty,308,5,4044200240404000,240284000201340a,4,42,0,0,1,10,1,1,1,-998991,1
empty,309,0,10508a054095040,400000001408012,11,67,0,0,0,21,0,1,1,998980,2
empty,309,1,10508a054095040,400000001408012,2,67,1,0,0,23,0,1,1,998978,6
empty,309,2,10508a054095040,400000001408012,2,76,0,0,0,23,1,1,1,998978,1
empty,309,3,10508a054095040,400000001408012,11,76,1,0,1,22,1,1,1,-998979,7
empty,309,4,10508a054095040,400000001408012,11,67,0,0,0,21,0,1,1,998980,2
empty,309,5,10508a054095040,400000001408012,12,67,1,0,0,23,0,1,1,998978,6
empty,310,0,1048020810004049,2802104600100880,14,73,1,0,1,20,1,1,1,-998981,7
empty,310,1,1048020810004049,2802104600100880,14,64,0,0,0,19,0,1,1,998982,2
empty,310,2,1048020810004049,2802104600100880,13,64,1,0,0,21,0,1,1,998980,6
empty,310,3,1048020810004049,2802104600100880,13,63,0,0,1,20,0,1,1,-998981,2
empty,310,4,1048020810004049,2802104600100880,22,63,1,0,0,19,0,1,1,998982,6
empty,310,5,1048020810004049,2802104600100880,22,72,0,0,1,22,0,1,1,-998979,3
empty,311,0,10222010008110a,800b409002440,32,76,0,0,0,11,0,1,1,998990,3
empty,311,1,10222010008110a,800b409002440,33,76,1,0,1,12,1,1,1,-998989,7
empty,311,2,10222010008110a,800b409002440,33,67,0,0,0,11,0,1,1,998990,4
empty,311,3,10222010008110a,800b409002440,24,67,1,0,1,14,0,1,1,-998987,6
empty,311,4,10222010008110a,800b409002440,24,58,0,0,0,13,0,1,1,998988,3
empty,311,5,10222010008110a,800b409002440,25,58,1,0,1,12,0,1,1,-998989,5
empty,312,0,1002010100020144,1ac007804000c00,39,68,1,0,1,8,0,1,1,-998993,6
empty,312,1,1002010100020144,1ac007804000c00,39,67,0,0,0,7,0,1,1,998994,5
empty,312,2,1002010100020144,1ac007804000c00,48,67,1,0,1,6,0,1,1,-998995,6
empty,312,3,1002010100020144,1ac007804000c00,48,68,0,0,0,5,0,1,1,998996,6
empty,312,4,1002010100020144,1ac007804000c00,57,68,1,0,1,4,0,1,1,-998997,6
empty,312,5,1002010100020144,1ac007804000c00,57,59,0,0,0,3,0,1,1,998998,7
empty,313,0,4520800500000082,800200182004b204,13,57,0,0,1,14,0,1,1,-998987,2
empty,313,1,4520800500000082,800200182004b204,22,57,1,0,0,13,0,1,1,998988,6
empty,313,2,4520800500000082,800200182004b204,22,66,0,0,0,11,0,1,1,998990,3
empty,313,3,4520800500000082,800200182004b204,21,66,1,0,0,15,0,1,1,998986,6
empty,313,4,4520800500000082,800200182004b204,21,57,0,0,1,14,0,1,1,-998987,3
empty,313,5,4520800500000082,800200182004b204,22,57,1,0,0,13,0,1,1,998988,6
empty,314,0,2028840048050,3c400000320086,7,77,0,0,1,20,0,0,1,-998981,0
empty,314,1,2028840048050,3c400000320086,6,77,1,0,0,19,1,1,1,998982,7
empty,314,2,2028840048050,3c400000320086,6,76,0,0,1,22,0,0,1,-998979,0
empty,314,3,2028840048050,3c400000320086,5,76,1,0,0,21,1,1,1,998980,7
empty,314,4,2028840048050,3c400000320086,5,77,0,0,1,20,0,0,1,-998981,0
empty,314,5,2028840048050,3c400000320086,4,77,1,0,0,19,1,1,1,998982,7
empty,315,0,10a0041008144,4284500044000a8,31,75,0,0,0,11,0,1,1,998990,4
empty,315,1,10a0041008144,4284500044000a8,30,75,1,0,1,14,1,1,1,-998987,8
empty,315,2,10a0041008144,4284500044000a8,30,76,0,0,0,13,0,1,1,998988,4
empty,315,3,10a0041008144,4284500044000a8,39,76,1,0,1,12,1,1,1,-998989,7
empty,315,4,10a0041008144,4284500044000a8,39,77,0,0,0,11,0,1,1,998990,5
empty,315,5,10a0041008144,4284500044000a8,40,77,1,0,1,10,1,1,1,-998991,7
empty,316,0,800022214aa00a20,840880048040,5,67,0,0,1,22,0,0,1,-998979,0
empty,316,1,800022214aa00a20,840880048040,6,67,1,0,0,21,0,1,1,998980,6
empty,316,2,800022214aa00a20,840880048040,6,58,0,0,1,20,0,0,1,-998981,0
empty,316,3,800022214aa00a20,840880048040,5,58,1,0,0,19,0,1,1,998982,5
empty,316,4,800022214aa00a20,840880048040,5,59,0,0,1,22,0,0,1,-998979,0
empty,316,5,800022214aa00a20,840880048040,6,59,1,0,0,21,0,0,1,998980,6
empty,317,0,81282000a4280800,482081000821100,14,47,1,0,0,11,0,1,1,998990,4
empty,317,1,81282000a4280800,482081000821100,14,46,0,0,1,10,1,1,1,-998991,0
empty,317,2,81282000a4280800,482081000821100,5,46,1,0,0,9,0,1,1,998992,4
empty,317,3,81282000a4280800,482081000821100,5,37,0,0,1,8,1,1,1,-998993,0
empty,317,4,81282000a4280800,482081000821100,4,37,1,0,0,7,0,1,1,998994,3
empty,317,5,81282000a4280800,482081000821100,4,36,0,0,1,8,1,1,1,-998993,1
empty,318,0,40840000a840212,5082012045000800,8,47,1,0,0,17,0,1,1,998984,5
empty,318,1,40840000a840212,5082012045000800,8,38,0,0,1,20,1,1,1,-998981,1
empty,318,2,40840000a840212,5082012045000800,7,38,1,0,0,19,0,0,1,998982,5
empty,318,3,40840000a840212,5082012045000800,7,47,0,0,1,18,1,1,1,-998983,1
empty,318,4,40840000a840212,5082012045000800,16,47,1,0,0,17,0,1,1,998984,5
empty,318,5,40840000a840212,5082012045000800,16,48,0,0,1,16,0,1,1,-998985,2
empty,319,0,50400000010212,a00e018400d80080,6,76,0,0,1,18,1,1,1,-998983,1
empty,319,1,50400000010212,a00e018400d80080,15,76,1,0,0,17,1,1,1,998984,8
empty,319,2,50400000010212,a00e018400d80080,15,75,0,0,1,16,0,1,1,-998985,2
empty,319,3,50400000010212,a00e018400d80080,6,75,1,0,0,15,1,1,1,998986,7
empty,319,4,50400000010212,a00e018400d80080,6,74,0,0,1,18,1,1,1,-998983,1
empty,319,5,50400000010212,a00e018400d80080,7,74,1,0,0,17,1,1,1,998984,7
empty,320,0,4848005400000281,1006800ca20004,6,60,0,0,1,20,1,1,1,-998981,1
empty,320,1,4848005400000281,1006800ca20004,15,60,1,0,0,19,0,1,1,998982,6
empty,320,2,4848005400000281,1006800ca20004,15,61,0,0,1,18,1,1,1,-998983,1
empty,320,3,4848005400000281,1006800ca20004,16,61,1,0,0,17,0,1,1,998984,6
empty,320,4,4848005400000281,1006800ca20004,16,60,0,0,0,15,1,1,1,998986,1
empty,320,5,4848005400000281,1006800ca20004,17,60,1,0,1,14,0,1,1,-998987,6
empty,321,0,5012901002419008,a80010000822000,5,70,1,0,1,20,0,1,1,-998981,6
empty,321,1,5012901002419008,a80010000822000,5,61,0,0,0,19,1,1,1,998982,1
empty,321,2,5012901002419008,a80010000822000,6,61,1,0,0,21,0,0,1,998980,6
empty,321,3,5012901002419008,a80010000822000,6,70,0,0,0,21,1,1,1,998980,0
empty,321,4,5012901002419008,a80010000822000,7,70,1,0,0,23,0,1,1,998978,6
empty,321,5,5012901002419008,a80010000822000,7,61,0,0,1,22,1,1,1,-998979,0
empty,322,0,50008284242a1020,400200081000148,6,75,1,0,0,21,1,1,1,998980,7
empty,322,1,50008284242a1020,400200081000148,6,66,0,0,1,20,0,0,1,-998981,0
empty,322,2,50008284242a1020,400200081000148,5,66,1,0,0,19,0,1,1,998982,6
empty,322,3,50008284242a1020,400200081000148,5,67,0,0,1,20,0,0,1,-998981,0
empty,322,4,50008284242a1020,400200081000148,4,67,1,0,0,19,0,1,1,998982,6
empty,322,5,50008284242a1020,400200081000148,4,68,0,0,1,18,1,1,1,-998983,1
empty,323,0,2000098148402802,9c0220082008000,10,78,0,0,0,15,0,1,1,998986,2
empty,323,1,2000098148402802,9c0220082008000,19,78,1,0,1,14,0,0,1,-998987,8
empty,323,2,2000098148402802,9c0220082008000,19,77,0,0,0,13,0,1,1,998988,2
empty,323,3,2000098148402802,9c0220082008000,28,77,1,0,1,16,0,0,1,-998985,8
empty,323,4,2000098148402802,9c0220082008000,28,78,0,0,0,15,0,1,1,998986,2
empty,323,5,2000098148402802,9c0220082008000,19,78,1,0,1,14,0,0,1,-998987,8
empty,324,0,401444000000005,198000200c804832,31,56,1,0,1,10,0,0,1,-998991,6
empty,324,1,401444000000005,198000200c804832,31,57,0,0,0,9,0,1,1,998992,4
empty,324,2,401444000000005,198000200c804832,40,57,1,0,1,8,0,0,1,-998993,6
empty,324,3,401444000000005,198000200c804832,40,58,0,0,0,7,0,1,1,998994,5
empty,324,4,401444000000005,198000200c804832,49,58,1,0,1,6,0,1,1,-998995,4
empty,324,5,401444000000005,198000200c804832,49,59,0,0,0,5,0,1,1,998996,6
empty,325,0,4500282012080128,1044004230001,3,66,1,0,0,21,0,1,1,998980,6
empty,325,1,4500282012080128,1044004230001,3,65,0,0,1,24,0,0,1,-998977,0
empty,325,2,4500282012080128,1044004230001,4,65,1,0,0,23,1,1,1,998978,7
empty,325,3,4500282012080128,1044004230001,4,56,0,0,0,23,0,0,1,998978,0
empty,325,4,4500282012080128,1044004230001,5,56,1,0,1,22,1,1,1,-998979,7
empty,325,5,4500282012080128,1044004230001,5,47,0,0,0,21,0,0,1,998980,0
empty,326,0,9110a91209020,442200000480100,3,67,0,0,0,21,1,1,1,998980,1
empty,326,1,9110a91209020,442200000480100,4,67,1,0,0,23,0,0,1,998978,7
empty,326,2,9110a91209020,442200000480100,4,68,0,0,1,22,1,1,1,-998979,1
empty,326,3,9110a91209020,442200000480100,3,68,1,0,0,21,1,1,1,998980,7
empty,326,4,9110a91209020,442200000480100,3,67,0,0,0,21,1,1,1,998980,1
empty,326,5,9110a91209020,442200000480100,12,67,1,0,1,20,0,0,1,-998981,7
empty,327,0,504008202008904,231400000061021,12,68,0,0,1,14,0,0,1,-998987,1
empty,327,1,504008202008904,231400000061021,13,68,1,0,0,13,0,1,1,998988,6
empty,327,2,504008202008904,231400000061021,13,77,0,0,1,16,0,0,1,-998985,0
empty,327,3,504008202008904,231400000061021,4,77,1,0,0,15,1,1,1,998986,7
empty,327,4,504008202008904,231400000061021,4,78,0,0,1,16,1,1,1,-998985,0
empty,327,5,504008202008904,231400000061021,13,78,1,0,0,15,1,1,1,998986,7
empty,328,0,8802001002000880,4220c0082040850a,12,75,1,0,0,21,0,0,1,998980,8
empty,328,1,8802001002000880,4220c0082040850a,12,74,0,0,1,20,0,0,1,-998981,0
empty,328,2,8802001002000880,4220c0082040850a,3,74,1,0,0,19,1,1,1,998982,7
empty,328,3,8802001002000880,4220c0082040850a,3,75,0,0,0,21,1,1,1,998980,0
empty,328,4,8802001002000880,4220c0082040850a,2,75,1,0,1,20,0,0,1,-998981,8
empty,328,5,8802001002000880,4220c0082040850a,2,76,0,0,0,19,1,1,1,998982,1
empty,329,0,420108202a222100,100010010400020d,14,58,0,0,0,19,0,0,1,998982,1
empty,329,1,420108202a222100,100010010400020d,13,58,1,0,1,22,0,0,1,-998979,6
empty,329,2,420108202a222100,100010010400020d,13,57,0,0,0,21,0,1,1,998980,2
empty,329,3,420108202a222100,100010010400020d,4,57,1,0,1,24,0,0,1,-998977,6
empty,329,4,420108202a222100,100010010400020d,4,58,0,0,0,23,1,1,1,998978,1
empty,329,5,420108202a222100,100010010400020d,13,58,1,0,1,22,0,0,1,-998979,6
empty,330,0,a4100080250200a,a0004000802a8004,16,58,0,0,0,19,1,1,1,998982,0
empty,330,1,a4100080250200a,a0004000802a8004,7,58,1,0,1,18,0,1,1,-998983,5
empty,330,2,a4100080250200a,a0004000802a8004,7,59,0,0,0,17,1,1,1,998984,0
empty,330,3,a4100080250200a,a0004000802a8004,8,59,1,0,1,16,0,1,1,-998985,5
empty,330,4,a4100080250200a,a0004000802a8004,8,60,0,0,0,15,1,1,1,998986,1
empty,330,5,a4100080250200a,a0004000802a8004,7,60,1,0,0,19,0,1,1,998982,5
empty,331,0,51080008410005,4026900040800230,32,68,0,0,0,15,0,1,1,998986,4
empty,331,1,51080008410005,4026900040800230,31,68,1,0,1,14,0,0,1,-998987,8
empty,331,2,51080008410005,4026900040800230,31,77,0,0,0,13,0,0,1,998988,3
empty,331,3,51080008410005,4026900040800230,22,77,1,0,1,16,1,1,1,-998985,8
empty,331,4,51080008410005,4026900040800230,22,76,0,0,0,15,0,1,1,998986,3
empty,331,5,51080008410005,4026900040800230,13,76,1,0,1,18,1,1,1,-998983,8
empty,332,0,821080000104,6186000402082648,5,76,1,0,0,19,1,1,1,998982,7
empty,332,1,821080000104,6186000402082648,5,77,0,0,1,18,1,1,1,-998983,1
empty,332,2,821080000104,6186000402082648,14,77,1,0,0,17,1,1,1,998984,7
empty,332,3,821080000104,6186000402082648,14,68,0,0,1,16,0,1,1,-998985,2
empty,332,4,821080000104,6186000402082648,13,68,1,0,0,15,0,1,1,998986,6
empty,332,5,821080000104,6186000402082648,13,67,0,0,0,15,0,1,1,998986,2
empty,333,0,a0524040000800,840800b10015201,21,76,1,0,1,12,1,1,1,-998989,7
empty,333,1,a0524040000800,840800b10015201,21,77,0,0,0,11,0,1,1,998990,3
empty,333,2,a0524040000800,840800b10015201,22,77,1,0,1,14,1,1,1,-998987,7
empty,333,3,a0524040000800,840800b10015201,22,78,0,0,0,13,0,1,1,998988,3
empty,333,4,a0524040000800,840800b10015201,21,78,1,0,1,12,1,1,1,-998989,7
empty,333,5,a0524040000800,840800b10015201,21,79,0,0,0,11,0,1,1,998990,3
empty,334,0,2a28402280090042,8040200400140800,13,57,0,0,1,18,1,1,1,-998983,1
empty,334,1,2a28402280090042,8040200400140800,14,57,1,0,0,17,0,1,1,998984,5
empty,334,2,2a28402280090042,8040200400140800,14,56,0,0,1,20,0,1,1,-998981,2
empty,334,3,2a28402280090042,8040200400140800,13,56,1,0,0,19,0,1,1,998982,6
empty,334,4,2a28402280090042,8040200400140800,13,65,0,0,1,22,1,1,1,-998979,1
empty,334,5,2a28402280090042,8040200400140800,22,65,1,0,0,21,0,1,1,998980,6
empty,335,0,1000040100881220,40a2580080600048,22,57,1,0,1,16,0,0,1,-998985,7
empty,335,1,1000040100881220,40a2580080600048,22,56,0,0,0,15,0,0,1,998986,2
empty,335,2,1000040100881220,40a2580080600048,21,56,1,0,1,16,0,0,1,-998985,7
empty,335,3,1000040100881220,40a2580080600048,21,65,0,0,0,15,0,0,1,998986,2
empty,335,4,1000040100881220,40a2580080600048,12,65,1,0,1,18,1,1,1,-998983,8
empty,335,5,1000040100881220,40a2580080600048,12,74,0,0,0,17,0,1,1,998984,2
empty,336,0,40000a2001481088,6c8110240040000,5,76,1,0,1,22,1,1,1,-998979,7
empty,336,1,40000a2001481088,6c8110240040000,5,77,0,0,0,21,1,1,1,998980,1
empty,336,2,40000a2001481088,6c8110240040000,6,77,1,0,1,20,1,1,1,-998981,7
empty,336,3,40000a2001481088,6c8110240040000,6,76,0,0,0,19,1,1,1,998982,1
empty,336,4,40000a2001481088,6c8110240040000,5,76,1,0,1,22,1,1,1,-998979,7
empty,336,5,40000a2001481088,6c8110240040000,5,67,0,0,0,21,1,1,1,998980,1
empty,337,0,52400a0010902888,2000500080200120,14,59,1,0,0,17,0,1,1,998984,5
empty,337,1,52400a0010902888,2000500080200120,14,50,0,0,1,16,0,0,1,-998985,1
empty,337,2,52400a0010902888,2000500080200120,13,50,1,0,0,15,0,1,1,998986,4
empty,337,3,52400a0010902888,2000500080200120,13,59,0,0,1,18,0,0,1,-998983,1
empty,337,4,52400a0010902888,2000500080200120,12,59,1,0,0,17,0,1,1,998984,5
empty,337,5,52400a0010902888,2000500080200120,12,50,0,0,1,16,0,0,1,-998985,1
empty,338,0,8008818022808400,106411024880,24,66,0,0,1,20,0,1,1,-998981,2
empty,338,1,8008818022808400,106411024880,23,66,1,0,0,19,0,0,1,998982,7
empty,338,2,8008818022808400,106411024880,23,75,0,0,0,17,0,1,1,998984,2
empty,338,3,8008818022808400,106411024880,22,75,1,0,1,16,1,1,1,-998985,7
empty,338,4,8008818022808400,106411024880,22,66,0,0,0,15,0,1,1,998986,3
empty,338,5,8008818022808400,106411024880,31,66,1,0,1,14,0,0,1,-998987,7
empty,339,0,412842209088214,9000500000820,25,69,0,0,0,13,0,1,1,998988,3
empty,339,1,412842209088214,9000500000820,26,69,1,0,1,18,0,1,1,-998983,6
empty,339,2,412842209088214,9000500000820,26,78,0,0,0,15,0,1,1,998986,3
empty,339,3,412842209088214,9000500000820,25,78,1,0,1,14,1,1,1,-998987,7
empty,339,4,412842209088214,9000500000820,25,79,0,0,0,13,0,1,1,998988,3
empty,339,5,412842209088214,9000500000820,24,79,1,0,1,16,1,1,1,-998985,7
empty,0,0,1012280021000114,224010810002448,34,60,0,1,0,9,0,1,1,998992,4
empty,0,1,1012280021000114,224010810002448,35,60,1,1,1,10,0,0,1,-998991,7
empty,0,2,1012280021000114,224010810002448,35,69,0,1,0,9,0,1,1,998992,4
empty,0,3,1012280021000114,224010810002448,26,69,1,1,1,12,0,1,1,-998989,6
empty,0,4,1012280021000114,224010810002448,26,78,0,1,0,11,0,1,1,998990,3
empty,0,5,1012280021000114,224010810002448,25,78,1,1,1,12,1,1,1,-998989,7
empty,1,0,880110084889041,700000200200188,20,77,1,1,0,19,1,1,1,998982,7
empty,1,1,880110084889041,700000200200188,20,76,0,1,0,19,0,1,1,998982,3
empty,1,2,880110084889041,700000200200188,29,76,1,1,1,18,0,0,1,-998983,8
empty,1,3,880110084889041,700000200200188,29,77,0,1,0,17,0,0,1,998984,3
empty,1,4,880110084889041,700000200200188,30,77,1,1,1,16,1,1,1,-998985,7
empty,1,5,880110084889041,700000200200188,30,78,0,1,0,15,0,0,1,998986,3
empty,2,0,8008102402000a00,4c002d420000002c,14,77,1,1,0,19,1,1,1,998982,7
empty,2,1,8008102402000a00,4c002d420000002c,14,76,0,1,0,19,0,1,1,998982,2
empty,2,2,8008102402000a00,4c002d420000002c,23,76,1,1,1,18,1,1,1,-998983,7
empty,2,3,8008102402000a00,4c002d420000002c,23,67,0,1,0,17,0,1,1,998984,3
empty,2,4,8008102402000a00,4c002d420000002c,22,67,1,1,0,19,0,0,1,998982,7
empty,2,5,8008102402000a00,4c002d420000002c,22,76,0,1,0,19,0,1,1,998982,3
empty,3,0,1200100484424a0,2053000500a00000,5,57,0,1,1,16,0,0,1,-998985,0
empty,3,1,1200100484424a0,2053000500a00000,4,57,1,1,0,15,0,1,1,998986,6
empty,3,2,1200100484424a0,2053000500a00000,4,66,0,1,1,18,1,1,1,-998983,1
empty,3,3,1200100484424a0,2053000500a00000,13,66,1,1,0,17,0,1,1,998984,6
empty,3,4,1200100484424a0,2053000500a00000,13,65,0,1,1,16,1,1,1,-998985,0
empty,3,5,1200100484424a0,2053000500a00000,22,65,1,1,0,15,0,1,1,998986,6
empty,4,0,188810004082000,610448023001804,21,76,1,1,1,18,1,1,1,-998983,7
empty,4,1,188810004082000,610448023001804,21,75,0,1,0,17,0,0,1,998984,2
empty,4,2,188810004082000,610448023001804,12,75,1,1,1,20,1,1,1,-998981,7
empty,4,3,188810004082000,610448023001804,12,66,0,1,0,19,0,1,1,998982,2
empty,4,4,188810004082000,610448023001804,3,66,1,1,1,22,0,0,1,-998979,8
empty,4,5,188810004082000,610448023001804,3,75,0,1,0,21,1,1,1,998980,1
empty,5,0,111808209000200,6080020010680106,13,60,1,1,0,11,0,1,1,998990,5
empty,5,1,111808209000200,6080020010680106,13,61,0,1,1,14,1,1,1,-998987,0
empty,5,2,111808209000200,6080020010680106,4,61,1,1,0,13,0,0,1,998988,6
empty,5,3,111808209000200,6080020010680106,4,60,0,1,1,12,1,1,1,-998989,1
empty,5,4,111808209000200,6080020010680106,3,60,1,1,0,11,0,1,1,998990,5
empty,5,5,111808209000200,6080020010680106,3,51,0,1,1,10,1,1,1,-998991,1
empty,6,0,8508142004000022,8000c320020904,23,66,1,1,1,18,0,0,1,-998983,7
empty,6,1,8508142004000022,8000c320020904,23,67,0,1,0,17,0,1,1,998984,3
empty,6,2,8508142004000022,8000c320020904,32,67,1,1,1,16,0,0,1,-998985,8
empty,6,3,8508142004000022,8000c320020904,32,68,0,1,0,15,0,1,1,998986,4
empty,6,4,8508142004000022,8000c320020904,31,68,1,1,1,14,0,1,1,-998987,6
empty,6,5,8508142004000022,8000c320020904,31,67,0,1,0,13,0,1,1,998988,4
empty,7,0,222841400088201,8008020815004080,11,68,1,1,1,18,0,0,1,-998983,8
empty,7,1,222841400088201,8008020815004080,11,77,0,1,0,17,0,0,1,998984,1
empty,7,2,222841400088201,8008020815004080,12,77,1,1,1,20,1,1,1,-998981,7
empty,7,3,222841400088201,8008020815004080,12,78,0,1,0,19,0,1,1,998982,2
empty,7,4,222841400088201,8008020815004080,13,78,1,1,0,19,1,1,1,998982,7
empty,7,5,222841400088201,8008020815004080,13,79,0,1,1,18,1,1,1,-998983,0
empty,8,0,4410405420020400,104980000400d100,14,77,1,1,0,21,1,1,1,998980,8
empty,8,1,4410405420020400,104980000400d100,14,78,0,1,1,20,1,1,1,-998981,0
empty,8,2,4410405420020400,104980000400d100,5,78,1,1,0,19,0,0,1,998982,8
empty,8,3,4410405420020400,104980000400d100,5,79,0,1,1,18,1,1,1,-998983,1
empty,8,4,4410405420020400,104980000400d100,6,79,1,1,0,17,0,0,1,998984,8
empty,8,5,4410405420020400,104980000400d100,6,80,0,1,1,16,1,1,1,-998985,1
empty,9,0,890080111044012,10010408000900c8,2,76,0,1,1,24,0,0,1,-998977,0
empty,9,1,890080111044012,10010408000900c8,3,76,1,1,0,23,0,0,1,998978,8
empty,9,2,890080111044012,10010408000900c8,3,75,0,1,1,22,1,1,1,-998979,1
empty,9,3,890080111044012,10010408000900c8,12,75,1,1,0,21,0,0,1,998980,8
empty,9,4,890080111044012,10010408000900c8,12,76,0,1,0,19,0,1,1,998982,2
empty,9,5,890080111044012,10010408000900c8,11,76,1,1,1,18,0,0,1,-998983,8
empty,10,0,a000014002418110,24000360900408,4,78,0,1,1,22,0,0,1,-998979,0
empty,10,1,a000014002418110,24000360900408,5,78,1,1,0,21,0,0,1,998980,8
empty,10,2,a000014002418110,24000360900408,5,77,0,1,1,20,0,0,1,-998981,0
empty,10,3,a000014002418110,24000360900408,6,77,1,1,0,19,0,0,1,998982,8
empty,10,4,a000014002418110,24000360900408,6,78,0,1,0,19,1,1,1,998982,1
empty,10,5,a000014002418110,24000360900408,7,78,1,1,0,21,0,0,1,998980,8
empty,11,0,2400488800108140,4130060044011,4,67,1,1,0,19,1,1,1,998982,7
empty,11,1,2400488800108140,4130060044011,4,76,0,1,0,21,1,1,1,998980,1
empty,11,2,2400488800108140,4130060044011,3,76,1,1,1,20,1,1,1,-998981,7
empty,11,3,2400488800108140,4130060044011,3,75,0,1,0,19,1,1,1,998982,1
empty,11,4,2400488800108140,4130060044011,4,75,1,1,0,21,0,0,1,998980,8
empty,11,5,2400488800108140,4130060044011,4,76,0,1,0,21,1,1,1,998980,1
empty,12,0,10020a224001042,204c00182402100,6,56,0,1,1,16,0,0,1,-998985,0
empty,12,1,10020a224001042,204c00182402100,7,56,1,1,0,15,0,1,1,998986,6
empty,12,2,10020a224001042,204c00182402100,7,55,0,1,1,14,0,0,1,-998987,0
empty,12,3,10020a224001042,204c00182402100,8,55,1,1,0,13,0,1,1,998988,6
empty,12,4,10020a224001042,204c00182402100,8,54,0,1,1,12,1,1,1,-998989,1
empty,12,5,10020a224001042,204c00182402100,7,54,1,1,0,11,0,1,1,998990,5
empty,13,0,4049044002042500,8420c00021008001,6,67,1,1,0,17,0,0,1,998984,7
empty,13,1,4049044002042500,8420c00021008001,6,66,0,1,0,19,1,1,1,998982,1
empty,13,2,4049044002042500,8420c00021008001,15,66,1,1,1,18,0,0,1,-998983,8
empty,13,3,4049044002042500,8420c00021008001,15,75,0,1,0,17,0,0,1,998984,1
empty,13,4,4049044002042500,8420c00021008001,16,75,1,1,1,16,1,1,1,-998985,7
empty,13,5,4049044002042500,8420c00021008001,16,66,0,1,0,15,0,1,1,998986,2
empty,14,0,940000a488101,90040b40820008,2,75,1,1,0,19,1,1,1,998982,8
empty,14,1,940000a488101,90040b40820008,2,76,0,1,1,18,1,1,1,-998983,1
empty,14,2,940000a488101,90040b40820008,11,76,1,1,0,17,1,1,1,998984,8
empty,14,3,940000a488101,90040b40820008,11,77,0,1,1,16,1,1,1,-998985,0
empty,14,4,940000a488101,90040b40820008,12,77,1,1,0,15,1,1,1,998986,7
empty,14,5,940000a488101,90040b40820008,12,68,0,1,1,14,1,1,1,-998987,0
empty,15,0,4044100489814420,2812000100000300,7,75,0,1,0,23,1,1,1,998978,1
empty,15,1,4044100489814420,2812000100000300,8,75,1,1,1,22,1,1,1,-998979,7
empty,15,2,4044100489814420,2812000100000300,8,74,0,1,0,21,1,1,1,998980,1
empty,15,3,4044100489814420,2812000100000300,17,74,1,1,1,20,1,1,1,-998981,7
empty,15,4,4044100489814420,2812000100000300,17,73,0,1,0,19,0,1,1,998982,2
empty,15,5,4044100489814420,2812000100000300,16,73,1,1,0,23,1,1,1,998978,7
empty,16,0,4490088820521,4010009001003040,6,66,0,1,0,21,0,0,1,998980,0
empty,16,1,4490088820521,4010009001003040,5,66,1,1,1,20,0,0,1,-998981,8
empty,16,2,4490088820521,4010009001003040,5,65,0,1,0,19,0,0,1,998982,0
empty,16,3,4490088820521,4010009001003040,6,65,1,1,0,21,0,0,1,998980,7
empty,16,4,4490088820521,4010009001003040,6,64,0,1,1,20,0,0,1,-998981,0
empty,16,5,4490088820521,4010009001003040,5,64,1,1,0,19,0,1,1,998982,6
empty,17,0,2000022801120010,12c81080000112c0,3,74,1,1,0,23,1,1,1,998978,7
empty,17,1,2000022801120010,12c81080000112c0,3,65,0,1,1,22,1,1,1,-998979,1
empty,17,2,2000022801120010,12c81080000112c0,4,65,1,1,0,21,0,1,1,998980,6
empty,17,3,2000022801120010,12c81080000112c0,4,66,0,1,1,20,0,0,1,-998981,0
empty,17,4,2000022801120010,12c81080000112c0,5,66,1,1,0,17,0,1,1,998984,6
empty,17,5,2000022801120010,12c81080000112c0,5,75,0,1,0,19,0,0,1,998982,0
empty,18,0,488800a0a0a804,184020005401000,22,74,0,1,0,13,0,1,1,998988,3
empty,18,1,488800a0a0a804,184020005401000,31,74,1,1,1,12,1,1,1,-998989,7
empty,18,2,488800a0a0a804,184020005401000,31,73,0,1,0,11,0,1,1,998990,4
empty,18,3,488800a0a0a804,184020005401000,30,73,1,1,1,12,1,1,1,-998989,7
empty,18,4,488800a0a0a804,184020005401000,30,64,0,1,0,11,0,1,1,998990,4
empty,18,5,488800a0a0a804,184020005401000,31,64,1,1,1,12,0,1,1,-998989,6
empty,19,0,4911012800890001,4802080000000e8,5,68,1,1,0,19,0,0,1,998982,7
empty,19,1,4911012800890001,4802080000000e8,5,77,0,1,0,21,1,1,1,998980,1
empty,19,2,4911012800890001,4802080000000e8,14,77,1,1,1,20,1,1,1,-998981,7
empty,19,3,4911012800890001,4802080000000e8,14,78,0,1,0,19,0,1,1,998982,2
empty,19,4,4911012800890001,4802080000000e8,13,78,1,1,1,18,0,0,1,-998983,8
empty,19,5,4911012800890001,4802080000000e8,13,79,0,1,0,17,0,1,1,998984,2
empty,20,0,11041008505050,4a00200000018025,5,66,1,1,0,17,0,1,1,998984,6
empty,20,1,11041008505050,4a00200000018025,5,57,0,1,1,16,0,0,1,-998985,0
empty,20,2,11041008505050,4a00200000018025,4,57,1,1,0,15,0,0,1,998986,6
empty,20,3,11041008505050,4a00200000018025,4,56,0,1,1,14,0,0,1,-998987,0
empty,20,4,11041008505050,4a00200000018025,5,56,1,1,0,13,0,0,1,998988,6
empty,20,5,11041008505050,4a00200000018025,5,55,0,1,1,12,0,0,1,-998989,0
empty,21,0,1184201404248001,600002081080440,22,66,0,1,0,21,0,1,1,998980,3
empty,21,1,1184201404248001,600002081080440,31,66,1,1,1,20,0,0,1,-998981,7
empty,21,2,1184201404248001,600002081080440,31,75,0,1,0,17,0,1,1,998984,3
empty,21,3,1184201404248001,600002081080440,40,75,1,1,1,22,1,1,1,-998979,7
empty,21,4,1184201404248001,600002081080440,40,66,0,1,0,21,0,0,1,998980,3
empty,21,5,1184201404248001,600002081080440,41,66,1,1,1,20,0,0,1,-998981,7
empty,22,0,2040202088240125,1284100020100002,4,78,0,1,0,19,1,1,1,998982,1
empty,22,1,2040202088240125,1284100020100002,13,78,1,1,1,18,0,0,1,-998983,8
empty,22,2,2040202088240125,1284100020100002,13,79,0,1,0,17,0,1,1,998984,2
empty,22,3,2040202088240125,1284100020100002,22,79,1,1,1,16,1,1,1,-998985,7
empty,22,4,2040202088240125,1284100020100002,22,78,0,1,0,15,0,1,1,998986,3
empty,22,5,2040202088240125,1284100020100002,31,78,1,1,1,14,0,0,1,-998987,8
empty,23,0,5000449104018805,4a010000042200,3,67,0,1,1,18,0,0,1,-998983,0
empty,23,1,5000449104018805,4a010000042200,2,67,1,1,0,17,0,1,1,998984,6
empty,23,2,5000449104018805,4a010000042200,2,58,0,1,1,16,0,0,1,-998985,0
empty,23,3,5000449104018805,4a010000042200,1,58,1,1,0,15,0,1,1,998986,5
empty,23,4,5000449104018805,4a010000042200,1,49,0,1,1,14,0,0,1,-998987,0
empty,23,5,5000449104018805,4a010000042200,2,49,1,1,0,13,0,0,1,998988,5
empty,24,0,1201098040108202,8801008a4402000,5,78,1,1,0,21,1,1,1,998980,7
empty,24,1,1201098040108202,8801008a4402000,5,77,0,1,0,23,1,1,1,998978,1
empty,24,2,1201098040108202,8801008a4402000,4,77,1,1,1,22,0,0,1,-998979,8
empty,24,3,1201098040108202,8801008a4402000,4,78,0,1,0,21,1,1,1,998980,1
empty,24,4,1201098040108202,8801008a4402000,5,78,1,1,0,21,1,1,1,998980,7
empty,24,5,1201098040108202,8801008a4402000,5,79,0,1,0,23,1,1,1,998978,1
empty,25,0,81002000120,3f80040188600014,16,67,1,1,1,14,0,1,1,-998987,6
empty,25,1,81002000120,3f80040188600014,16,58,0,1,0,13,0,1,1,998988,2
empty,25,2,81002000120,3f80040188600014,25,58,1,1,1,12,0,0,1,-998989,7
empty,25,3,81002000120,3f80040188600014,25,59,0,1,0,11,0,1,1,998990,3
empty,25,4,81002000120,3f80040188600014,16,59,1,1,0,15,0,1,1,998986,5
empty,25,5,81002000120,3f80040188600014,16,68,0,1,0,13,0,1,1,998988,2
empty,26,0,8201001002910,c110804184100060,17,69,0,1,0,13,0,1,1,998988,2
empty,26,1,8201001002910,c110804184100060,8,69,1,1,0,15,0,1,1,998986,6
empty,26,2,8201001002910,c110804184100060,8,78,0,1,0,15,1,1,1,998986,1
empty,26,3,8201001002910,c110804184100060,17,78,1,1,1,14,1,1,1,-998987,7
empty,26,4,8201001002910,c110804184100060,17,69,0,1,0,13,0,1,1,998988,2
empty,26,5,8201001002910,c110804184100060,16,69,1,1,0,15,0,1,1,998986,6
empty,27,0,8800002082282,490002442010c500,2,75,1,1,0,21,1,1,1,998980,7
empty,27,1,8800002082282,490002442010c500,2,66,0,1,1,20,0,0,1,-998981,0
empty,27,2,8800002082282,490002442010c500,1,66,1,1,0,19,0,0,1,998982,7
empty,27,3,8800002082282,490002442010c500,1,75,0,1,0,17,0,0,1,998984,0
empty,27,4,8800002082282,490002442010c500,2,75,1,1,0,21,1,1,1,998980,7
empty,27,5,8800002082282,490002442010c500,2,66,0,1,1,20,0,0,1,-998981,0
empty,28,0,444008100090482,6000520006800300,4,59,1,1,0,11,0,1,1,998990,5
empty,28,1,444008100090482,6000520006800300,4,50,0,1,1,10,1,1,1,-998991,1
empty,28,2,444008100090482,6000520006800300,3,50,1,1,0,9,0,1,1,998992,4
empty,28,3,444008100090482,6000520006800300,3,51,0,1,1,10,1,1,1,-998991,1
empty,28,4,444008100090482,6000520006800300,4,51,1,1,0,9,0,1,1,998992,4
empty,28,5,444008100090482,6000520006800300,4,60,0,1,1,12,1,1,1,-998989,1
empty,29,0,102159400a80044,5004000001020410,13,41,0,1,1,16,1,1,1,-998985,0
empty,29,1,102159400a80044,5004000001020410,22,41,1,1,0,15,0,1,1,998986,3
empty,29,2,102159400a80044,5004000001020410,22,32,0,1,1,14,0,0,1,-998987,1
empty,29,3,102159400a80044,5004000001020410,23,32,1,1,0,13,0,0,1,998988,3
empty,29,4,102159400a80044,5004000001020410,23,31,0,1,1,12,0,0,1,-998989,1
empty,29,5,102159400a80044,5004000001020410,22,31,1,1,0,11,0,0,1,998990,3
empty,30,0,4005000280a80144,2844821440000,22,74,0,1,0,23,0,0,1,998978,1
empty,30,1,4005000280a80144,2844821440000,13,74,1,1,1,22,1,1,1,-998979,7
empty,30,2,4005000280a80144,2844821440000,13,75,0,1,0,21,1,1,1,998980,1
empty,30,3,4005000280a80144,2844821440000,14,75,1,1,1,24,1,1,1,-998977,7
empty,30,4,4005000280a80144,2844821440000,14,76,0,1,0,23,1,1,1,998978,1
empty,30,5,4005000280a80144,2844821440000,15,76,1,1,0,21,1,1,1,998980,7
empty,31,0,8241012002410802,2148210840020,0,77,1,1,0,19,1,1,1,998982,7
empty,31,1,8241012002410802,2148210840020,0,68,0,1,1,18,1,1,1,-998983,1
empty,31,2,8241012002410802,2148210840020,1,68,1,1,0,17,1,1,1,998984,7
empty,31,3,8241012002410802,2148210840020,1,67,0,1,1,16,0,0,1,-998985,0
empty,31,4,8241012002410802,2148210840020,2,67,1,1,0,15,0,1,1,998986,6
empty,31,5,8241012002410802,2148210840020,2,76,0,1,1,18,0,0,1,-998983,0
empty,32,0,10090411220100,5002200040100255,1,58,1,1,0,17,0,0,1,998984,6
empty,32,1,10090411220100,5002200040100255,1,59,0,1,1,16,1,1,1,-998985,1
empty,32,2,10090411220100,5002200040100255,10,59,1,1,0,15,0,1,1,998986,5
empty,32,3,10090411220100,5002200040100255,10,58,0,1,1,18,0,0,1,-998983,0
empty,32,4,10090411220100,5002200040100255,1,58,1,1,0,17,0,0,1,998984,6
empty,32,5,10090411220100,5002200040100255,1,59,0,1,1,16,1,1,1,-998985,1
empty,33,0,810480400481200,12c801300240800,4,73,1,1,0,17,1,1,1,998984,7
empty,33,1,810480400481200,12c801300240800,4,64,0,1,1,16,1,1,1,-998985,1
empty,33,2,810480400481200,12c801300240800,3,64,1,1,0,15,0,1,1,998986,6
empty,33,3,810480400481200,12c801300240800,3,55,0,1,1,14,1,1,1,-998987,1
empty,33,4,810480400481200,12c801300240800,2,55,1,1,0,13,0,1,1,998988,5
empty,33,5,810480400481200,12c801300240800,2,46,0,1,1,12,1,1,1,-998989,1
empty,34,0,200900815005142,4438000400000820,4,67,1,1,0,25,1,1,1,998976,8
empty,34,1,200900815005142,4438000400000820,4,76,0,1,1,24,1,1,1,-998977,1
empty,34,2,200900815005142,4438000400000820,5,76,1,1,0,23,1,1,1,998978,8
empty,34,3,200900815005142,4438000400000820,5,67,0,1,1,26,1,1,1,-998975,1
empty,34,4,200900815005142,4438000400000820,4,67,1,1,0,25,1,1,1,998976,8
empty,34,5,200900815005142,4438000400000820,4,58,0,1,0,23,1,1,1,998978,0
empty,35,0,402000009a54442,19000085000a000,3,76,1,1,0,23,1,1,1,998978,7
empty,35,1,402000009a54442,19000085000a000,3,75,0,1,1,26,1,1,1,-998975,1
empty,35,2,402000009a54442,19000085000a000,12,75,1,1,0,25,0,0,1,998976,8
empty,35,3,402000009a54442,19000085000a000,12,74,0,1,0,23,0,0,1,998978,1
empty,35,4,402000009a54442,19000085000a000,11,74,1,1,0,27,0,0,1,998974,8
empty,35,5,402000009a54442,19000085000a000,11,73,0,1,1,26,0,0,1,-998975,1
empty,36,0,1040000008400100,a31c020065080050,2,77,1,1,1,16,0,0,1,-998985,8
empty,36,1,1040000008400100,a31c020065080050,2,76,0,1,0,15,1,1,1,998986,1
empty,36,2,1040000008400100,a31c020065080050,3,76,1,1,0,19,0,0,1,998982,8
empty,36,3,1040000008400100,a31c020065080050,3,77,0,1,0,17,1,1,1,998984,1
empty,36,4,1040000008400100,a31c020065080050,2,77,1,1,1,16,0,0,1,-998985,8
empty,36,5,1040000008400100,a31c020065080050,2,76,0,1,0,15,1,1,1,998986,1
empty,37,0,14a018100000402,4000b004008d2008,2,56,0,1,1,16,0,0,1,-998985,0
empty,37,1,14a018100000402,4000b004008d2008,1,56,1,1,0,15,0,1,1,998986,5
empty,37,2,14a018100000402,4000b004008d2008,1,57,0,1,1,14,0,0,1,-998987,0
empty,37,3,14a018100000402,4000b004008d2008,0,57,1,1,0,13,0,1,1,998988,5
empty,37,4,14a018100000402,4000b004008d2008,0,48,0,1,1,12,1,1,1,-998989,1
empty,37,5,14a018100000402,4000b004008d2008,1,48,1,1,0,11,0,1,1,998990,4
empty,38,0,2910100100000482,9001228003408004,4,75,1,1,1,20,0,0,1,-998981,8
empty,38,1,2910100100000482,9001228003408004,4,76,0,1,0,19,1,1,1,998982,1
empty,38,2,2910100100000482,9001228003408004,5,76,1,1,1,20,0,0,1,-998981,8
empty,38,3,2910100100000482,9001228003408004,5,75,0,1,0,19,1,1,1,998982,1
empty,38,4,2910100100000482,9001228003408004,14,75,1,1,1,18,0,0,1,-998983,8
empty,38,5,2910100100000482,9001228003408004,14,74,0,1,0,17,0,1,1,998984,2
empty,39,0,a0400002a80520,80420c00002e010,3,76,1,1,0,25,1,1,1,998976,7
empty,39,1,a0400002a80520,80420c00002e010,3,77,0,1,0,23,1,1,1,998978,1
empty,39,2,a0400002a80520,80420c00002e010,12,77,1,1,1,22,1,1,1,-998979,7
empty,39,3,a0400002a80520,80420c00002e010,12,78,0,1,0,21,0,0,1,998980,1
empty,39,4,a0400002a80520,80420c00002e010,13,78,1,1,1,20,1,1,1,-998981,7
empty,39,5,a0400002a80520,80420c00002e010,13,79,0,1,0,19,0,1,1,998982,2
empty,40,0,41a0010200148008,24912000a001400,15,75,0,1,0,17,0,1,1,998984,2
empty,40,1,41a0010200148008,24912000a001400,16,75,1,1,0,23,1,1,1,998978,7
empty,40,2,41a0010200148008,24912000a001400,16,76,0,1,1,22,0,0,1,-998979,0
empty,40,3,41a0010200148008,24912000a001400,15,76,1,1,0,21,1,1,1,998980,7
empty,40,4,41a0010200148008,24912000a001400,15,75,0,1,0,17,0,1,1,998984,2
empty,40,5,41a0010200148008,24912000a001400,24,75,1,1,1,16,1,1,1,-998985,7
empty,41,0,4000880502421108,820044800002086,5,59,0,1,1,18,1,1,1,-998983,1
empty,41,1,4000880502421108,820044800002086,14,59,1,1,0,17,0,1,1,998984,5
empty,41,2,4000880502421108,820044800002086,14,58,0,1,1,20,0,0,1,-998981,0
empty,41,3,4000880502421108,820044800002086,5,58,1,1,0,19,0,0,1,998982,6
empty,41,4,4000880502421108,820044800002086,5,67,0,1,1,22,1,1,1,-998979,1
empty,41,5,4000880502421108,820044800002086,14,67,1,1,0,21,0,1,1,998980,6
empty,42,0,1020402004914,80014a00079002,3,58,1,1,0,15,0,1,1,998986,5
empty,42,1,1020402004914,80014a00079002,3,57,0,1,1,18,0,0,1,-998983,0
empty,42,2,1020402004914,80014a00079002,2,57,1,1,0,17,0,1,1,998984,6
empty,42,3,1020402004914,80014a00079002,2,66,0,1,1,20,0,0,1,-998981,0
empty,42,4,1020402004914,80014a00079002,3,66,1,1,0,19,0,1,1,998982,6
empty,42,5,1020402004914,80014a00079002,3,57,0,1,1,18,0,0,1,-998983,0
empty,43,0,4880080810408400,2000421042211804,4,59,1,1,0,19,0,1,1,998982,6
empty,43,1,4880080810408400,2000421042211804,4,50,0,1,0,19,1,1,1,998982,1
empty,43,2,4880080810408400,2000421042211804,13,50,1,1,1,18,0,1,1,-998983,4
empty,43,3,4880080810408400,2000421042211804,13,41,0,1,0,17,0,1,1,998984,2
empty,43,4,4880080810408400,2000421042211804,4,41,1,1,1,20,0,0,1,-998981,5
empty,43,5,4880080810408400,2000421042211804,4,50,0,1,0,19,1,1,1,998982,1
empty,44,0,12801029000a40,440214014000025,3,73,0,1,1,26,1,1,1,-998975,1
empty,44,1,12801029000a40,440214014000025,12,73,1,1,0,25,1,1,1,998976,7
empty,44,2,12801029000a40,440214014000025,12,74,0,1,0,27,0,0,1,998974,1
empty,44,3,12801029000a40,440214014000025,3,74,1,1,0,27,1,1,1,998974,7
empty,44,4,12801029000a40,440214014000025,3,65,0,1,1,26,1,1,1,-998975,1
empty,44,5,12801029000a40,440214014000025,12,65,1,1,0,25,0,0,1,998976,7
empty,45,0,811815000004805,a0002000c0009102,3,76,1,1,0,23,0,0,1,998978,8
empty,45,1,811815000004805,a0002000c0009102,3,75,0,1,1,22,0,0,1,-998979,0
empty,45,2,811815000004805,a0002000c0009102,2,75,1,1,0,21,0,0,1,998980,8
empty,45,3,811815000004805,a0002000c0009102,2,74,0,1,1,20,0,0,1,-998981,0
empty,45,4,811815000004805,a0002000c0009102,3,74,1,1,0,19,1,1,1,998982,7
empty,45,5,811815000004805,a0002000c0009102,3,65,0,1,1,18,0,0,1,-998983,0
empty,46,0,280a000000828081,2c10200c4114,22,75,1,1,1,18,0,0,1,-998983,8
empty,46,1,280a000000828081,2c10200c4114,22,74,0,1,0,17,0,1,1,998984,3
empty,46,2,280a000000828081,2c10200c4114,31,74,1,1,1,16,1,1,1,-998985,7
empty,46,3,280a000000828081,2c10200c4114,31,73,0,1,0,15,0,1,1,998986,4
empty,46,4,280a000000828081,2c10200c4114,40,73,1,1,1,14,1,1,1,-998987,7
empty,46,5,280a000000828081,2c10200c4114,40,72,0,1,0,13,0,1,1,998988,5
empty,47,0,2502120409450800,80010a80060,5,69,0,1,1,16,1,1,1,-998985,1
empty,47,1,2502120409450800,80010a80060,14,69,1,1,0,15,0,1,1,998986,6
empty,47,2,2502120409450800,80010a80060,14,68,0,1,0,17,0,1,1,998984,2
empty,47,3,2502120409450800,80010a80060,5,68,1,1,0,17,0,1,1,998984,6
empty,47,4,2502120409450800,80010a80060,5,67,0,1,0,19,1,1,1,998982,1
empty,47,5,2502120409450800,80010a80060,14,67,1,1,1,18,0,1,1,-998983,6
empty,48,0,20448800014215,4001100e0080102,16,66,0,1,0,21,0,0,1,998980,1
empty,48,1,20448800014215,4001100e0080102,17,66,1,1,1,22,0,1,1,-998979,6
empty,48,2,20448800014215,4001100e0080102,17,75,0,1,0,21,0,1,1,998980,2
empty,48,3,20448800014215,4001100e0080102,16,75,1,1,1,22,1,1,1,-998979,7
empty,48,4,20448800014215,4001100e0080102,16,66,0,1,0,21,0,0,1,998980,1
empty,48,5,20448800014215,4001100e0080102,7,66,1,1,1,24,0,1,1,-998977,6
empty,49,0,9111100008400508,4008c0285020000,6,66,0,1,0,21,1,1,1,998980,1
empty,49,1,9111100008400508,4008c0285020000,5,66,1,1,1,20,0,1,1,-998981,6
empty,49,2,9111100008400508,4008c0285020000,5,67,0,1,0,17,1,1,1,998984,1
empty,49,3,9111100008400508,4008c0285020000,6,67,1,1,0,19,0,0,1,998982,7
empty,49,4,9111100008400508,4008c0285020000,6,68,0,1,1,18,1,1,1,-998983,1
empty,49,5,9111100008400508,4008c0285020000,5,68,1,1,0,17,0,0,1,998984,7
empty,50,0,1420048904440040,81480000019028,13,69,0,1,0,19,0,1,1,998982,2
empty,50,1,1420048904440040,81480000019028,4,69,1,1,0,19,0,0,1,998982,7
empty,50,2,1420048904440040,81480000019028,4,68,0,1,1,18,1,1,1,-998983,1
empty,50,3,1420048904440040,81480000019028,13,68,1,1,0,17,0,0,1,998984,7
empty,50,4,1420048904440040,81480000019028,13,69,0,1,0,19,0,1,1,998982,2
empty,50,5,1420048904440040,81480000019028,4,69,1,1,0,19,0,0,1,998982,7
empty,51,0,8400041052041004,14600801900042,5,76,1,1,0,23,1,1,1,998978,8
empty,51,1,8400041052041004,14600801900042,5,75,0,1,1,22,1,1,1,-998979,1
empty,51,2,8400041052041004,14600801900042,6,75,1,1,0,21,0,0,1,998980,8
empty,51,3,8400041052041004,14600801900042,6,76,0,1,1,24,1,1,1,-998977,1
empty,51,4,8400041052041004,14600801900042,5,76,1,1,0,23,1,1,1,998978,8
empty,51,5,8400041052041004,14600801900042,5,67,0,1,1,26,1,1,1,-998975,1
empty,52,0,205028025000280,1020012008270004,13,75,0,1,0,13,0,1,1,998988,2
empty,52,1,205028025000280,1020012008270004,12,75,1,1,0,17,1,1,1,998984,7
empty,52,2,205028025000280,1020012008270004,12,76,0,1,1,16,1,1,1,-998985,0
empty,52,3,205028025000280,1020012008270004,21,76,1,1,0,15,1,1,1,998986,7
empty,52,4,205028025000280,1020012008270004,21,67,0,1,1,14,1,1,1,-998987,1
empty,52,5,205028025000280,1020012008270004,12,67,1,1,0,13,0,1,1,998988,6
empty,53,0,8880002a00008041,5200450882408,24,79,1,1,1,16,0,0,1,-998985,8
empty,53,1,8880002a00008041,5200450882408,24,78,0,1,0,15,0,1,1,998986,2
empty,53,2,8880002a00008041,5200450882408,25,78,1,1,1,14,1,1,1,-998987,7
empty,53,3,8880002a00008041,5200450882408,25,69,0,1,0,13,0,1,1,998988,3
empty,53,4,8880002a00008041,5200450882408,34,69,1,1,1,12,0,1,1,-998989,6
empty,53,5,8880002a00008041,5200450882408,34,68,0,1,0,11,0,1,1,998990,4
empty,54,0,2084402010041100,1a4001c801020040,12,76,0,1,0,21,0,1,1,998980,2
empty,54,1,2084402010041100,1a4001c801020040,3,76,1,1,0,19,1,1,1,998982,7
empty,54,2,2084402010041100,1a4001c801020040,3,67,0,1,1,18,1,1,1,-998983,1
empty,54,3,2084402010041100,1a4001c801020040,2,67,1,1,0,17,0,1,1,998984,6
empty,54,4,2084402010041100,1a4001c801020040,2,58,0,1,1,16,1,1,1,-998985,1
empty,54,5,2084402010041100,1a4001c801020040,11,58,1,1,0,15,0,1,1,998986,5
empty,55,0,502044440005001,4080408112800804,12,76,0,1,0,15,0,1,1,998986,2
empty,55,1,502044440005001,4080408112800804,21,76,1,1,1,14,1,1,1,-998987,7
empty,55,2,502044440005001,4080408112800804,21,67,0,1,0,13,0,1,1,998988,3
empty,55,3,502044440005001,4080408112800804,30,67,1,1,1,12,0,1,1,-998989,6
empty,55,4,502044440005001,4080408112800804,30,66,0,1,0,11,0,1,1,998990,4
empty,55,5,502044440005001,4080408112800804,31,66,1,1,1,10,0,1,1,-998991,6
empty,56,0,1508400201881091,30003001000a,5,68,1,1,0,17,0,1,1,998984,6
empty,56,1,1508400201881091,30003001000a,5,69,0,1,1,20,0,0,1,-998981,0
empty,56,2,1508400201881091,30003001000a,4,69,1,1,0,19,1,1,1,998982,7
empty,56,3,1508400201881091,30003001000a,4,60,0,1,1,20,0,0,1,-998981,0
empty,56,4,1508400201881091,30003001000a,5,60,1,1,0,19,0,0,1,998982,6
empty,56,5,1508400201881091,30003001000a,5,69,0,1,1,20,0,0,1,-998981,0
empty,57,0,1000900980110502,64020010002a4000,11,75,0,1,1,22,0,0,1,-998979,1
empty,57,1,1000900980110502,64020010002a4000,12,75,1,1,0,21,1,1,1,998980,7
empty,57,2,1000900980110502,64020010002a4000,12,76,0,1,0,19,0,0,1,998982,1
empty,57,3,1000900980110502,64020010002a4000,11,76,1,1,0,23,0,0,1,998978,8
empty,57,4,1000900980110502,64020010002a4000,11,77,0,1,0,21,0,0,1,998980,1
empty,57,5,1000900980110502,64020010002a4000,12,77,1,1,1,20,0,0,1,-998981,8
empty,58,0,2082049408084000,1d00000204802a00,15,78,1,1,0,23,0,0,1,998978,8
empty,58,1,2082049408084000,1d00000204802a00,15,77,0,1,1,26,0,0,1,-998975,0
empty,58,2,2082049408084000,1d00000204802a00,16,77,1,1,0,25,0,0,1,998976,8
empty,58,3,2082049408084000,1d00000204802a00,16,78,0,1,1,24,0,0,1,-998977,0
empty,58,4,2082049408084000,1d00000204802a00,15,78,1,1,0,23,0,0,1,998978,8
empty,58,5,2082049408084000,1d00000204802a00,15,79,0,1,1,22,0,0,1,-998979,0
empty,59,0,1020084081221,b0001048100d80,5,76,1,1,0,21,1,1,1,998980,8
empty,59,1,1020084081221,b0001048100d80,5,75,0,1,0,21,0,0,1,998980,0
empty,59,2,1020084081221,b0001048100d80,6,75,1,1,1,20,1,1,1,-998981,7
empty,59,3,1020084081221,b0001048100d80,6,74,0,1,0,19,0,0,1,998982,0
empty,59,4,1020084081221,b0001048100d80,5,74,1,1,1,22,1,1,1,-998979,7
empty,59,5,1020084081221,b0001048100d80,5,75,0,1,0,21,0,0,1,998980,0
empty,60,0,481812100018094,112000018400600,21,77,0,1,0,13,0,1,1,998988,3
empty,60,1,481812100018094,112000018400600,12,77,1,1,1,16,1,1,1,-998985,7
empty,60,2,481812100018094,112000018400600,12,78,0,1,0,15,0,1,1,998986,2
empty,60,3,481812100018094,112000018400600,13,78,1,1,1,14,1,1,1,-998987,7
empty,60,4,481812100018094,112000018400600,13,79,0,1,0,13,0,1,1,998988,2
empty,60,5,481812100018094,112000018400600,22,79,1,1,1,12,1,1,1,-998989,7
empty,61,0,2208092400001104,522800001300600,21,68,1,1,0,17,0,1,1,998984,6
empty,61,1,2208092400001104,522800001300600,21,59,0,1,1,16,1,1,1,-998985,1
empty,61,2,2208092400001104,522800001300600,30,59,1,1,0,15,0,1,1,998986,5
empty,61,3,2208092400001104,522800001300600,30,50,0,1,1,14,0,1,1,-998987,2
empty,61,4,2208092400001104,522800001300600,29,50,1,1,0,13,0,0,1,998988,5
empty,61,5,2208092400001104,522800001300600,29,49,0,1,1,14,0,1,1,-998987,2
empty,62,0,489290204484820,1002a010000100,5,75,0,1,0,25,0,0,1,998976,0
empty,62,1,489290204484820,1002a010000100,4,75,1,1,1,24,0,0,1,-998977,8
empty,62,2,489290204484820,1002a010000100,4,76,0,1,0,23,1,1,1,998978,1
empty,62,3,489290204484820,1002a010000100,13,76,1,1,1,22,1,1,1,-998979,7
empty,62,4,489290204484820,1002a010000100,13,67,0,1,0,21,0,0,1,998980,1
empty,62,5,489290204484820,1002a010000100,4,67,1,1,0,23,0,0,1,998978,7
empty,63,0,24a000080140224,8020140040284009,7,66,1,1,0,19,0,0,1,998982,7
empty,63,1,24a000080140224,8020140040284009,7,65,0,1,1,18,1,1,1,-998983,1
empty,63,2,24a000080140224,8020140040284009,16,65,1,1,0,17,0,0,1,998984,7
empty,63,3,24a000080140224,8020140040284009,16,66,0,1,1,20,1,1,1,-998981,0
empty,63,4,24a000080140224,8020140040284009,25,66,1,1,0,19,0,0,1,998982,7
empty,63,5,24a000080140224,8020140040284009,25,65,0,1,1,18,1,1,1,-998983,1
empty,64,0,21501180011428,4004010428800200,2,78,0,1,0,27,1,1,1,998974,1
empty,64,1,21501180011428,4004010428800200,3,78,1,1,0,29,1,1,1,998972,7
empty,64,2,21501180011428,4004010428800200,3,69,0,1,1,28,0,0,1,-998973,0
empty,64,3,21501180011428,4004010428800200,4,69,1,1,0,27,0,0,1,998974,7
empty,64,4,21501180011428,4004010428800200,4,78,0,1,0,27,0,0,1,998974,0
empty,64,5,21501180011428,4004010428800200,3,78,1,1,0,29,1,1,1,998972,7
empty,65,0,8500100800095,104c003241102,31,76,1,1,1,14,1,1,1,-998987,7
empty,65,1,8500100800095,104c003241102,31,77,0,1,0,13,0,1,1,998988,4
empty,65,2,8500100800095,104c003241102,32,77,1,1,1,16,1,1,1,-998985,7
empty,65,3,8500100800095,104c003241102,32,68,0,1,0,15,0,1,1,998986,4
empty,65,4,8500100800095,104c003241102,31,68,1,1,1,14,0,1,1,-998987,6
empty,65,5,8500100800095,104c003241102,31,59,0,1,0,13,0,1,1,998988,4
empty,66,0,854508020028200,308000019004011,15,74,1,1,1,22,1,1,1,-998979,7
empty,66,1,854508020028200,308000019004011,15,75,0,1,0,21,0,1,1,998980,2
empty,66,2,854508020028200,308000019004011,24,75,1,1,1,20,0,0,1,-998981,8
empty,66,3,854508020028200,308000019004011,24,74,0,1,0,19,0,1,1,998982,3
empty,66,4,854508020028200,308000019004011,23,74,1,1,1,20,1,1,1,-998981,7
empty,66,5,854508020028200,308000019004011,23,75,0,1,0,19,0,1,1,998982,2
empty,67,0,14000141880952,800040061000a004,3,74,1,1,1,22,1,1,1,-998979,7
empty,67,1,14000141880952,800040061000a004,3,73,0,1,0,21,1,1,1,998980,1
empty,67,2,14000141880952,800040061000a004,4,73,1,1,0,21,1,1,1,998980,7
empty,67,3,14000141880952,800040061000a004,4,64,0,1,1,20,0,0,1,-998981,0
empty,67,4,14000141880952,800040061000a004,5,64,1,1,0,19,0,1,1,998982,6
empty,67,5,14000141880952,800040061000a004,5,73,0,1,1,22,0,0,1,-998979,0
empty,68,0,1004025400020a0,ba0000001020810c,21,59,0,1,1,14,1,1,1,-998987,1
empty,68,1,1004025400020a0,ba0000001020810c,22,59,1,1,0,13,0,1,1,998988,5
empty,68,2,1004025400020a0,ba0000001020810c,22,60,0,1,0,11,0,1,1,998990,3
empty,68,3,1004025400020a0,ba0000001020810c,23,60,1,1,0,15,0,0,1,998986,6
empty,68,4,1004025400020a0,ba0000001020810c,23,59,0,1,1,14,0,1,1,-998987,3
empty,68,5,1004025400020a0,ba0000001020810c,22,59,1,1,0,13,0,1,1,998988,5
empty,69,0,50a0010100500044,204d000082281000,14,56,0,1,1,14,1,1,1,-998987,0
empty,69,1,50a0010100500044,204d000082281000,5,56,1,1,0,13,0,1,1,998988,5
empty,69,2,50a0010100500044,204d000082281000,5,47,0,1,1,12,1,1,1,-998989,1
empty,69,3,50a0010100500044,204d000082281000,4,47,1,1,0,11,0,1,1,998990,4
empty,69,4,50a0010100500044,204d000082281000,4,38,0,1,1,10,1,1,1,-998991,1
empty,69,5,50a0010100500044,204d000082281000,3,38,1,1,0,9,0,1,1,998992,3
empty,70,0,84001a01004,84402013a00002b0,24,76,0,1,0,17,0,0,1,998984,2
empty,70,1,84001a01004,84402013a00002b0,25,76,1,1,1,20,1,1,1,-998981,7
empty,70,2,84001a01004,84402013a00002b0,25,67,0,1,0,19,0,0,1,998982,2
empty,70,3,84001a01004,84402013a00002b0,26,67,1,1,0,19,0,1,1,998982,6
empty,70,4,84001a01004,84402013a00002b0,26,76,0,1,0,21,0,0,1,998980,2
empty,70,5,84001a01004,84402013a00002b0,25,76,1,1,1,20,1,1,1,-998981,7
empty,71,0,1212000028410800,2800182040089048,12,57,1,1,0,13,0,1,1,998988,5
empty,71,1,1212000028410800,2800182040089048,12,66,0,1,1,16,0,0,1,-998985,0
empty,71,2,1212000028410800,2800182040089048,11,66,1,1,0,15,0,1,1,998986,6
empty,71,3,1212000028410800,2800182040089048,11,57,0,1,1,14,1,1,1,-998987,0
empty,71,4,1212000028410800,2800182040089048,20,57,1,1,0,13,0,1,1,998988,5
empty,71,5,1212000028410800,2800182040089048,20,66,0,1,0,13,0,1,1,998988,3
empty,72,0,480540404042110,4200a01083400000,6,75,1,1,0,25,0,0,1,998976,8
empty,72,1,480540404042110,4200a01083400000,6,76,0,1,1,24,1,1,1,-998977,1
empty,72,2,480540404042110,4200a01083400000,15,76,1,1,0,23,1,1,1,998978,7
empty,72,3,480540404042110,4200a01083400000,15,67,0,1,1,22,0,0,1,-998979,0
empty,72,4,480540404042110,4200a01083400000,6,67,1,1,0,21,0,1,1,998980,6
empty,72,5,480540404042110,4200a01083400000,6,76,0,1,1,24,1,1,1,-998977,1
empty,73,0,40090008402452,8028003005080120,22,76,0,1,0,13,0,1,1,998988,3
empty,73,1,40090008402452,8028003005080120,13,76,1,1,1,16,1,1,1,-998985,7
empty,73,2,40090008402452,8028003005080120,13,67,0,1,0,15,0,1,1,998986,2
empty,73,3,40090008402452,8028003005080120,12,67,1,1,0,21,0,1,1,998980,6
empty,73,4,40090008402452,8028003005080120,12,58,0,1,1,20,0,0,1,-998981,0
empty,73,5,40090008402452,8028003005080120,11,58,1,1,0,19,0,0,1,998982,6
empty,74,0,12081008405004,c22800480002a010,13,75,0,1,1,20,0,0,1,-998981,0
empty,74,1,12081008405004,c22800480002a010,12,75,1,1,0,19,1,1,1,998982,7
empty,74,2,12081008405004,c22800480002a010,12,74,0,1,0,17,0,1,1,998984,2
empty,74,3,12081008405004,c22800480002a010,13,74,1,1,0,21,1,1,1,998980,7
empty,74,4,12081008405004,c22800480002a010,13,65,0,1,1,20,0,0,1,-998981,0
empty,74,5,12081008405004,c22800480002a010,12,65,1,1,0,19,0,0,1,998982,7
empty,75,0,41041400a2100504,b208820000020000,2,60,0,1,1,20,0,0,1,-998981,0
empty,75,1,41041400a2100504,b208820000020000,1,60,1,1,0,19,0,1,1,998982,5
empty,75,2,41041400a2100504,b208820000020000,1,61,0,1,1,22,1,1,1,-998979,1
empty,75,3,41041400a2100504,b208820000020000,10,61,1,1,0,21,0,1,1,998980,5
empty,75,4,41041400a2100504,b208820000020000,10,52,0,1,1,20,0,0,1,-998981,0
empty,75,5,41041400a2100504,b208820000020000,1,52,1,1,0,19,0,1,1,998982,4
empty,76,0,49024008800081,4000c628420c,22,78,0,1,0,13,0,1,1,998988,3
empty,76,1,49024008800081,4000c628420c,13,78,1,1,0,17,1,1,1,998984,7
empty,76,2,49024008800081,4000c628420c,13,77,0,1,1,16,1,1,1,-998985,0
empty,76,3,49024008800081,4000c628420c,4,77,1,1,0,15,1,1,1,998986,7
empty,76,4,49024008800081,4000c628420c,4,78,0,1,1,18,1,1,1,-998983,1
empty,76,5,49024008800081,4000c628420c,13,78,1,1,0,17,1,1,1,998984,7
empty,77,0,a01800810908000,104000b440024880,11,63,0,1,1,18,1,1,1,-998983,0
empty,77,1,a01800810908000,104000b440024880,20,63,1,1,0,17,0,0,1,998984,7
empty,77,2,a01800810908000,104000b440024880,20,72,0,1,0,15,0,1,1,998986,3
empty,77,3,a01800810908000,104000b440024880,29,72,1,1,1,14,1,1,1,-998987,7
empty,77,4,a01800810908000,104000b440024880,29,63,0,1,0,13,0,1,1,998988,4
empty,77,5,a01800810908000,104000b440024880,38,63,1,1,1,12,0,0,1,-998989,8
empty,78,0,4100012a1104800,700040090492,19,47,0,1,1,14,1,1,1,-998987,1
empty,78,1,4100012a1104800,700040090492,10,47,1,1,0,13,0,0,1,998988,5
empty,78,2,4100012a1104800,700040090492,10,46,0,1,1,16,1,1,1,-998985,0
empty,78,3,4100012a1104800,700040090492,9,46,1,1,0,15,0,0,1,998986,5
empty,78,4,4100012a1104800,700040090492,9,45,0,1,1,14,1,1,1,-998987,0
empty,78,5,4100012a1104800,700040090492,10,45,1,1,0,13,0,1,1,998988,4
empty,79,0,205840100024422,8008031080080011,12,58,0,1,1,12,0,0,1,-998989,0
empty,79,1,205840100024422,8008031080080011,11,58,1,1,0,11,0,1,1,998990,5
empty,79,2,205840100024422,8008031080080011,11,67,0,1,1,14,0,0,1,-998987,1
empty,79,3,205840100024422,8008031080080011,10,67,1,1,0,13,0,1,1,998988,6
empty,79,4,205840100024422,8008031080080011,10,68,0,1,1,16,0,1,1,-998985,2
empty,79,5,205840100024422,8008031080080011,11,68,1,1,0,15,0,1,1,998986,6
empty,80,0,15000024800a0800,4004020045102089,5,66,1,1,0,17,0,1,1,998984,6
empty,80,1,15000024800a0800,4004020045102089,5,67,0,1,1,16,1,1,1,-998985,1
empty,80,2,15000024800a0800,4004020045102089,14,67,1,1,0,15,0,1,1,998986,6
empty,80,3,15000024800a0800,4004020045102089,14,68,0,1,0,19,0,1,1,998982,2
empty,80,4,15000024800a0800,4004020045102089,13,68,1,1,0,17,0,1,1,998984,6
empty,80,5,15000024800a0800,4004020045102089,13,69,0,1,0,21,0,0,1,998980,1
empty,81,0,2802400028204140,580290200880001,3,76,1,1,1,22,0,0,1,-998979,8
empty,81,1,2802400028204140,580290200880001,3,77,0,1,0,21,1,1,1,998980,1
empty,81,2,2802400028204140,580290200880001,4,77,1,1,0,21,0,0,1,998980,8
empty,81,3,2802400028204140,580290200880001,4,76,0,1,0,23,1,1,1,998978,1
empty,81,4,2802400028204140,580290200880001,13,76,1,1,1,22,0,0,1,-998979,8
empty,81,5,2802400028204140,580290200880001,13,75,0,1,0,21,0,1,1,998980,2
empty,82,0,840542044108,14430811001004,13,78,1,1,1,14,1,1,1,-998987,7
empty,82,1,840542044108,14430811001004,13,77,0,1,0,13,0,1,1,998988,2
empty,82,2,840542044108,14430811001004,12,77,1,1,0,15,1,1,1,998986,7
empty,82,3,840542044108,14430811001004,12,68,0,1,1,14,0,1,1,-998987,2
empty,82,4,840542044108,14430811001004,13,68,1,1,0,13,0,1,1,998988,6
empty,82,5,840542044108,14430811001004,13,59,0,1,1,12,0,1,1,-998989,2
empty,83,0,5000820002012110,2005080051001a04,13,77,0,1,0,15,0,1,1,998986,2
empty,83,1,5000820002012110,2005080051001a04,22,77,1,1,1,14,0,0,1,-998987,8
empty,83,2,5000820002012110,2005080051001a04,22,76,0,1,0,13,0,1,1,998988,3
empty,83,3,5000820002012110,2005080051001a04,31,76,1,1,1,12,0,0,1,-998989,8
empty,83,4,5000820002012110,2005080051001a04,31,77,0,1,0,11,0,1,1,998990,4
empty,83,5,5000820002012110,2005080051001a04,22,77,1,1,1,14,0,0,1,-998987,8
empty,84,0,800282090888802,2304800300300000,4,74,0,1,1,18,1,1,1,-998983,1
empty,84,1,800282090888802,2304800300300000,3,74,1,1,0,17,1,1,1,998984,7
empty,84,2,800282090888802,2304800300300000,3,65,0,1,1,16,1,1,1,-998985,1
empty,84,3,800282090888802,2304800300300000,2,65,1,1,0,15,0,1,1,998986,6
empty,84,4,800282090888802,2304800300300000,2,56,0,1,1,14,0,0,1,-998987,0
empty,84,5,800282090888802,2304800300300000,3,56,1,1,0,13,0,1,1,998988,5
empty,85,0,404209000041010,a8000e0029804004,15,68,1,1,1,16,0,1,1,-998985,6
empty,85,1,404209000041010,a8000e0029804004,15,67,0,1,0,15,0,1,1,998986,2
empty,85,2,404209000041010,a8000e0029804004,6,67,1,1,0,17,0,1,1,998984,6
empty,85,3,404209000041010,a8000e0029804004,6,76,0,1,0,17,1,1,1,998984,1
empty,85,4,404209000041010,a8000e0029804004,7,76,1,1,0,19,1,1,1,998982,7
empty,85,5,404209000041010,a8000e0029804004,7,67,0,1,1,18,1,1,1,-998983,1
empty,86,0,2250250400020000,1920502004001102,12,65,1,1,0,17,0,1,1,998984,6
empty,86,1,2250250400020000,1920502004001102,12,56,0,1,1,16,1,1,1,-998985,0
empty,86,2,2250250400020000,1920502004001102,13,56,1,1,0,15,0,0,1,998986,6
empty,86,3,2250250400020000,1920502004001102,13,55,0,1,0,15,0,1,1,998986,2
empty,86,4,2250250400020000,1920502004001102,12,55,1,1,0,17,0,0,1,998984,6
empty,86,5,2250250400020000,1920502004001102,12,54,0,1,0,17,0,1,1,998984,2
empty,87,0,92a400040100010,408000012c810086,16,75,1,1,0,21,0,0,1,998980,8
empty,87,1,92a400040100010,408000012c810086,16,74,0,1,1,20,1,1,1,-998981,0
empty,87,2,92a400040100010,408000012c810086,15,74,1,1,0,19,1,1,1,998982,7
empty,87,3,92a400040100010,408000012c810086,15,75,0,1,1,22,1,1,1,-998979,0
empty,87,4,92a400040100010,408000012c810086,6,75,1,1,0,21,0,0,1,998980,8
empty,87,5,92a400040100010,408000012c810086,6,76,0,1,1,24,1,1,1,-998977,1
empty,88,0,200802042504048,1080000304280412,14,58,0,1,1,20,1,1,1,-998981,0
empty,88,1,200802042504048,1080000304280412,23,58,1,1,0,19,0,1,1,998982,5
empty,88,2,200802042504048,1080000304280412,23,49,0,1,1,18,0,0,1,-998983,1
empty,88,3,200802042504048,1080000304280412,22,49,1,1,0,17,0,1,1,998984,4
empty,88,4,200802042504048,1080000304280412,22,40,0,1,1,16,0,0,1,-998985,1
empty,88,5,200802042504048,1080000304280412,13,40,1,1,0,15,0,1,1,998986,4
empty,89,0,4020411428a1004,1008c00000002881,4,58,0,1,1,20,1,1,1,-998981,1
empty,89,1,4020411428a1004,1008c00000002881,13,58,1,1,0,19,0,1,1,998982,5
empty,89,2,4020411428a1004,1008c00000002881,13,67,0,1,1,22,0,0,1,-998979,0
empty,89,3,4020411428a1004,1008c00000002881,4,67,1,1,0,21,0,1,1,998980,6
empty,89,4,4020411428a1004,1008c00000002881,4,58,0,1,1,20,1,1,1,-998981,1
empty,89,5,4020411428a1004,1008c00000002881,13,58,1,1,0,19,0,1,1,998982,5
empty,90,0,a0088008000a80,88000620403e0010,13,77,0,1,1,20,0,0,1,-998981,0
empty,90,1,a0088008000a80,88000620403e0010,4,77,1,1,0,19,1,1,1,998982,7
empty,90,2,a0088008000a80,88000620403e0010,4,76,0,1,1,18,1,1,1,-998983,1
empty,90,3,a0088008000a80,88000620403e0010,13,76,1,1,0,17,1,1,1,998984,7
empty,90,4,a0088008000a80,88000620403e0010,13,67,0,1,1,16,0,0,1,-998985,0
empty,90,5,a0088008000a80,88000620403e0010,12,67,1,1,0,15,0,1,1,998986,6
empty,91,0,2420010148441208,582400008012,3,79,0,1,1,18,0,0,1,-998983,0
empty,91,1,2420010148441208,582400008012,4,79,1,1,0,17,1,1,1,998984,7
empty,91,2,2420010148441208,582400008012,4,70,0,1,1,16,0,0,1,-998985,0
empty,91,3,2420010148441208,582400008012,3,70,1,1,0,15,0,1,1,998986,6
empty,91,4,2420010148441208,582400008012,3,61,0,1,1,14,0,0,1,-998987,0
empty,91,5,2420010148441208,582400008012,2,61,1,1,0,13,0,1,1,998988,5
empty,92,0,844245000100884,608000022800308,13,59,0,1,1,20,0,0,1,-998981,0
empty,92,1,844245000100884,608000022800308,4,59,1,1,0,19,0,0,1,998982,6
empty,92,2,844245000100884,608000022800308,4,68,0,1,1,22,1,1,1,-998979,1
empty,92,3,844245000100884,608000022800308,5,68,1,1,0,21,0,1,1,998980,6
empty,92,4,844245000100884,608000022800308,5,67,0,1,1,20,1,1,1,-998981,1
empty,92,5,844245000100884,608000022800308,6,67,1,1,0,19,0,1,1,998982,6
empty,93,0,291a848010510,18000110200006,15,77,0,1,0,23,1,1,1,998978,1
empty,93,1,291a848010510,18000110200006,16,77,1,1,0,27,1,1,1,998974,8
empty,93,2,291a848010510,18000110200006,16,68,0,1,0,25,1,1,1,998976,1
empty,93,3,291a848010510,18000110200006,25,68,1,1,0,29,0,1,1,998972,6
empty,93,4,291a848010510,18000110200006,25,59,0,1,1,28,1,1,1,-998973,1
empty,93,5,291a848010510,18000110200006,16,59,1,1,0,27,0,0,1,998974,6
empty,94,0,8891040020029049,400006408010020,4,77,1,1,0,25,1,1,1,998976,7
empty,94,1,8891040020029049,400006408010020,4,76,0,1,0,29,0,0,1,998972,0
empty,94,2,8891040020029049,400006408010020,5,76,1,1,1,28,0,0,1,-998973,8
empty,94,3,8891040020029049,400006408010020,5,77,0,1,0,27,1,1,1,998974,1
empty,94,4,8891040020029049,400006408010020,14,77,1,1,1,26,1,1,1,-998975,7
empty,94,5,8891040020029049,400006408010020,14,76,0,1,0,23,0,0,1,998978,1
empty,95,0,2a084400000540,4090000120032016,12,75,1,1,1,22,1,1,1,-998979,7
empty,95,1,2a084400000540,4090000120032016,12,66,0,1,0,21,0,0,1,998980,1
empty,95,2,2a084400000540,4090000120032016,3,66,1,1,1,24,0,0,1,-998977,8
empty,95,3,2a084400000540,4090000120032016,3,75,0,1,0,23,1,1,1,998978,1
empty,95,4,2a084400000540,4090000120032016,4,75,1,1,1,22,1,1,1,-998979,7
empty,95,5,2a084400000540,4090000120032016,4,74,0,1,0,21,1,1,1,998980,1
empty,96,0,208a221000001504,4200c2086100000,2,66,0,1,1,30,0,0,1,-998971,0
empty,96,1,208a221000001504,4200c2086100000,1,66,1,1,0,29,0,0,1,998972,8
empty,96,2,208a221000001504,4200c2086100000,1,67,0,1,1,28,1,1,1,-998973,1
empty,96,3,208a221000001504,4200c2086100000,10,67,1,1,0,27,0,0,1,998974,8
empty,96,4,208a221000001504,4200c2086100000,10,68,0,1,1,30,0,0,1,-998971,0
empty,96,5,208a221000001504,4200c2086100000,9,68,1,1,0,29,1,1,1,998972,7
empty,97,0,2001410000002022,402490024012400d,21,58,1,1,0,11,0,1,1,998990,5
empty,97,1,2001410000002022,402490024012400d,21,57,0,1,1,12,1,1,1,-998989,1
empty,97,2,2001410000002022,402490024012400d,12,57,1,1,0,11,0,1,1,998990,5
empty,97,3,2001410000002022,402490024012400d,12,58,0,1,1,12,1,1,1,-998989,0
empty,97,4,2001410000002022,402490024012400d,3,58,1,1,0,11,0,1,1,998990,5
empty,97,5,2001410000002022,402490024012400d,3,67,0,1,1,14,1,1,1,-998987,1
empty,98,0,a0008000088a1000,4500681420008102,13,77,0,1,1,22,0,0,1,-998979,0
empty,98,1,a0008000088a1000,4500681420008102,4,77,1,1,0,21,0,0,1,998980,8
empty,98,2,a0008000088a1000,4500681420008102,4,78,0,1,1,24,1,1,1,-998977,1
empty,98,3,a0008000088a1000,4500681420008102,13,78,1,1,0,23,0,0,1,998978,8
empty,98,4,a0008000088a1000,4500681420008102,13,77,0,1,1,22,0,0,1,-998979,0
empty,98,5,a0008000088a1000,4500681420008102,12,77,1,1,0,21,0,0,1,998980,8
empty,99,0,812100020,4b00758224000081,4,68,0,1,1,18,1,1,1,-998983,1
empty,99,1,812100020,4b00758224000081,13,68,1,1,0,17,0,1,1,998984,6
empty,99,2,812100020,4b00758224000081,13,67,0,1,0,17,0,1,1,998984,2
empty,99,3,812100020,4b00758224000081,22,67,1,1,1,16,0,1,1,-998985,6
empty,99,4,812100020,4b00758224000081,22,68,0,1,0,15,0,0,1,998986,2
empty,99,5,812100020,4b00758224000081,21,68,1,1,0,17,0,1,1,998984,6
empty,100,0,100a009050820844,800080600000040b,15,69,0,1,1,26,0,1,1,-998975,2
empty,100,1,100a009050820844,800080600000040b,24,69,1,1,0,25,0,1,1,998976,6
empty,100,2,100a009050820844,800080600000040b,24,60,0,1,1,24,1,1,1,-998977,1
empty,100,3,100a009050820844,800080600000040b,15,60,1,1,0,23,0,1,1,998978,6
empty,100,4,100a009050820844,800080600000040b,15,69,0,1,1,26,0,1,1,-998975,2
empty,100,5,100a009050820844,800080600000040b,14,69,1,1,0,25,0,1,1,998976,6
empty,101,0,144001802800,b0030004304681,11,76,1,1,1,16,1,1,1,-998985,7
empty,101,1,144001802800,b0030004304681,11,75,0,1,0,15,0,1,1,998986,2
empty,101,2,144001802800,b0030004304681,2,75,1,1,1,18,1,1,1,-998983,7
empty,101,3,144001802800,b0030004304681,2,66,0,1,0,17,1,1,1,998984,1
empty,101,4,144001802800,b0030004304681,3,66,1,1,0,19,1,1,1,998982,7
empty,101,5,144001802800,b0030004304681,3,67,0,1,0,19,1,1,1,998982,0
empty,102,0,5120880080442004,820012000421000a,6,56,0,1,1,14,1,1,1,-998987,1
empty,102,1,5120880080442004,820012000421000a,15,56,1,1,0,13,0,1,1,998988,5
empty,102,2,5120880080442004,820012000421000a,15,57,0,1,1,16,0,0,1,-998985,0
empty,102,3,5120880080442004,820012000421000a,16,57,1,1,0,15,0,0,1,998986,6
empty,102,4,5120880080442004,820012000421000a,16,56,0,1,1,14,1,1,1,-998987,0
empty,102,5,5120880080442004,820012000421000a,15,56,1,1,0,13,0,1,1,998988,5
empty,103,0,422200018a000008,a0004488240001c0,15,77,0,1,0,17,0,1,1,998984,2
empty,103,1,422200018a000008,a0004488240001c0,24,77,1,1,1,16,1,1,1,-998985,7
empty,103,2,422200018a000008,a0004488240001c0,24,76,0,1,0,15,0,1,1,998986,3
empty,103,3,422200018a000008,a0004488240001c0,23,76,1,1,1,14,1,1,1,-998987,7
empty,103,4,422200018a000008,a0004488240001c0,23,67,0,1,0,13,0,1,1,998988,3
empty,103,5,422200018a000008,a0004488240001c0,22,67,1,1,0,15,0,1,1,998986,6
empty,104,0,1081880941248800,530008001200,4,57,1,1,0,15,0,0,1,998986,6
empty,104,1,1081880941248800,530008001200,4,58,0,1,1,18,1,1,1,-998983,1
empty,104,2,1081880941248800,530008001200,13,58,1,1,0,17,0,0,1,998984,6
empty,104,3,1081880941248800,530008001200,13,57,0,1,1,16,0,0,1,-998985,0
empty,104,4,1081880941248800,530008001200,4,57,1,1,0,15,0,0,1,998986,6
empty,104,5,1081880941248800,530008001200,4,58,0,1,1,18,1,1,1,-998983,1
empty,105,0,89000481000022,11009062000900d0,0,74,0,1,1,20,1,1,1,-998981,1
empty,105,1,89000481000022,11009062000900d0,1,74,1,1,0,19,1,1,1,998982,7
empty,105,2,89000481000022,11009062000900d0,1,65,0,1,1,18,0,0,1,-998983,0
empty,105,3,89000481000022,11009062000900d0,0,65,1,1,0,17,0,1,1,998984,6
empty,105,4,89000481000022,11009062000900d0,0,64,0,1,1,20,1,1,1,-998981,1
empty,105,5,89000481000022,11009062000900d0,9,64,1,1,0,19,0,0,1,998982,7
empty,106,0,284000089044202,2000d10830000804,15,76,1,1,0,17,1,1,1,998984,7
empty,106,1,284000089044202,2000d10830000804,15,77,0,1,1,16,0,0,1,-998985,0
empty,106,2,284000089044202,2000d10830000804,16,77,1,1,0,15,1,1,1,998986,7
empty,106,3,284000089044202,2000d10830000804,16,76,0,1,1,18,0,0,1,-998983,0
empty,106,4,284000089044202,2000d10830000804,15,76,1,1,0,17,1,1,1,998984,7
empty,106,5,284000089044202,2000d10830000804,15,77,0,1,1,16,0,0,1,-998985,0
empty,107,0,4100201400121090,800960000840023,12,62,0,1,1,16,1,1,1,-998985,0
empty,107,1,4100201400121090,800960000840023,21,62,1,1,0,15,0,1,1,998986,5
empty,107,2,4100201400121090,800960000840023,21,71,0,1,0,17,0,1,1,998984,3
empty,107,3,4100201400121090,800960000840023,22,71,1,1,0,17,0,1,1,998984,6
empty,107,4,4100201400121090,800960000840023,22,80,0,1,0,19,0,0,1,998982,2
empty,107,5,4100201400121090,800960000840023,21,80,1,1,1,18,1,1,1,-998983,7
empty,108,0,2885441200180,1000200090431020,4,74,0,1,1,24,1,1,1,-998977,1
empty,108,1,2885441200180,1000200090431020,3,74,1,1,0,23,1,1,1,998978,7
empty,108,2,2885441200180,1000200090431020,3,73,0,1,1,22,1,1,1,-998979,1
empty,108,3,2885441200180,1000200090431020,4,73,1,1,0,21,1,1,1,998980,7
empty,108,4,2885441200180,1000200090431020,4,72,0,1,1,20,1,1,1,-998981,1
empty,108,5,2885441200180,1000200090431020,5,72,1,1,0,19,1,1,1,998982,7
empty,109,0,2000800291540809,82004a000c000100,3,68,1,1,0,19,0,1,1,998982,6
empty,109,1,2000800291540809,82004a000c000100,3,67,0,1,1,22,0,0,1,-998979,0
empty,109,2,2000800291540809,82004a000c000100,2,67,1,1,0,21,0,1,1,998980,6
empty,109,3,2000800291540809,82004a000c000100,2,76,0,1,0,23,1,1,1,998978,1
empty,109,4,2000800291540809,82004a000c000100,1,76,1,1,0,23,1,1,1,998978,7
empty,109,5,2000800291540809,82004a000c000100,1,67,0,1,1,22,0,0,1,-998979,0
empty,110,0,2001040800408288,410024000a61900,5,67,0,1,1,16,1,1,1,-998985,1
empty,110,1,2001040800408288,410024000a61900,4,67,1,1,0,15,0,1,1,998986,6
empty,110,2,2001040800408288,410024000a61900,4,58,0,1,1,14,0,0,1,-998987,0
empty,110,3,2001040800408288,410024000a61900,5,58,1,1,0,13,0,1,1,998988,5
empty,110,4,2001040800408288,410024000a61900,5,67,0,1,1,16,1,1,1,-998985,1
empty,110,5,2001040800408288,410024000a61900,6,67,1,1,0,15,0,1,1,998986,6
empty,111,0,195410000880421,8017004804,24,67,1,1,1,18,0,0,1,-998983,7
empty,111,1,195410000880421,8017004804,24,68,0,1,0,17,0,1,1,998984,3
empty,111,2,195410000880421,8017004804,15,68,1,1,1,20,0,0,1,-998981,8
empty,111,3,195410000880421,8017004804,15,69,0,1,0,19,0,1,1,998982,2
empty,111,4,195410000880421,8017004804,14,69,1,1,0,17,0,1,1,998984,6
empty,111,5,195410000880421,8017004804,14,60,0,1,1,16,0,1,1,-998985,2
empty,112,0,12000080050540,8b004d0008029000,12,69,1,1,0,15,0,1,1,998986,6
empty,112,1,12000080050540,8b004d0008029000,12,70,0,1,1,18,0,0,1,-998983,0
empty,112,2,12000080050540,8b004d0008029000,13,70,1,1,0,17,0,1,1,998984,6
empty,112,3,12000080050540,8b004d0008029000,13,69,0,1,1,16,1,1,1,-998985,0
empty,112,4,12000080050540,8b004d0008029000,12,69,1,1,0,15,0,1,1,998986,6
empty,112,5,12000080050540,8b004d0008029000,12,60,0,1,1,14,0,0,1,-998987,0
empty,113,0,8482010024902,4031004200810011,12,66,0,1,0,19,0,0,1,998982,1
empty,113,1,8482010024902,4031004200810011,3,66,1,1,0,21,0,0,1,998980,7
empty,113,2,8482010024902,4031004200810011,3,75,0,1,0,21,1,1,1,998980,1
empty,113,3,8482010024902,4031004200810011,4,75,1,1,0,23,1,1,1,998978,7
empty,113,4,8482010024902,4031004200810011,4,66,0,1,1,22,1,1,1,-998979,1
empty,113,5,8482010024902,4031004200810011,3,66,1,1,0,21,0,0,1,998980,7
empty,114,0,142000808004a,90244013608004,5,77,0,1,1,16,1,1,1,-998985,1
empty,114,1,142000808004a,90244013608004,4,77,1,1,0,15,1,1,1,998986,7
empty,114,2,142000808004a,90244013608004,4,76,0,1,1,18,0,0,1,-998983,0
empty,114,3,142000808004a,90244013608004,3,76,1,1,0,17,1,1,1,998984,7
empty,114,4,142000808004a,90244013608004,3,67,0,1,1,16,0,0,1,-998985,0
empty,114,5,142000808004a,90244013608004,4,67,1,1,0,15,0,1,1,998986,6
empty,115,0,4000524,64821800a0540811,2,59,1,1,0,13,0,1,1,998988,5
empty,115,1,4000524,64821800a0540811,2,68,0,1,1,16,0,0,1,-998985,0
empty,115,2,4000524,64821800a0540811,1,68,1,1,0,15,0,1,1,998986,6
empty,115,3,4000524,64821800a0540811,1,67,0,1,1,14,1,1,1,-998987,1
empty,115,4,4000524,64821800a0540811,10,67,1,1,0,13,0,1,1,998988,6
empty,115,5,4000524,64821800a0540811,10,68,0,1,1,16,0,0,1,-998985,0
empty,116,0,8542088204a8400,9000100100002880,3,65,0,1,1,18,1,1,1,-998983,1
empty,116,1,8542088204a8400,9000100100002880,2,65,1,1,0,17,0,0,1,998984,7
empty,116,2,8542088204a8400,9000100100002880,2,66,0,1,1,20,1,1,1,-998981,1
empty,116,3,8542088204a8400,9000100100002880,3,66,1,1,0,19,0,0,1,998982,7
empty,116,4,8542088204a8400,9000100100002880,3,65,0,1,1,18,1,1,1,-998983,1
empty,116,5,8542088204a8400,9000100100002880,12,65,1,1,0,17,0,0,1,998984,7
empty,117,0,824088012012000,4a104008900940,14,78,0,1,0,25,0,0,1,998976,0
empty,117,1,824088012012000,4a104008900940,5,78,1,1,1,24,1,1,1,-998977,7
empty,117,2,824088012012000,4a104008900940,5,69,0,1,0,23,1,1,1,998978,0
empty,117,3,824088012012000,4a104008900940,6,69,1,1,1,26,0,0,1,-998975,8
empty,117,4,824088012012000,4a104008900940,6,78,0,1,0,25,1,1,1,998976,0
empty,117,5,824088012012000,4a104008900940,5,78,1,1,1,24,1,1,1,-998977,7
empty,118,0,211892580852200,420400200400000,11,77,0,1,0,21,0,0,1,998980,1
empty,118,1,211892580852200,420400200400000,2,77,1,1,0,21,1,1,1,998980,8
empty,118,2,211892580852200,420400200400000,2,76,0,1,0,23,1,1,1,998978,1
empty,118,3,211892580852200,420400200400000,11,76,1,1,1,22,1,1,1,-998979,7
empty,118,4,211892580852200,420400200400000,11,75,0,1,0,21,0,0,1,998980,1
empty,118,5,211892580852200,420400200400000,2,75,1,1,0,21,1,1,1,998980,7
empty,119,0,2000410000044044,b00025801ca2,5,67,0,1,1,14,1,1,1,-998987,1
empty,119,1,2000410000044044,b00025801ca2,4,67,1,1,0,13,0,1,1,998988,6
empty,119,2,2000410000044044,b00025801ca2,4,66,0,1,1,16,1,1,1,-998985,1
empty,119,3,2000410000044044,b00025801ca2,13,66,1,1,0,15,0,1,1,998986,6
empty,119,4,2000410000044044,b00025801ca2,13,57,0,1,1,14,1,1,1,-998987,0
empty,119,5,2000410000044044,b00025801ca2,22,57,1,1,0,13,0,1,1,998988,5
empty,120,0,2124201000884540,90420804000810,11,61,0,1,1,16,0,0,1,-998985,0
empty,120,1,2124201000884540,90420804000810,12,61,1,1,0,15,0,1,1,998986,5
empty,120,2,2124201000884540,90420804000810,12,52,0,1,1,14,0,0,1,-998987,0
empty,120,3,2124201000884540,90420804000810,11,52,1,1,0,13,0,1,1,998988,4
empty,120,4,2124201000884540,90420804000810,11,61,0,1,1,16,0,0,1,-998985,0
empty,120,5,2124201000884540,90420804000810,12,61,1,1,0,15,0,1,1,998986,5
empty,121,0,1204844000118100,80004021d0040042,18,65,1,1,0,17,0,0,1,998984,7
empty,121,1,1204844000118100,80004021d0040042,18,64,0,1,1,16,0,0,1,-998985,2
empty,121,2,1204844000118100,80004021d0040042,19,64,1,1,0,15,0,1,1,998986,6
empty,121,3,1204844000118100,80004021d0040042,19,55,0,1,1,14,0,0,1,-998987,2
empty,121,4,1204844000118100,80004021d0040042,18,55,1,1,0,13,0,1,1,998988,5
empty,121,5,1204844000118100,80004021d0040042,18,54,0,1,1,16,0,0,1,-998985,2
empty,122,0,180010081000045,1428401960100200,3,76,1,1,0,15,1,1,1,998986,7
empty,122,1,180010081000045,1428401960100200,3,67,0,1,1,14,0,0,1,-998987,0
empty,122,2,180010081000045,1428401960100200,4,67,1,1,0,13,0,1,1,998988,6
empty,122,3,180010081000045,1428401960100200,4,58,0,1,1,12,1,1,1,-998989,1
empty,122,4,180010081000045,1428401960100200,3,58,1,1,0,11,0,1,1,998990,5
empty,122,5,180010081000045,1428401960100200,3,59,0,1,1,12,0,0,1,-998989,0
empty,123,0,2821008108420020,210062040288002,19,58,1,1,0,15,0,1,1,998986,5
empty,123,1,2821008108420020,210062040288002,19,57,0,1,1,16,0,0,1,-998985,1
empty,123,2,2821008108420020,210062040288002,18,57,1,1,0,15,0,1,1,998986,5
empty,123,3,2821008108420020,210062040288002,18,48,0,1,1,14,1,1,1,-998987,1
empty,123,4,2821008108420020,210062040288002,19,48,1,1,0,13,0,1,1,998988,4
empty,123,5,2821008108420020,210062040288002,19,39,0,1,1,12,0,0,1,-998989,1
empty,124,0,4a0481008422001,40042001c0091000,4,76,0,1,0,21,1,1,1,998980,1
empty,124,1,4a0481008422001,40042001c0091000,5,76,1,1,1,24,1,1,1,-998977,7
empty,124,2,4a0481008422001,40042001c0091000,5,75,0,1,0,23,1,1,1,998978,0
empty,124,3,4a0481008422001,40042001c0091000,6,75,1,1,0,23,0,0,1,998978,8
empty,124,4,4a0481008422001,40042001c0091000,6,74,0,1,1,22,1,1,1,-998979,1
empty,124,5,4a0481008422001,40042001c0091000,5,74,1,1,0,21,0,0,1,998980,8
empty,125,0,2028000004228000,80010ca05080102c,12,75,1,1,1,18,1,1,1,-998983,7
empty,125,1,2028000004228000,80010ca05080102c,12,66,0,1,0,17,0,1,1,998984,2
empty,125,2,2028000004228000,80010ca05080102c,3,66,1,1,0,19,0,0,1,998982,7
empty,125,3,2028000004228000,80010ca05080102c,3,75,0,1,0,19,1,1,1,998982,1
empty,125,4,2028000004228000,80010ca05080102c,12,75,1,1,1,18,1,1,1,-998983,7
empty,125,5,2028000004228000,80010ca05080102c,12,74,0,1,0,17,0,1,1,998984,2
empty,126,0,805000141040480,6000c22008108140,5,76,1,1,0,17,0,0,1,998984,8
empty,126,1,805000141040480,6000c22008108140,5,75,0,1,0,15,1,1,1,998986,1
empty,126,2,805000141040480,6000c22008108140,14,75,1,1,1,14,0,0,1,-998987,8
empty,126,3,805000141040480,6000c22008108140,14,76,0,1,0,13,0,1,1,998988,2
empty,126,4,805000141040480,6000c22008108140,15,76,1,1,0,17,0,0,1,998984,8
empty,126,5,805000141040480,6000c22008108140,15,77,0,1,1,16,1,1,1,-998985,0
empty,127,0,402a144120120000,1400091002040084,12,58,0,1,1,20,1,1,1,-998981,0
empty,127,1,402a144120120000,1400091002040084,3,58,1,1,0,19,0,0,1,998982,6
empty,127,2,402a144120120000,1400091002040084,3,59,0,1,1,18,1,1,1,-998983,1
empty,127,3,402a144120120000,1400091002040084,4,59,1,1,0,17,0,0,1,998984,6
empty,127,4,402a144120120000,1400091002040084,4,60,0,1,1,16,1,1,1,-998985,1
empty,127,5,402a144120120000,1400091002040084,3,60,1,1,0,15,0,1,1,998986,5
empty,128,0,150010200410824,10004000250a1102,4,65,1,1,0,21,0,1,1,998980,6
empty,128,1,150010200410824,10004000250a1102,4,56,0,1,1,20,1,1,1,-998981,1
empty,128,2,150010200410824,10004000250a1102,13,56,1,1,0,19,0,1,1,998982,5
empty,128,3,150010200410824,10004000250a1102,13,55,0,1,0,19,0,0,1,998982,1
empty,128,4,150010200410824,10004000250a1102,12,55,1,1,1,18,0,0,1,-998983,7
empty,128,5,150010200410824,10004000250a1102,12,54,0,1,0,17,0,0,1,998984,1
empty,129,0,a052000428900,200a0050016003,6,73,1,1,1,22,1,1,1,-998979,7
empty,129,1,a052000428900,200a0050016003,6,72,0,1,0,21,1,1,1,998980,0
empty,129,2,a052000428900,200a0050016003,5,72,1,1,1,20,1,1,1,-998981,7
empty,129,3,a052000428900,200a0050016003,5,63,0,1,0,19,1,1,1,998982,1
empty,129,4,a052000428900,200a0050016003,14,63,1,1,1,18,0,1,1,-998983,6
empty,129,5,a052000428900,200a0050016003,14,64,0,1,0,17,0,1,1,998984,2
empty,130,0,9080440900402405,82012002000d000,5,77,0,1,1,22,1,1,1,-998979,1
empty,130,1,9080440900402405,82012002000d000,6,77,1,1,0,21,0,0,1,998980,8
empty,130,2,9080440900402405,82012002000d000,6,78,0,1,1,20,1,1,1,-998981,1
empty,130,3,9080440900402405,82012002000d000,7,78,1,1,0,19,1,1,1,998982,7
empty,130,4,9080440900402405,82012002000d000,7,77,0,1,1,22,1,1,1,-998979,1
empty,130,5,9080440900402405,82012002000d000,16,77,1,1,0,21,0,0,1,998980,8
empty,131,0,1124010940080240,c000100002443004,23,77,0,1,0,15,0,1,1,998986,3
empty,131,1,1124010940080240,c000100002443004,14,77,1,1,1,18,0,0,1,-998983,8
empty,131,2,1124010940080240,c000100002443004,14,76,0,1,0,17,0,1,1,998984,2
empty,131,3,1124010940080240,c000100002443004,23,76,1,1,1,16,0,0,1,-998985,8
empty,131,4,1124010940080240,c000100002443004,23,75,0,1,0,15,0,1,1,998986,3
empty,131,5,1124010940080240,c000100002443004,32,75,1,1,1,14,1,1,1,-998987,7
empty,132,0,1202a02010080080,c100020902001148,5,48,1,1,0,11,0,1,1,998990,4
empty,132,1,1202a02010080080,c100020902001148,5,39,0,1,1,10,1,1,1,-998991,1
empty,132,2,1202a02010080080,c100020902001148,4,39,1,1,0,9,0,1,1,998992,3
empty,132,3,1202a02010080080,c100020902001148,4,48,0,1,1,12,1,1,1,-998989,1
empty,132,4,1202a02010080080,c100020902001148,13,48,1,1,0,11,0,1,1,998990,4
empty,132,5,1202a02010080080,c100020902001148,13,39,0,1,1,10,1,1,1,-998991,0
empty,133,0,900411200410120a,440300a00140,22,66,0,1,0,19,0,0,1,998982,2
empty,133,1,900411200410120a,440300a00140,23,66,1,1,0,21,0,0,1,998980,7
empty,133,2,900411200410120a,440300a00140,23,67,0,1,1,20,0,0,1,-998981,2
empty,133,3,900411200410120a,440300a00140,22,67,1,1,0,19,1,1,1,998982,7
empty,133,4,900411200410120a,440300a00140,22,68,0,1,1,18,0,0,1,-998983,2
empty,133,5,900411200410120a,440300a00140,23,68,1,1,0,17,1,1,1,998984,7
empty,134,0,41020000408480,4920441100800914,16,68,0,1,1,14,0,0,1,-998987,1
empty,134,1,41020000408480,4920441100800914,17,68,1,1,0,13,0,1,1,998988,6
empty,134,2,41020000408480,4920441100800914,17,67,0,1,1,14,0,0,1,-998987,1
empty,134,3,41020000408480,4920441100800914,16,67,1,1,0,13,0,1,1,998988,6
empty,134,4,41020000408480,4920441100800914,16,68,0,1,1,14,0,0,1,-998987,1
empty,134,5,41020000408480,4920441100800914,17,68,1,1,0,13,0,1,1,998988,6
empty,135,0,a1400008a0100011,28402011000c408,33,58,1,1,0,15,0,1,1,998986,5
empty,135,1,a1400008a0100011,28402011000c408,33,67,0,1,1,18,0,0,1,-998983,2
empty,135,2,a1400008a0100011,28402011000c408,24,67,1,1,0,17,0,1,1,998984,6
empty,135,3,a1400008a0100011,28402011000c408,24,68,0,1,1,20,1,1,1,-998981,1
empty,135,4,a1400008a0100011,28402011000c408,15,68,1,1,0,19,0,1,1,998982,6
empty,135,5,a1400008a0100011,28402011000c408,15,67,0,1,1,18,1,1,1,-998983,0
empty,136,0,5014281120014042,401800208020800,23,76,1,1,1,18,0,0,1,-998983,8
empty,136,1,5014281120014042,401800208020800,23,75,0,1,0,17,0,1,1,998984,3
empty,136,2,5014281120014042,401800208020800,32,75,1,1,1,16,1,1,1,-998985,7
empty,136,3,5014281120014042,401800208020800,32,76,0,1,0,15,0,0,1,998986,3
empty,136,4,5014281120014042,401800208020800,23,76,1,1,1,18,0,0,1,-998983,8
empty,136,5,5014281120014042,401800208020800,23,77,0,1,0,17,0,1,1,998984,3
empty,137,0,2011021400101,2009c00100064098,30,74,0,1,0,9,0,1,1,998992,4
empty,137,1,2011021400101,2009c00100064098,21,74,1,1,1,12,1,1,1,-998989,7
empty,137,2,2011021400101,2009c00100064098,21,73,0,1,0,11,0,1,1,998990,3
empty,137,3,2011021400101,2009c00100064098,22,73,1,1,1,14,1,1,1,-998987,7
empty,137,4,2011021400101,2009c00100064098,22,74,0,1,0,13,0,1,1,998988,3
empty,137,5,2011021400101,2009c00100064098,31,74,1,1,1,12,1,1,1,-998989,7
empty,138,0,412400220000a00,48128100089061,3,77,0,1,1,22,1,1,1,-998979,1
empty,138,1,412400220000a00,48128100089061,2,77,1,1,0,21,1,1,1,998980,8
empty,138,2,412400220000a00,48128100089061,2,76,0,1,1,24,1,1,1,-998977,1
empty,138,3,412400220000a00,48128100089061,11,76,1,1,0,23,1,1,1,998978,8
empty,138,4,412400220000a00,48128100089061,11,75,0,1,1,22,0,0,1,-998979,0
empty,138,5,412400220000a00,48128100089061,10,75,1,1,0,21,0,0,1,998980,8
empty,139,0,415120444020502,8045002040800,5,74,1,1,1,18,0,0,1,-998983,8
empty,139,1,415120444020502,8045002040800,5,75,0,1,0,17,1,1,1,998984,1
empty,139,2,415120444020502,8045002040800,4,75,1,1,1,20,0,0,1,-998981,8
empty,139,3,415120444020502,8045002040800,4,76,0,1,0,19,1,1,1,998982,1
empty,139,4,415120444020502,8045002040800,5,76,1,1,1,18,1,1,1,-998983,7
empty,139,5,415120444020502,8045002040800,5,77,0,1,0,17,1,1,1,998984,1
empty,140,0,800000010800404,45a016200821004a,5,75,0,1,0,17,1,1,1,998984,1
empty,140,1,800000010800404,45a016200821004a,6,75,1,1,1,16,0,0,1,-998985,8
empty,140,2,800000010800404,45a016200821004a,6,76,0,1,0,15,1,1,1,998986,1
empty,140,3,800000010800404,45a016200821004a,5,76,1,1,0,19,0,0,1,998982,8
empty,140,4,800000010800404,45a016200821004a,5,75,0,1,0,17,1,1,1,998984,1
empty,140,5,800000010800404,45a016200821004a,14,75,1,1,1,16,0,0,1,-998985,8
empty,141,0,41a4000814009029,a002002280004000,6,75,1,1,0,31,1,1,1,998970,7
empty,141,1,41a4000814009029,a002002280004000,6,74,0,1,1,34,0,0,1,-998967,0
empty,141,2,41a4000814009029,a002002280004000,7,74,1,1,0,33,1,1,1,998968,7
empty,141,3,41a4000814009029,a002002280004000,7,75,0,1,1,32,1,1,1,-998969,1
empty,141,4,41a4000814009029,a002002280004000,6,75,1,1,0,31,1,1,1,998970,7
empty,141,5,41a4000814009029,a002002280004000,6,76,0,1,1,30,0,0,1,-998971,0
empty,142,0,50041200801080,2040180142b0050,14,80,0,1,0,19,0,0,1,998982,1
empty,142,1,50041200801080,2040180142b0050,5,80,1,1,0,19,1,1,1,998982,7
empty,142,2,50041200801080,2040180142b0050,5,79,0,1,0,21,1,1,1,998980,1
empty,142,3,50041200801080,2040180142b0050,14,79,1,1,1,20,1,1,1,-998981,7
empty,142,4,50041200801080,2040180142b0050,14,78,0,1,0,19,0,0,1,998982,1
empty,142,5,50041200801080,2040180142b0050,5,78,1,1,1,22,1,1,1,-998979,7
empty,143,0,2088201080281009,81040900104000c0,11,70,1,1,1,14,0,0,1,-998987,8
empty,143,1,2088201080281009,81040900104000c0,11,69,0,1,0,13,0,1,1,998988,2
empty,143,2,2088201080281009,81040900104000c0,10,69,1,1,1,14,0,1,1,-998987,6
empty,143,3,2088201080281009,81040900104000c0,10,60,0,1,0,13,0,1,1,998988,2
empty,143,4,2088201080281009,81040900104000c0,11,60,1,1,1,14,0,0,1,-998987,7
empty,143,5,2088201080281009,81040900104000c0,11,59,0,1,0,13,0,1,1,998988,2
empty,144,0,28882200a801009,9004010000008e00,5,67,0,1,0,21,1,1,1,998980,1
empty,144,1,28882200a801009,9004010000008e00,6,67,1,1,1,20,0,0,1,-998981,8
empty,144,2,28882200a801009,9004010000008e00,6,76,0,1,0,19,1,1,1,998982,1
empty,144,3,28882200a801009,9004010000008e00,5,76,1,1,1,22,1,1,1,-998979,7
empty,144,4,28882200a801009,9004010000008e00,5,67,0,1,0,21,1,1,1,998980,1
empty,144,5,28882200a801009,9004010000008e00,4,67,1,1,1,24,0,0,1,-998977,8
empty,145,0,200021082820000,5a008045280094,32,50,0,1,1,12,0,1,1,-998989,2
empty,145,1,200021082820000,5a008045280094,31,50,1,1,0,11,0,0,1,998990,5
empty,145,2,200021082820000,5a008045280094,31,49,0,1,1,12,0,1,1,-998989,2
empty,145,3,200021082820000,5a008045280094,22,49,1,1,0,11,0,0,1,998990,5
empty,145,4,200021082820000,5a008045280094,22,50,0,1,1,12,1,1,1,-998989,1
empty,145,5,200021082820000,5a008045280094,23,50,1,1,0,11,0,0,1,998990,5
empty,146,0,a808040048028000,1180328006200100,14,76,0,1,0,19,0,1,1,998982,2
empty,146,1,a808040048028000,1180328006200100,23,76,1,1,1,18,0,0,1,-998983,8
empty,146,2,a808040048028000,1180328006200100,23,75,0,1,0,17,0,1,1,998984,3
empty,146,3,a808040048028000,1180328006200100,32,75,1,1,1,16,0,0,1,-998985,8
empty,146,4,a808040048028000,1180328006200100,32,74,0,1,0,15,0,1,1,998986,4
empty,146,5,a808040048028000,1180328006200100,23,74,1,1,1,18,1,1,1,-998983,7
empty,147,0,2002221010410411,9200002c02200200,0,76,0,1,1,22,0,0,1,-998979,0
empty,147,1,2002221010410411,9200002c02200200,1,76,1,1,0,21,1,1,1,998980,7
empty,147,2,2002221010410411,9200002c02200200,1,75,0,1,1,20,0,0,1,-998981,0
empty,147,3,2002221010410411,9200002c02200200,2,75,1,1,0,19,1,1,1,998982,7
empty,147,4,2002221010410411,9200002c02200200,2,76,0,1,1,22,1,1,1,-998979,1
empty,147,5,2002221010410411,9200002c02200200,3,76,1,1,0,21,1,1,1,998980,7
empty,148,0,4010200220004895,960100000d00400,15,67,0,1,0,17,0,0,1,998984,1
empty,148,1,4010200220004895,960100000d00400,6,67,1,1,1,20,0,0,1,-998981,8
empty,148,2,4010200220004895,960100000d00400,6,68,0,1,0,19,1,1,1,998982,1
empty,148,3,4010200220004895,960100000d00400,5,68,1,1,1,22,0,0,1,-998979,8
empty,148,4,4010200220004895,960100000d00400,5,77,0,1,0,21,0,0,1,998980,0
empty,148,5,4010200220004895,960100000d00400,4,77,1,1,0,27,1,1,1,998974,8
empty,149,0,812222002021010,10480040100401c4,23,75,0,1,0,15,0,1,1,998986,3
empty,149,1,812222002021010,10480040100401c4,22,75,1,1,1,16,0,0,1,-998985,8
empty,149,2,812222002021010,10480040100401c4,22,74,0,1,0,15,0,1,1,998986,3
empty,149,3,812222002021010,10480040100401c4,23,74,1,1,1,16,1,1,1,-998985,7
empty,149,4,812222002021010,10480040100401c4,23,75,0,1,0,15,0,1,1,998986,3
empty,149,5,812222002021010,10480040100401c4,22,75,1,1,1,16,0,0,1,-998985,8
empty,150,0,804000500001a500,2008c020000e00c2,5,67,0,1,0,19,1,1,1,998982,1
empty,150,1,804000500001a500,2008c020000e00c2,4,67,1,1,1,18,0,1,1,-998983,6
empty,150,2,804000500001a500,2008c020000e00c2,4,58,0,1,0,17,1,1,1,998984,1
empty,150,3,804000500001a500,2008c020000e00c2,3,58,1,1,0,15,0,1,1,998986,5
empty,150,4,804000500001a500,2008c020000e00c2,3,59,0,1,0,19,1,1,1,998982,1
empty,150,5,804000500001a500,2008c020000e00c2,4,59,1,1,1,18,0,1,1,-998983,5
empty,151,0,812081182800202,2140020021104001,12,38,0,1,1,10,1,1,1,-998991,0
empty,151,1,812081182800202,2140020021104001,13,38,1,1,0,9,0,0,1,998992,4
empty,151,2,812081182800202,2140020021104001,13,39,0,1,1,8,1,1,1,-998993,0
empty,151,3,812081182800202,2140020021104001,22,39,1,1,0,7,0,1,1,998994,3
empty,151,4,812081182800202,2140020021104001,22,48,0,1,1,10,1,1,1,-998991,1
empty,151,5,812081182800202,2140020021104001,21,48,1,1,0,9,0,1,1,998992,4
empty,152,0,22000004005108,20c010a803900021,10,78,0,1,0,19,0,0,1,998982,1
empty,152,1,22000004005108,20c010a803900021,11,78,1,1,1,18,1,1,1,-998983,7
empty,152,2,22000004005108,20c010a803900021,11,79,0,1,0,17,0,1,1,998984,2
empty,152,3,22000004005108,20c010a803900021,10,79,1,1,0,17,1,1,1,998984,8
empty,152,4,22000004005108,20c010a803900021,10,80,0,1,1,16,0,0,1,-998985,0
empty,152,5,22000004005108,20c010a803900021,11,80,1,1,0,15,1,1,1,998986,7
empty,153,0,410104a020a2021,a001001401000500,6,74,0,1,0,19,0,0,1,998982,0
empty,153,1,410104a020a2021,a001001401000500,5,74,1,1,1,22,0,0,1,-998979,8
empty,153,2,410104a020a2021,a001001401000500,5,75,0,1,0,21,0,0,1,998980,0
empty,153,3,410104a020a2021,a001001401000500,6,75,1,1,1,20,0,0,1,-998981,8
empty,153,4,410104a020a2021,a001001401000500,6,76,0,1,0,19,0,0,1,998982,0
empty,153,5,410104a020a2021,a001001401000500,5,76,1,1,1,22,1,1,1,-998979,7
empty,154,0,2000204081210400,81104201c401108,6,58,0,1,1,12,1,1,1,-998989,1
empty,154,1,2000204081210400,81104201c401108,7,58,1,1,0,11,0,1,1,998990,5
empty,154,2,2000204081210400,81104201c401108,7,57,0,1,1,14,1,1,1,-998987,1
empty,154,3,2000204081210400,81104201c401108,6,57,1,1,0,13,0,1,1,998988,5
empty,154,4,2000204081210400,81104201c401108,6,66,0,1,1,16,1,1,1,-998985,1
empty,154,5,2000204081210400,81104201c401108,7,66,1,1,0,15,0,1,1,998986,6
empty,155,0,4080100120050020,2009c01043201800,6,74,0,1,1,20,0,0,1,-998981,0
empty,155,1,4080100120050020,2009c01043201800,7,74,1,1,0,19,1,1,1,998982,7
empty,155,2,4080100120050020,2009c01043201800,7,65,0,1,1,18,1,1,1,-998983,1
empty,155,3,4080100120050020,2009c01043201800,16,65,1,1,0,17,0,1,1,998984,6
empty,155,4,4080100120050020,2009c01043201800,16,64,0,1,1,20,1,1,1,-998981,0
empty,155,5,4080100120050020,2009c01043201800,25,64,1,1,0,19,0,1,1,998982,6
empty,156,0,4028044108005091,1000138000810002,2,76,0,1,0,23,1,1,1,998978,1
empty,156,1,4028044108005091,1000138000810002,11,76,1,1,1,22,1,1,1,-998979,7
empty,156,2,4028044108005091,1000138000810002,11,75,0,1,0,21,0,1,1,998980,2
empty,156,3,4028044108005091,1000138000810002,12,75,1,1,1,24,1,1,1,-998977,7
empty,156,4,4028044108005091,1000138000810002,12,74,0,1,0,23,0,1,1,998978,2
empty,156,5,4028044108005091,1000138000810002,13,74,1,1,1,22,1,1,1,-998979,7
empty,157,0,4a24000008000021,8011408004e20110,16,49,1,1,0,13,0,1,1,998988,4
empty,157,1,4a24000008000021,8011408004e20110,16,40,0,1,1,12,1,1,1,-998989,0
empty,157,2,4a24000008000021,8011408004e20110,15,40,1,1,0,11,0,0,1,998990,4
empty,157,3,4a24000008000021,8011408004e20110,15,41,0,1,1,10,0,1,1,-998991,2
empty,157,4,4a24000008000021,8011408004e20110,16,41,1,1,0,9,0,1,1,998992,3
empty,157,5,4a24000008000021,8011408004e20110,16,40,0,1,1,12,1,1,1,-998989,0
empty,158,0,8802481481040050,80410400c005,23,64,1,1,1,16,0,0,1,-998985,8
empty,158,1,8802481481040050,80410400c005,23,65,0,1,0,15,0,1,1,998986,3
empty,158,2,8802481481040050,80410400c005,14,65,1,1,1,18,0,0,1,-998983,8
empty,158,3,8802481481040050,80410400c005,14,64,0,1,0,17,0,1,1,998984,2
empty,158,4,8802481481040050,80410400c005,15,64,1,1,1,16,0,0,1,-998985,8
empty,158,5,8802481481040050,80410400c005,15,63,0,1,0,15,0,1,1,998986,2
empty,159,0,1024401010008484,a002048100240108,5,75,0,1,1,20,1,1,1,-998981,1
empty,159,1,1024401010008484,a002048100240108,14,75,1,1,0,19,1,1,1,998982,8
empty,159,2,1024401010008484,a002048100240108,14,74,0,1,1,18,1,1,1,-998983,0
empty,159,3,1024401010008484,a002048100240108,23,74,1,1,0,17,1,1,1,998984,8
empty,159,4,1024401010008484,a002048100240108,23,75,0,1,0,19,0,1,1,998982,3
empty,159,5,1024401010008484,a002048100240108,32,75,1,1,1,18,1,1,1,-998983,7
empty,160,0,2900080141100000,245204830010810,5,77,0,1,1,22,1,1,1,-998979,1
empty,160,1,2900080141100000,245204830010810,6,77,1,1,0,21,0,0,1,998980,8
empty,160,2,2900080141100000,245204830010810,6,78,0,1,1,20,1,1,1,-998981,1
empty,160,3,2900080141100000,245204830010810,15,78,1,1,0,19,0,0,1,998982,8
empty,160,4,2900080141100000,245204830010810,15,77,0,1,0,17,0,1,1,998984,2
empty,160,5,2900080141100000,245204830010810,24,77,1,1,1,16,0,0,1,-998985,8
empty,161,0,a020221008514a20,a004200008008,4,76,0,1,1,24,1,1,1,-998977,1
empty,161,1,a020221008514a20,a004200008008,13,76,1,1,0,23,1,1,1,998978,7
empty,161,2,a020221008514a20,a004200008008,13,67,0,1,1,22,0,0,1,-998979,0
empty,161,3,a020221008514a20,a004200008008,4,67,1,1,0,21,0,1,1,998980,6
empty,161,4,a020221008514a20,a004200008008,4,68,0,1,1,20,1,1,1,-998981,1
empty,161,5,a020221008514a20,a004200008008,5,68,1,1,0,19,0,0,1,998982,7
empty,162,0,8501021000445008,100a000110220402,3,76,1,1,0,21,1,1,1,998980,7
empty,162,1,8501021000445008,100a000110220402,3,67,0,1,1,20,0,0,1,-998981,0
empty,162,2,8501021000445008,100a000110220402,4,67,1,1,0,19,0,1,1,998982,6
empty,162,3,8501021000445008,100a000110220402,4,58,0,1,1,18,0,0,1,-998983,0
empty,162,4,8501021000445008,100a000110220402,3,58,1,1,0,17,0,1,1,998984,5
empty,162,5,8501021000445008,100a000110220402,3,67,0,1,1,20,0,0,1,-998981,0
empty,163,0,8110220000002025,4201408065000402,13,69,0,1,0,15,0,1,1,998986,2
empty,163,1,8110220000002025,4201408065000402,22,69,1,1,1,14,0,1,1,-998987,6
empty,163,2,8110220000002025,4201408065000402,22,78,0,1,0,13,0,1,1,998988,3
empty,163,3,8110220000002025,4201408065000402,21,78,1,1,1,12,1,1,1,-998989,7
empty,163,4,8110220000002025,4201408065000402,21,69,0,1,0,11,0,1,1,998990,3
empty,163,5,8110220000002025,4201408065000402,22,69,1,1,1,14,0,1,1,-998987,6
empty,164,0,808145010050110,412408540000008,13,79,0,1,1,18,0,1,1,-998983,2
empty,164,1,808145010050110,412408540000008,22,79,1,1,0,17,1,1,1,998984,7
empty,164,2,808145010050110,412408540000008,22,80,0,1,1,16,1,1,1,-998985,1
empty,164,3,808145010050110,412408540000008,23,80,1,1,0,15,1,1,1,998986,7
empty,164,4,808145010050110,412408540000008,23,71,0,1,1,14,1,1,1,-998987,1
empty,164,5,808145010050110,412408540000008,24,71,1,1,0,13,0,1,1,998988,6
empty,165,0,2880204028400922,8120c20000204000,4,49,1,1,0,15,0,1,1,998986,4
empty,165,1,2880204028400922,8120c20000204000,4,48,0,1,1,14,1,1,1,-998987,1
empty,165,2,2880204028400922,8120c20000204000,13,48,1,1,0,13,0,1,1,998988,4
empty,165,3,2880204028400922,8120c20000204000,13,49,0,1,1,16,0,0,1,-998985,0
empty,165,4,2880204028400922,8120c20000204000,4,49,1,1,0,15,0,1,1,998986,4
empty,165,5,2880204028400922,8120c20000204000,4,58,0,1,1,18,1,1,1,-998983,1
empty,166,0,4081080080885040,8240a20040040820,3,68,1,1,0,19,0,1,1,998982,6
empty,166,1,4081080080885040,8240a20040040820,3,69,0,1,0,17,1,1,1,998984,1
empty,166,2,4081080080885040,8240a20040040820,4,69,1,1,0,17,0,1,1,998984,6
empty,166,3,4081080080885040,8240a20040040820,4,68,0,1,1,20,1,1,1,-998981,1
empty,166,4,4081080080885040,8240a20040040820,5,68,1,1,0,19,0,1,1,998982,6
empty,166,5,4081080080885040,8240a20040040820,5,59,0,1,1,18,1,1,1,-998983,1
empty,167,0,8202a08804002,10e0100000060831,13,68,1,1,1,20,0,1,1,-998981,6
empty,167,1,8202a08804002,10e0100000060831,13,59,0,1,0,19,0,1,1,998982,2
empty,167,2,8202a08804002,10e0100000060831,4,59,1,1,1,22,0,0,1,-998979,7
empty,167,3,8202a08804002,10e0100000060831,4,68,0,1,0,21,1,1,1,998980,1
empty,167,4,8202a08804002,10e0100000060831,3,68,1,1,1,22,0,1,1,-998979,6
empty,167,5,8202a08804002,10e0100000060831,3,59,0,1,0,21,1,1,1,998980,1
empty,168,0,82280880408020,50a148036000,14,74,0,1,1,20,0,1,1,-998981,2
empty,168,1,82280880408020,50a148036000,13,74,1,1,0,19,1,1,1,998982,7
empty,168,2,82280880408020,50a148036000,13,75,0,1,1,18,1,1,1,-998983,0
empty,168,3,82280880408020,50a148036000,22,75,1,1,0,17,1,1,1,998984,7
empty,168,4,82280880408020,50a148036000,22,74,0,1,0,17,0,1,1,998984,2
empty,168,5,82280880408020,50a148036000,21,74,1,1,1,16,1,1,1,-998985,7
empty,169,0,410028285122248,e0100000800400,2,79,1,1,0,21,1,1,1,998980,7
empty,169,1,410028285122248,e0100000800400,2,78,0,1,1,20,1,1,1,-998981,1
empty,169,2,410028285122248,e0100000800400,1,78,1,1,0,19,1,1,1,998982,7
empty,169,3,410028285122248,e0100000800400,1,77,0,1,1,22,1,1,1,-998979,1
empty,169,4,410028285122248,e0100000800400,0,77,1,1,0,21,1,1,1,998980,8
empty,169,5,410028285122248,e0100000800400,0,76,0,1,1,24,1,1,1,-998977,1
empty,170,0,209122020050028a,8208006000008001,13,47,0,1,1,14,0,1,1,-998987,2
empty,170,1,209122020050028a,8208006000008001,14,47,1,1,0,13,0,0,1,998988,5
empty,170,2,209122020050028a,8208006000008001,14,48,0,1,1,14,1,1,1,-998987,0
empty,170,3,209122020050028a,8208006000008001,23,48,1,1,0,13,0,1,1,998988,4
empty,170,4,209122020050028a,8208006000008001,23,47,0,1,1,14,0,0,1,-998987,1
empty,170,5,209122020050028a,8208006000008001,24,47,1,1,0,13,0,0,1,998988,5
empty,171,0,8000420228014000,ac0040046008214,4,66,0,1,1,24,1,1,1,-998977,1
empty,171,1,8000420228014000,ac0040046008214,13,66,1,1,0,23,0,1,1,998978,6
empty,171,2,8000420228014000,ac0040046008214,13,65,0,1,0,23,0,1,1,998978,2
empty,171,3,8000420228014000,ac0040046008214,12,65,1,1,0,25,1,1,1,998976,7
empty,171,4,8000420228014000,ac0040046008214,12,74,0,1,0,25,0,1,1,998976,2
empty,171,5,8000420228014000,ac0040046008214,3,74,1,1,0,27,1,1,1,998974,7
empty,172,0,4484000015408041,2580402200280,13,76,1,1,0,29,1,1,1,998972,7
empty,172,1,4484000015408041,2580402200280,13,67,0,1,1,28,1,1,1,-998973,0
empty,172,2,4484000015408041,2580402200280,4,67,1,1,0,27,0,1,1,998974,6
empty,172,3,4484000015408041,2580402200280,4,76,0,1,1,30,1,1,1,-998971,1
empty,172,4,4484000015408041,2580402200280,5,76,1,1,0,29,1,1,1,998972,7
empty,172,5,4484000015408041,2580402200280,5,77,0,1,1,28,1,1,1,-998973,1
empty,173,0,5108280010018120,40007c00900200,13,76,1,1,0,19,0,0,1,998982,8
empty,173,1,5108280010018120,40007c00900200,13,75,0,1,1,18,1,1,1,-998983,0
empty,173,2,5108280010018120,40007c00900200,4,75,1,1,0,17,1,1,1,998984,7
empty,173,3,5108280010018120,40007c00900200,4,66,0,1,1,16,1,1,1,-998985,1
empty,173,4,5108280010018120,40007c00900200,13,66,1,1,0,15,0,0,1,998986,7
empty,173,5,5108280010018120,40007c00900200,13,67,0,1,1,18,1,1,1,-998983,0
empty,174,0,210088080004a,2090460001100a21,3,67,0,1,1,20,0,0,1,-998981,0
empty,174,1,210088080004a,2090460001100a21,4,67,1,1,0,19,0,1,1,998982,6
empty,174,2,210088080004a,2090460001100a21,4,58,0,1,1,18,0,0,1,-998983,0
empty,174,3,210088080004a,2090460001100a21,3,58,1,1,0,17,0,0,1,998984,6
empty,174,4,210088080004a,2090460001100a21,3,57,0,1,1,16,0,0,1,-998985,0
empty,174,5,210088080004a,2090460001100a21,4,57,1,1,0,15,0,1,1,998986,5
empty,175,0,10040102042014,9000238005508100,6,77,1,1,0,19,1,1,1,998982,7
empty,175,1,10040102042014,9000238005508100,6,78,0,1,1,18,1,1,1,-998983,1
empty,175,2,10040102042014,9000238005508100,7,78,1,1,0,17,1,1,1,998984,7
empty,175,3,10040102042014,9000238005508100,7,69,0,1,1,16,1,1,1,-998985,1
empty,175,4,10040102042014,9000238005508100,6,69,1,1,0,15,0,1,1,998986,6
empty,175,5,10040102042014,9000238005508100,6,70,0,1,1,14,1,1,1,-998987,1
empty,176,0,80028802020000,532000201401ca04,22,59,1,1,0,11,0,1,1,998990,5
empty,176,1,80028802020000,532000201401ca04,22,50,0,1,1,10,1,1,1,-998991,1
empty,176,2,80028802020000,532000201401ca04,13,50,1,1,0,9,0,1,1,998992,4
empty,176,3,80028802020000,532000201401ca04,13,59,0,1,1,12,1,1,1,-998989,0
empty,176,4,80028802020000,532000201401ca04,4,59,1,1,0,11,0,1,1,998990,5
empty,176,5,80028802020000,532000201401ca04,4,50,0,1,1,10,1,1,1,-998991,1
empty,177,0,2804024422205010,801201a800000400,27,57,0,1,0,9,0,1,1,998992,4
empty,177,1,2804024422205010,801201a800000400,28,57,1,1,1,12,0,1,1,-998989,5
empty,177,2,2804024422205010,801201a800000400,28,58,0,1,0,11,0,0,1,998990,3
empty,177,3,2804024422205010,801201a800000400,29,58,1,1,0,13,0,1,1,998988,5
empty,177,4,2804024422205010,801201a800000400,29,67,0,1,0,13,0,0,1,998988,3
empty,177,5,2804024422205010,801201a800000400,30,67,1,1,0,15,0,1,1,998986,6
empty,178,0,4000540010002048,20c820408003c020,4,67,1,1,1,22,0,1,1,-998979,6
empty,178,1,4000540010002048,20c820408003c020,4,76,0,1,0,21,0,0,1,998980,0
empty,178,2,4000540010002048,20c820408003c020,3,76,1,1,1,20,1,1,1,-998981,7
empty,178,3,4000540010002048,20c820408003c020,3,75,0,1,0,19,0,0,1,998982,0
empty,178,4,4000540010002048,20c820408003c020,2,75,1,1,1,18,1,1,1,-998983,7
empty,178,5,4000540010002048,20c820408003c020,2,74,0,1,0,17,1,1,1,998984,1
empty,179,0,41004000040084a,805886708008000,15,76,1,1,1,18,1,1,1,-998983,7
empty,179,1,41004000040084a,805886708008000,15,67,0,1,0,17,0,1,1,998984,2
empty,179,2,41004000040084a,805886708008000,14,67,1,1,1,16,0,0,1,-998985,8
empty,179,3,41004000040084a,805886708008000,14,68,0,1,0,15,0,1,1,998986,2
empty,179,4,41004000040084a,805886708008000,15,68,1,1,0,17,0,0,1,998984,7
empty,179,5,41004000040084a,805886708008000,15,67,0,1,0,17,0,1,1,998984,2
empty,180,0,8080510040008190,520844220010040,11,76,1,1,1,14,1,1,1,-998987,7
empty,180,1,8080510040008190,520844220010040,11,67,0,1,0,13,0,1,1,998988,2
empty,180,2,8080510040008190,520844220010040,2,67,1,1,0,15,0,1,1,998986,6
empty,180,3,8080510040008190,520844220010040,2,68,0,1,0,15,1,1,1,998986,1
empty,180,4,8080510040008190,520844220010040,11,68,1,1,1,14,0,1,1,-998987,6
empty,180,5,8080510040008190,520844220010040,11,59,0,1,0,13,0,1,1,998988,2
empty,181,0,2022011008024005,4c800800641100,15,71,0,1,1,14,0,0,1,-998987,0
empty,181,1,2022011008024005,4c800800641100,6,71,1,1,0,13,0,1,1,998988,6
empty,181,2,2022011008024005,4c800800641100,6,80,0,1,1,16,1,1,1,-998985,1
empty,181,3,2022011008024005,4c800800641100,15,80,1,1,0,15,1,1,1,998986,7
empty,181,4,2022011008024005,4c800800641100,15,79,0,1,1,18,0,0,1,-998983,0
empty,181,5,2022011008024005,4c800800641100,6,79,1,1,0,17,1,1,1,998984,7
empty,182,0,10a1048004020182,410284401040800,3,76,1,1,0,19,0,0,1,998982,8
empty,182,1,10a1048004020182,410284401040800,3,77,0,1,0,19,1,1,1,998982,1
empty,182,2,10a1048004020182,410284401040800,12,77,1,1,1,18,0,0,1,-998983,8
empty,182,3,10a1048004020182,410284401040800,12,76,0,1,0,17,0,1,1,998984,2
empty,182,4,10a1048004020182,410284401040800,21,76,1,1,1,16,0,0,1,-998985,8
empty,182,5,10a1048004020182,410284401040800,21,77,0,1,0,15,0,1,1,998986,3
empty,183,0,420100924100200,34800200280002e,23,58,1,1,0,17,0,0,1,998984,6
empty,183,1,420100924100200,34800200280002e,23,67,0,1,0,15,0,0,1,998986,2
empty,183,2,420100924100200,34800200280002e,24,67,1,1,1,14,0,1,1,-998987,6
empty,183,3,420100924100200,34800200280002e,24,68,0,1,0,13,0,1,1,998988,3
empty,183,4,420100924100200,34800200280002e,15,68,1,1,1,16,0,0,1,-998985,8
empty,183,5,420100924100200,34800200280002e,15,67,0,1,0,15,0,1,1,998986,2
empty,184,0,8281080080408220,1020801200830880,15,79,0,1,0,15,0,1,1,998986,2
empty,184,1,8281080080408220,1020801200830880,24,79,1,1,1,14,0,0,1,-998987,8
empty,184,2,8281080080408220,1020801200830880,24,78,0,1,0,13,0,0,1,998988,2
empty,184,3,8281080080408220,1020801200830880,15,78,1,1,1,16,1,1,1,-998985,7
empty,184,4,8281080080408220,1020801200830880,15,77,0,1,0,15,0,1,1,998986,2
empty,184,5,8281080080408220,1020801200830880,24,77,1,1,1,14,1,1,1,-998987,7
empty,185,0,80400090810449,a208a00040040880,14,49,1,1,0,17,0,1,1,998984,4
empty,185,1,80400090810449,a208a00040040880,14,40,0,1,1,16,1,1,1,-998985,0
empty,185,2,80400090810449,a208a00040040880,5,40,1,1,0,15,0,0,1,998986,4
empty,185,3,80400090810449,a208a00040040880,5,49,0,1,1,18,1,1,1,-998983,1
empty,185,4,80400090810449,a208a00040040880,6,49,1,1,0,17,0,1,1,998984,4
empty,185,5,80400090810449,a208a00040040880,6,40,0,1,1,16,0,0,1,-998985,0
empty,186,0,8a88009550000401,40280412200,21,74,1,1,1,18,0,0,1,-998983,8
empty,186,1,8a88009550000401,40280412200,21,75,0,1,0,17,0,1,1,998984,3
empty,186,2,8a88009550000401,40280412200,22,75,1,1,1,20,0,0,1,-998981,8
empty,186,3,8a88009550000401,40280412200,22,74,0,1,0,19,0,1,1,998982,3
empty,186,4,8a88009550000401,40280412200,13,74,1,1,1,22,0,0,1,-998979,8
empty,186,5,8a88009550000401,40280412200,13,73,0,1,0,21,0,1,1,998980,2
empty,187,0,80200028102400,6e00011040891004,12,76,0,1,1,22,0,0,1,-998979,0
empty,187,1,80200028102400,6e00011040891004,3,76,1,1,0,21,1,1,1,998980,7
empty,187,2,80200028102400,6e00011040891004,3,67,0,1,1,20,1,1,1,-998981,1
empty,187,3,80200028102400,6e00011040891004,12,67,1,1,0,19,0,1,1,998982,6
empty,187,4,80200028102400,6e00011040891004,12,68,0,1,1,18,0,0,1,-998983,0
empty,187,5,80200028102400,6e00011040891004,13,68,1,1,0,17,0,1,1,998984,6
empty,188,0,8181409020082042,1008200102018001,4,66,0,1,1,18,1,1,1,-998983,1
empty,188,1,8181409020082042,1008200102018001,3,66,1,1,0,17,0,1,1,998984,6
empty,188,2,8181409020082042,1008200102018001,3,75,0,1,0,17,1,1,1,998984,1
empty,188,3,8181409020082042,1008200102018001,2,75,1,1,0,19,1,1,1,998982,7
empty,188,4,8181409020082042,1008200102018001,2,76,0,1,0,19,0,0,1,998982,0
empty,188,5,8181409020082042,1008200102018001,3,76,1,1,1,18,1,1,1,-998983,7
empty,189,0,100200a200200220,841064803008050,22,77,1,1,1,14,0,0,1,-998987,8
empty,189,1,100200a200200220,841064803008050,22,78,0,1,0,13,0,1,1,998988,3
empty,189,2,100200a200200220,841064803008050,23,78,1,1,1,16,1,1,1,-998985,7
empty,189,3,100200a200200220,841064803008050,23,77,0,1,0,15,0,0,1,998986,2
empty,189,4,100200a200200220,841064803008050,14,77,1,1,1,18,0,0,1,-998983,8
empty,189,5,100200a200200220,841064803008050,14,78,0,1,0,17,0,1,1,998984,2
empty,190,0,2000401409280408,a7008800010021,5,64,1,1,0,17,0,1,1,998984,6
empty,190,1,2000401409280408,a7008800010021,5,73,0,1,1,20,1,1,1,-998981,1
empty,190,2,2000401409280408,a7008800010021,14,73,1,1,0,19,1,1,1,998982,7
empty,190,3,2000401409280408,a7008800010021,14,72,0,1,0,19,0,1,1,998982,2
empty,190,4,2000401409280408,a7008800010021,5,72,1,1,0,21,1,1,1,998980,7
empty,190,5,2000401409280408,a7008800010021,5,73,0,1,1,20,1,1,1,-998981,1
empty,191,0,4004219141000150,3102400400000480,5,67,0,1,1,16,0,0,1,-998985,0
empty,191,1,4004219141000150,3102400400000480,4,67,1,1,0,15,0,1,1,998986,6
empty,191,2,4004219141000150,3102400400000480,4,76,0,1,1,18,0,0,1,-998983,0
empty,191,3,4004219141000150,3102400400000480,5,76,1,1,0,17,1,1,1,998984,7
empty,191,4,4004219141000150,3102400400000480,5,67,0,1,1,16,0,0,1,-998985,0
empty,191,5,4004219141000150,3102400400000480,4,67,1,1,0,15,0,1,1,998986,6
empty,192,0,405200021001048,c100082080090015,12,78,0,1,0,15,0,1,1,998986,2
empty,192,1,405200021001048,c100082080090015,21,78,1,1,1,14,1,1,1,-998987,7
empty,192,2,405200021001048,c100082080090015,21,77,0,1,0,13,0,1,1,998988,3
empty,192,3,405200021001048,c100082080090015,12,77,1,1,1,16,1,1,1,-998985,7
empty,192,4,405200021001048,c100082080090015,12,78,0,1,0,15,0,1,1,998986,2
empty,192,5,405200021001048,c100082080090015,21,78,1,1,1,14,1,1,1,-998987,7
empty,193,0,250000180110284,812008020804a008,13,66,1,1,0,15,0,1,1,998986,6
empty,193,1,250000180110284,812008020804a008,13,57,0,1,1,14,1,1,1,-998987,0
empty,193,2,250000180110284,812008020804a008,14,57,1,1,0,13,0,1,1,998988,5
empty,193,3,250000180110284,812008020804a008,14,56,0,1,1,16,1,1,1,-998985,0
empty,193,4,250000180110284,812008020804a008,23,56,1,1,0,15,0,1,1,998986,5
empty,193,5,250000180110284,812008020804a008,23,47,0,1,1,14,0,0,1,-998987,1
empty,194,0,82a0845040005410,4800002010200804,6,67,1,1,0,19,0,1,1,998982,6
empty,194,1,82a0845040005410,4800002010200804,6,76,0,1,1,22,1,1,1,-998979,1
empty,194,2,82a0845040005410,4800002010200804,5,76,1,1,0,21,1,1,1,998980,7
empty,194,3,82a0845040005410,4800002010200804,5,67,0,1,1,20,0,0,1,-998981,0
empty,194,4,82a0845040005410,4800002010200804,4,67,1,1,0,19,0,1,1,998982,6
empty,194,5,82a0845040005410,4800002010200804,4,76,0,1,1,22,0,0,1,-998979,0
empty,195,0,220208020090180,41002441820043,3,77,0,1,0,19,1,1,1,998982,1
empty,195,1,220208020090180,41002441820043,2,77,1,1,1,18,1,1,1,-998983,7
empty,195,2,220208020090180,41002441820043,2,68,0,1,0,17,1,1,1,998984,1
empty,195,3,220208020090180,41002441820043,3,68,1,1,0,17,0,0,1,998984,7
empty,195,4,220208020090180,41002441820043,3,67,0,1,1,16,1,1,1,-998985,1
empty,195,5,220208020090180,41002441820043,2,67,1,1,0,15,0,1,1,998986,6
empty,196,0,942180a000100028,8c6000006800100,2,67,1,1,0,17,0,1,1,998984,6
empty,196,1,942180a000100028,8c6000006800100,2,68,0,1,1,20,1,1,1,-998981,1
empty,196,2,942180a000100028,8c6000006800100,3,68,1,1,0,19,0,0,1,998982,7
empty,196,3,942180a000100028,8c6000006800100,3,67,0,1,1,18,0,0,1,-998983,0
empty,196,4,942180a000100028,8c6000006800100,2,67,1,1,0,17,0,1,1,998984,6
empty,196,5,942180a000100028,8c6000006800100,2,68,0,1,1,20,1,1,1,-998981,1
empty,197,0,20008189024422a0,205022000000006,20,67,1,1,0,17,0,1,1,998984,6
empty,197,1,20008189024422a0,205022000000006,20,76,0,1,0,19,0,0,1,998982,2
empty,197,2,20008189024422a0,205022000000006,21,76,1,1,1,18,1,1,1,-998983,7
empty,197,3,20008189024422a0,205022000000006,21,75,0,1,0,17,0,0,1,998984,2
empty,197,4,20008189024422a0,205022000000006,20,75,1,1,1,20,1,1,1,-998981,7
empty,197,5,20008189024422a0,205022000000006,20,76,0,1,0,19,0,0,1,998982,2
empty,198,0,8188a10000202020,12001a01120042,14,68,0,1,0,19,0,0,1,998982,1
empty,198,1,8188a10000202020,12001a01120042,13,68,1,1,1,18,0,1,1,-998983,6
empty,198,2,8188a10000202020,12001a01120042,13,59,0,1,0,17,0,1,1,998984,2
empty,198,3,8188a10000202020,12001a01120042,12,59,1,1,1,16,0,0,1,-998985,7
empty,198,4,8188a10000202020,12001a01120042,12,60,0,1,0,15,0,1,1,998986,2
empty,198,5,8188a10000202020,12001a01120042,13,60,1,1,1,18,0,0,1,-998983,7
empty,199,0,20020450940a220,8070010000060008,14,57,1,1,0,17,0,1,1,998984,5
empty,199,1,20020450940a220,8070010000060008,14,58,0,1,1,16,0,0,1,-998985,1
empty,199,2,20020450940a220,8070010000060008,13,58,1,1,0,15,0,1,1,998986,5
empty,199,3,20020450940a220,8070010000060008,13,67,0,1,1,18,1,1,1,-998983,0
empty,199,4,20020450940a220,8070010000060008,14,67,1,1,0,17,0,1,1,998984,6
empty,199,5,20020450940a220,8070010000060008,14,58,0,1,1,16,0,0,1,-998985,1
empty,200,0,8401011004a02802,29000c408000480,41,76,1,1,1,10,1,1,1,-998991,7
empty,200,1,8401011004a02802,29000c408000480,41,75,0,1,0,9,0,0,1,998992,4
empty,200,2,8401011004a02802,29000c408000480,32,75,1,1,1,12,0,0,1,-998989,8
empty,200,3,8401011004a02802,29000c408000480,32,76,0,1,0,11,0,1,1,998990,4
empty,200,4,8401011004a02802,29000c408000480,33,76,1,1,1,10,1,1,1,-998991,7
empty,200,5,8401011004a02802,29000c408000480,33,77,0,1,0,9,0,1,1,998992,4
empty,201,0,29051012144200,100400a0000004a1,5,68,1,1,0,19,0,0,1,998982,7
empty,201,1,29051012144200,100400a0000004a1,5,69,0,1,1,18,1,1,1,-998983,1
empty,201,2,29051012144200,100400a0000004a1,14,69,1,1,0,17,0,0,1,998984,7
empty,201,3,29051012144200,100400a0000004a1,14,70,0,1,1,16,1,1,1,-998985,0
empty,201,4,29051012144200,100400a0000004a1,23,70,1,1,0,15,0,1,1,998986,6
empty,201,5,29051012144200,100400a0000004a1,23,69,0,1,0,15,0,0,1,998986,2
empty,202,0,4002008008010,28024c8040360940,31,67,0,1,1,18,0,0,1,-998983,2
empty,202,1,4002008008010,28024c8040360940,30,67,1,1,0,17,0,1,1,998984,6
empty,202,2,4002008008010,28024c8040360940,30,58,0,1,1,16,0,0,1,-998985,2
empty,202,3,4002008008010,28024c8040360940,21,58,1,1,0,15,0,1,1,998986,5
empty,202,4,4002008008010,28024c8040360940,21,59,0,1,1,18,1,1,1,-998983,1
empty,202,5,4002008008010,28024c8040360940,12,59,1,1,0,17,0,1,1,998984,5
empty,203,0,49900002080410,102002310c500040,12,77,1,1,0,25,1,1,1,998976,8
empty,203,1,49900002080410,102002310c500040,12,68,0,1,0,23,0,0,1,998978,1
empty,203,2,49900002080410,102002310c500040,3,68,1,1,0,27,1,1,1,998974,8
empty,203,3,49900002080410,102002310c500040,3,77,0,1,1,26,1,1,1,-998975,1
empty,203,4,49900002080410,102002310c500040,12,77,1,1,0,25,1,1,1,998976,8
empty,203,5,49900002080410,102002310c500040,12,78,0,1,1,24,0,0,1,-998977,0
empty,204,0,4200400210020010,24d008940000e800,23,56,1,1,0,13,0,1,1,998988,6
empty,204,1,4200400210020010,24d008940000e800,23,65,0,1,0,15,0,1,1,998986,3
empty,204,2,4200400210020010,24d008940000e800,14,65,1,1,0,15,0,1,1,998986,6
empty,204,3,4200400210020010,24d008940000e800,14,64,0,1,1,16,0,1,1,-998985,2
empty,204,4,4200400210020010,24d008940000e800,13,64,1,1,0,15,0,1,1,998986,6
empty,204,5,4200400210020010,24d008940000e800,13,65,0,1,1,16,0,1,1,-998985,2
empty,205,0,8040041408010840,300c800081006090,10,67,1,1,1,18,0,1,1,-998983,6
empty,205,1,8040041408010840,300c800081006090,10,58,0,1,0,17,0,1,1,998984,2
empty,205,2,8040041408010840,300c800081006090,9,58,1,1,0,17,0,1,1,998984,5
empty,205,3,8040041408010840,300c800081006090,9,49,0,1,1,16,1,1,1,-998985,0
empty,205,4,8040041408010840,300c800081006090,18,49,1,1,0,15,0,0,1,998986,5
empty,205,5,8040041408010840,300c800081006090,18,58,0,1,0,17,0,0,1,998984,2
empty,206,0,5080000000048a42,100040882017009,7,49,0,1,1,12,0,0,1,-998989,0
empty,206,1,5080000000048a42,100040882017009,8,49,1,1,0,11,0,1,1,998990,4
empty,206,2,5080000000048a42,100040882017009,8,58,0,1,1,14,1,1,1,-998987,1
empty,206,3,5080000000048a42,100040882017009,7,58,1,1,0,13,0,1,1,998988,5
empty,206,4,5080000000048a42,100040882017009,7,57,0,1,1,16,0,0,1,-998985,0
empty,206,5,5080000000048a42,100040882017009,8,57,1,1,0,15,0,1,1,998986,5
empty,207,0,4480902040500004,1001240a80021100,5,75,0,1,1,20,1,1,1,-998981,1
empty,207,1,4480902040500004,1001240a80021100,6,75,1,1,0,19,0,0,1,998982,8
empty,207,2,4480902040500004,1001240a80021100,6,76,0,1,1,20,1,1,1,-998981,1
empty,207,3,4480902040500004,1001240a80021100,5,76,1,1,0,19,1,1,1,998982,7
empty,207,4,4480902040500004,1001240a80021100,5,67,0,1,1,18,1,1,1,-998983,1
empty,207,5,4480902040500004,1001240a80021100,4,67,1,1,0,17,0,1,1,998984,6
empty,208,0,40050120aa08042,5802008010000030,12,76,0,1,0,19,0,1,1,998982,2
empty,208,1,40050120aa08042,5802008010000030,13,76,1,1,0,23,1,1,1,998978,7
empty,208,2,40050120aa08042,5802008010000030,13,67,0,1,1,22,1,1,1,-998979,0
empty,208,3,40050120aa08042,5802008010000030,22,67,1,1,0,21,0,1,1,998980,6
empty,208,4,40050120aa08042,5802008010000030,22,58,0,1,1,20,1,1,1,-998981,1
empty,208,5,40050120aa08042,5802008010000030,13,58,1,1,0,19,0,0,1,998982,6
empty,209,0,220020800205010,1084480214080046,14,76,0,1,1,20,0,0,1,-998981,1
empty,209,1,220020800205010,1084480214080046,13,76,1,1,0,19,1,1,1,998982,7
empty,209,2,220020800205010,1084480214080046,13,75,0,1,1,18,0,0,1,-998983,1
empty,209,3,220020800205010,1084480214080046,14,75,1,1,0,17,1,1,1,998984,7
empty,209,4,220020800205010,1084480214080046,14,74,0,1,1,20,0,0,1,-998981,1
empty,209,5,220020800205010,1084480214080046,13,74,1,1,0,19,0,0,1,998982,8
empty,210,0,5480482080020104,200004021c008420,21,59,0,1,1,14,1,1,1,-998987,1
empty,210,1,5480482080020104,200004021c008420,30,59,1,1,0,13,0,1,1,998988,5
empty,210,2,5480482080020104,200004021c008420,30,68,0,1,1,18,0,1,1,-998983,4
empty,210,3,5480482080020104,200004021c008420,39,68,1,1,0,17,0,1,1,998984,6
empty,210,4,5480482080020104,200004021c008420,39,67,0,1,1,20,0,1,1,-998981,3
empty,210,5,5480482080020104,200004021c008420,48,67,1,1,0,19,0,1,1,998982,6
empty,211,0,420520102041020,112000028800154,10,64,0,1,0,19,0,1,1,998982,2
empty,211,1,420520102041020,112000028800154,1,64,1,1,1,22,0,1,1,-998979,6
empty,211,2,420520102041020,112000028800154,1,55,0,1,0,21,1,1,1,998980,1
empty,211,3,420520102041020,112000028800154,2,55,1,1,0,21,0,0,1,998980,6
empty,211,4,420520102041020,112000028800154,2,64,0,1,0,23,1,1,1,998978,1
empty,211,5,420520102041020,112000028800154,11,64,1,1,1,22,0,1,1,-998979,6
empty,212,0,2424022090000090,804004000c000863,12,58,0,1,1,14,1,1,1,-998987,0
empty,212,1,2424022090000090,804004000c000863,3,58,1,1,0,13,0,1,1,998988,5
empty,212,2,2424022090000090,804004000c000863,3,67,0,1,1,16,1,1,1,-998985,1
empty,212,3,2424022090000090,804004000c000863,2,67,1,1,0,15,0,1,1,998986,6
empty,212,4,2424022090000090,804004000c000863,2,76,0,1,1,18,1,1,1,-998983,1
empty,212,5,2424022090000090,804004000c000863,11,76,1,1,0,17,1,1,1,998984,7
empty,213,0,400200002404112,204c02a0018224,3,76,1,1,0,17,1,1,1,998984,7
empty,213,1,400200002404112,204c02a0018224,3,67,0,1,1,16,1,1,1,-998985,1
empty,213,2,400200002404112,204c02a0018224,4,67,1,1,0,15,0,1,1,998986,6
empty,213,3,400200002404112,204c02a0018224,4,58,0,1,1,14,0,0,1,-998987,0
empty,213,4,400200002404112,204c02a0018224,5,58,1,1,0,13,0,1,1,998988,5
empty,213,5,400200002404112,204c02a0018224,5,49,0,1,1,12,0,0,1,-998989,0
empty,214,0,8022400202011000,1008060040304f00,14,74,0,1,1,18,0,0,1,-998983,0
empty,214,1,8022400202011000,1008060040304f00,15,74,1,1,0,17,1,1,1,998984,7
empty,214,2,8022400202011000,1008060040304f00,15,65,0,1,1,16,1,1,1,-998985,0
empty,214,3,8022400202011000,1008060040304f00,6,65,1,1,0,15,0,0,1,998986,7
empty,214,4,8022400202011000,1008060040304f00,6,74,0,1,1,18,1,1,1,-998983,1
empty,214,5,8022400202011000,1008060040304f00,5,74,1,1,0,17,1,1,1,998984,7
empty,215,0,990002424004409,2201000081020022,22,56,0,1,0,15,0,1,1,998986,3
empty,215,1,990002424004409,2201000081020022,23,56,1,1,0,17,0,1,1,998984,5
empty,215,2,990002424004409,2201000081020022,23,57,0,1,1,16,1,1,1,-998985,1
empty,215,3,990002424004409,2201000081020022,32,57,1,1,0,15,0,1,1,998986,5
empty,215,4,990002424004409,2201000081020022,32,48,0,1,1,14,0,0,1,-998987,2
empty,215,5,990002424004409,2201000081020022,23,48,1,1,0,13,0,0,1,998988,5
empty,216,0,9000200101501049,22114c0002040000,14,74,0,1,1,16,0,0,1,-998985,0
empty,216,1,9000200101501049,22114c0002040000,15,74,1,1,0,15,1,1,1,998986,7
empty,216,2,9000200101501049,22114c0002040000,15,65,0,1,1,14,0,1,1,-998987,2
empty,216,3,9000200101501049,22114c0002040000,14,65,1,1,0,13,0,1,1,998988,6
empty,216,4,9000200101501049,22114c0002040000,14,56,0,1,1,12,0,0,1,-998989,0
empty,216,5,9000200101501049,22114c0002040000,5,56,1,1,0,11,0,1,1,998990,5
empty,217,0,1000124000804205,81009104680140,13,55,0,1,0,15,0,1,1,998986,2
empty,217,1,1000124000804205,81009104680140,14,55,1,1,1,16,0,0,1,-998985,7
empty,217,2,1000124000804205,81009104680140,14,56,0,1,0,15,0,1,1,998986,2
empty,217,3,1000124000804205,81009104680140,5,56,1,1,0,15,0,0,1,998986,6
empty,217,4,1000124000804205,81009104680140,5,65,0,1,0,17,1,1,1,998984,1
empty,217,5,1000124000804205,81009104680140,4,65,1,1,0,17,0,1,1,998984,6
empty,218,0,8045480100510108,7400001400000204,14,75,1,1,0,21,1,1,1,998980,7
empty,218,1,8045480100510108,7400001400000204,14,66,0,1,1,20,1,1,1,-998981,0
empty,218,2,8045480100510108,7400001400000204,23,66,1,1,0,19,0,0,1,998982,7
empty,218,3,8045480100510108,7400001400000204,23,75,0,1,0,19,0,0,1,998982,2
empty,218,4,8045480100510108,7400001400000204,14,75,1,1,0,21,1,1,1,998980,7
empty,218,5,8045480100510108,7400001400000204,14,76,0,1,1,20,1,1,1,-998981,0
empty,219,0,4241004010280800,8500310c00420010,14,77,1,1,1,20,1,1,1,-998981,7
empty,219,1,4241004010280800,8500310c00420010,14,78,0,1,0,19,1,1,1,998982,1
empty,219,2,4241004010280800,8500310c00420010,23,78,1,1,1,20,0,0,1,-998981,8
empty,219,3,4241004010280800,8500310c00420010,23,77,0,1,0,19,0,0,1,998982,2
empty,219,4,4241004010280800,8500310c00420010,14,77,1,1,1,20,1,1,1,-998981,7
empty,219,5,4241004010280800,8500310c00420010,14,68,0,1,0,19,1,1,1,998982,1
empty,220,0,400080404800020,5902201080118209,22,68,0,1,1,16,1,1,1,-998985,1
empty,220,1,400080404800020,5902201080118209,31,68,1,1,0,15,0,1,1,998986,6
empty,220,2,400080404800020,5902201080118209,31,59,0,1,1,14,0,1,1,-998987,2
empty,220,3,400080404800020,5902201080118209,30,59,1,1,0,13,0,1,1,998988,5
empty,220,4,400080404800020,5902201080118209,30,68,0,1,0,13,0,0,1,998988,3
empty,220,5,400080404800020,5902201080118209,31,68,1,1,0,15,0,1,1,998986,6
empty,221,0,22481002028142,c010a900410000,3,66,1,1,0,17,0,1,1,998984,6
empty,221,1,22481002028142,c010a900410000,3,67,0,1,1,20,1,1,1,-998981,1
empty,221,2,22481002028142,c010a900410000,4,67,1,1,0,19,0,1,1,998982,6
empty,221,3,22481002028142,c010a900410000,4,58,0,1,1,18,1,1,1,-998983,1
empty,221,4,22481002028142,c010a900410000,3,58,1,1,0,17,0,0,1,998984,6
empty,221,5,22481002028142,c010a900410000,3,57,0,1,1,16,1,1,1,-998985,1
empty,222,0,284004080080440,1800200320820116,22,57,1,1,0,15,0,1,1,998986,5
empty,222,1,284004080080440,1800200320820116,22,56,0,1,0,13,0,0,1,998988,2
empty,222,2,284004080080440,1800200320820116,23,56,1,1,1,12,0,1,1,-998989,5
empty,222,3,284004080080440,1800200320820116,23,55,0,1,0,11,0,1,1,998990,3
empty,222,4,284004080080440,1800200320820116,14,55,1,1,0,11,0,1,1,998990,5
empty,222,5,284004080080440,1800200320820116,14,56,0,1,0,13,0,1,1,998988,2
empty,223,0,20801204290024,8011c0110800240,6,78,0,1,1,22,0,0,1,-998979,0
empty,223,1,20801204290024,8011c0110800240,5,78,1,1,0,21,1,1,1,998980,7
empty,223,2,20801204290024,8011c0110800240,5,79,0,1,1,20,0,0,1,-998981,0
empty,223,3,20801204290024,8011c0110800240,6,79,1,1,0,19,1,1,1,998982,7
empty,223,4,20801204290024,8011c0110800240,6,70,0,1,1,18,0,0,1,-998983,0
empty,223,5,20801204290024,8011c0110800240,5,70,1,1,0,17,0,1,1,998984,6
empty,224,0,508a091104044012,8001000208002200,6,67,1,1,0,21,0,0,1,998980,7
empty,224,1,508a091104044012,8001000208002200,6,68,0,1,1,20,1,1,1,-998981,1
empty,224,2,508a091104044012,8001000208002200,15,68,1,1,0,19,0,1,1,998982,6
empty,224,3,508a091104044012,8001000208002200,15,67,0,1,1,22,0,0,1,-998979,0
empty,224,4,508a091104044012,8001000208002200,6,67,1,1,0,21,0,0,1,998980,7
empty,224,5,508a091104044012,8001000208002200,6,66,0,1,1,24,1,1,1,-998977,1
empty,225,0,102042001000008,4810019244803802,5,77,0,1,0,17,1,1,1,998984,1
empty,225,1,102042001000008,4810019244803802,6,77,1,1,0,19,1,1,1,998982,7
empty,225,2,102042001000008,4810019244803802,6,78,0,1,1,18,1,1,1,-998983,1
empty,225,3,102042001000008,4810019244803802,15,78,1,1,0,17,1,1,1,998984,7
empty,225,4,102042001000008,4810019244803802,15,69,0,1,1,16,1,1,1,-998985,0
empty,225,5,102042001000008,4810019244803802,6,69,1,1,0,15,0,1,1,998986,6
empty,226,0,1114410980402009,20000010a00c02,21,67,0,1,0,17,0,1,1,998984,3
empty,226,1,1114410980402009,20000010a00c02,30,67,1,1,1,16,0,0,1,-998985,7
empty,226,2,1114410980402009,20000010a00c02,30,66,0,1,0,15,0,1,1,998986,4
empty,226,3,1114410980402009,20000010a00c02,21,66,1,1,0,19,0,0,1,998982,7
empty,226,4,1114410980402009,20000010a00c02,21,65,0,1,1,18,1,1,1,-998983,1
empty,226,5,1114410980402009,20000010a00c02,12,65,1,1,0,17,0,0,1,998984,7
empty,227,0,20140008004,108558046210c2,12,75,1,1,1,14,1,1,1,-998987,7
empty,227,1,20140008004,108558046210c2,12,66,0,1,0,13,0,1,1,998988,2
empty,227,2,20140008004,108558046210c2,21,66,1,1,1,12,0,1,1,-998989,6
empty,227,3,20140008004,108558046210c2,21,65,0,1,0,11,0,1,1,998990,3
empty,227,4,20140008004,108558046210c2,12,65,1,1,1,14,0,1,1,-998987,6
empty,227,5,20140008004,108558046210c2,12,74,0,1,0,13,0,1,1,998988,2
empty,228,0,410200850080104,2841a00015c000,2,68,0,1,0,21,0,0,1,998980,0
empty,228,1,410200850080104,2841a00015c000,1,68,1,1,1,20,0,0,1,-998981,8
empty,228,2,410200850080104,2841a00015c000,1,67,0,1,0,19,1,1,1,998982,1
empty,228,3,410200850080104,2841a00015c000,2,67,1,1,1,22,0,0,1,-998979,8
empty,228,4,410200850080104,2841a00015c000,2,76,0,1,0,21,0,0,1,998980,0
empty,228,5,410200850080104,2841a00015c000,1,76,1,1,1,20,1,1,1,-998981,7
empty,229,0,14844048000a120,8000b00006210800,5,56,1,1,0,15,0,0,1,998986,6
empty,229,1,14844048000a120,8000b00006210800,5,55,0,1,1,14,0,0,1,-998987,0
empty,229,2,14844048000a120,8000b00006210800,6,55,1,1,0,13,0,1,1,998988,5
empty,229,3,14844048000a120,8000b00006210800,6,46,0,1,1,12,0,0,1,-998989,0
empty,229,4,14844048000a120,8000b00006210800,7,46,1,1,0,11,0,1,1,998990,4
empty,229,5,14844048000a120,8000b00006210800,7,45,0,1,1,14,1,1,1,-998987,1
empty,230,0,40848a2002000000,230440200036011,20,48,0,1,1,10,1,1,1,-998991,1
empty,230,1,40848a2002000000,230440200036011,11,48,1,1,0,9,0,1,1,998992,4
empty,230,2,40848a2002000000,230440200036011,11,49,0,1,1,10,1,1,1,-998991,0
empty,230,3,40848a2002000000,230440200036011,20,49,1,1,0,9,0,1,1,998992,4
empty,230,4,40848a2002000000,230440200036011,20,40,0,1,1,8,1,1,1,-998993,1
empty,230,5,40848a2002000000,230440200036011,21,40,1,1,0,7,0,1,1,998994,3
empty,231,0,5000048082918900,280100000420430,2,79,1,1,0,21,0,0,1,998980,8
empty,231,1,5000048082918900,280100000420430,2,80,0,1,1,20,1,1,1,-998981,1
empty,231,2,5000048082918900,280100000420430,11,80,1,1,0,19,1,1,1,998982,7
empty,231,3,5000048082918900,280100000420430,11,71,0,1,1,18,1,1,1,-998983,0
empty,231,4,5000048082918900,280100000420430,2,71,1,1,0,17,0,1,1,998984,6
empty,231,5,5000048082918900,280100000420430,2,80,0,1,1,20,1,1,1,-998981,1
empty,232,0,120808002004001,5000284481100134,3,67,0,1,1,14,1,1,1,-998987,1
empty,232,1,120808002004001,5000284481100134,12,67,1,1,0,13,0,1,1,998988,6
empty,232,2,120808002004001,5000284481100134,12,58,0,1,1,12,1,1,1,-998989,0
empty,232,3,120808002004001,5000284481100134,21,58,1,1,0,11,0,1,1,998990,5
empty,232,4,120808002004001,5000284481100134,21,67,0,1,0,11,0,1,1,998990,3
empty,232,5,120808002004001,5000284481100134,20,67,1,1,0,13,0,1,1,998988,6
empty,233,0,80a200004400a000,400488002480592,4,74,0,1,0,15,1,1,1,998986,1
empty,233,1,80a200004400a000,400488002480592,13,74,1,1,1,14,1,1,1,-998987,7
empty,233,2,80a200004400a000,400488002480592,13,65,0,1,0,13,0,1,1,998988,2
empty,233,3,80a200004400a000,400488002480592,12,65,1,1,1,16,0,0,1,-998985,8
empty,233,4,80a200004400a000,400488002480592,12,64,0,1,0,15,1,1,1,998986,1
empty,233,5,80a200004400a000,400488002480592,3,64,1,1,0,15,0,0,1,998986,7
empty,234,0,41000a1000880240,20440a04005001c,12,59,1,1,0,15,0,1,1,998986,6
empty,234,1,41000a1000880240,20440a04005001c,12,68,0,1,1,18,1,1,1,-998983,0
empty,234,2,41000a1000880240,20440a04005001c,21,68,1,1,0,17,0,1,1,998984,6
empty,234,3,41000a1000880240,20440a04005001c,21,69,0,1,1,16,0,0,1,-998985,1
empty,234,4,41000a1000880240,20440a04005001c,22,69,1,1,0,15,0,1,1,998986,6
empty,234,5,41000a1000880240,20440a04005001c,22,60,0,1,1,14,0,0,1,-998987,1
empty,235,0,2040000801a81121,120801000c008410,4,58,0,1,1,16,1,1,1,-998985,1
empty,235,1,2040000801a81121,120801000c008410,3,58,1,1,0,15,0,1,1,998986,5
empty,235,2,2040000801a81121,120801000c008410,3,67,0,1,1,18,1,1,1,-998983,1
empty,235,3,2040000801a81121,120801000c008410,12,67,1,1,0,17,0,1,1,998984,6
empty,235,4,2040000801a81121,120801000c008410,12,76,0,1,1,20,1,1,1,-998981,0
empty,235,5,2040000801a81121,120801000c008410,13,76,1,1,0,19,1,1,1,998982,7
empty,236,0,1001204100a8800,58026000090010a0,12,74,0,1,0,23,0,0,1,998978,0
empty,236,1,1001204100a8800,58026000090010a0,3,74,1,1,1,22,1,1,1,-998979,7
empty,236,2,1001204100a8800,58026000090010a0,3,75,0,1,0,21,1,1,1,998980,0
empty,236,3,1001204100a8800,58026000090010a0,4,75,1,1,1,20,1,1,1,-998981,7
empty,236,4,1001204100a8800,58026000090010a0,4,66,0,1,0,19,1,1,1,998982,0
empty,236,5,1001204100a8800,58026000090010a0,5,66,1,1,1,18,0,1,1,-998983,6
empty,237,0,200450204009048,421824010082200,5,58,1,1,0,17,0,1,1,998984,5
empty,237,1,200450204009048,421824010082200,5,59,0,1,1,18,1,1,1,-998983,1
empty,237,2,200450204009048,421824010082200,4,59,1,1,0,17,0,1,1,998984,5
empty,237,3,200450204009048,421824010082200,4,58,0,1,1,18,0,0,1,-998983,0
empty,237,4,200450204009048,421824010082200,3,58,1,1,0,17,0,1,1,998984,5
empty,237,5,200450204009048,421824010082200,3,57,0,1,1,20,0,0,1,-998981,0
empty,238,0,20480410004a1200,8008220d0040006,6,74,0,1,0,19,1,1,1,998982,1
empty,238,1,20480410004a1200,8008220d0040006,15,74,1,1,1,18,1,1,1,-998983,7
empty,238,2,20480410004a1200,8008220d0040006,15,75,0,1,0,17,0,1,1,998984,2
empty,238,3,20480410004a1200,8008220d0040006,6,75,1,1,1,20,1,1,1,-998981,7
empty,238,4,20480410004a1200,8008220d0040006,6,74,0,1,0,19,1,1,1,998982,1
empty,238,5,20480410004a1200,8008220d0040006,5,74,1,1,0,19,1,1,1,998982,7
empty,239,0,88440200504201,900224806010400,4,76,0,1,1,22,1,1,1,-998979,1
empty,239,1,88440200504201,900224806010400,13,76,1,1,0,21,1,1,1,998980,7
empty,239,2,88440200504201,900224806010400,13,67,0,1,1,20,1,1,1,-998981,0
empty,239,3,88440200504201,900224806010400,22,67,1,1,0,19,0,0,1,998982,7
empty,239,4,88440200504201,900224806010400,22,76,0,1,0,17,0,0,1,998984,2
empty,239,5,88440200504201,900224806010400,23,76,1,1,0,21,1,1,1,998980,7
empty,240,0,8002890004081404,300700029040020,2,65,1,1,0,19,0,0,1,998982,7
empty,240,1,8002890004081404,300700029040020,2,74,0,1,0,21,0,0,1,998980,0
empty,240,2,8002890004081404,300700029040020,3,74,1,1,0,21,1,1,1,998980,7
empty,240,3,8002890004081404,300700029040020,3,75,0,1,1,20,0,0,1,-998981,0
empty,240,4,8002890004081404,300700029040020,4,75,1,1,0,19,1,1,1,998982,7
empty,240,5,8002890004081404,300700029040020,4,76,0,1,1,20,1,1,1,-998981,1
empty,241,0,2900800001004101,460001241800802c,5,67,0,1,1,14,1,1,1,-998987,1
empty,241,1,2900800001004101,460001241800802c,4,67,1,1,0,13,0,1,1,998988,6
empty,241,2,2900800001004101,460001241800802c,4,58,0,1,1,12,1,1,1,-998989,1
empty,241,3,2900800001004101,460001241800802c,5,58,1,1,0,11,0,1,1,998990,5
empty,241,4,2900800001004101,460001241800802c,5,57,0,1,1,12,1,1,1,-998989,1
empty,241,5,2900800001004101,460001241800802c,4,57,1,1,0,11,0,1,1,998990,5
empty,242,0,400141a0009100,896200810012002,11,76,1,1,1,14,1,1,1,-998987,7
empty,242,1,400141a0009100,896200810012002,11,67,0,1,0,13,0,1,1,998988,2
empty,242,2,400141a0009100,896200810012002,20,67,1,1,1,12,0,1,1,-998989,6
empty,242,3,400141a0009100,896200810012002,20,76,0,1,0,11,0,1,1,998990,3
empty,242,4,400141a0009100,896200810012002,29,76,1,1,1,10,1,1,1,-998991,7
empty,242,5,400141a0009100,896200810012002,29,77,0,1,0,9,0,1,1,998992,4
empty,243,0,a1a0408204400000,5180140000200b,6,74,0,1,1,20,1,1,1,-998981,1
empty,243,1,a1a0408204400000,5180140000200b,5,74,1,1,0,19,1,1,1,998982,7
empty,243,2,a1a0408204400000,5180140000200b,5,65,0,1,1,18,1,1,1,-998983,1
empty,243,3,a1a0408204400000,5180140000200b,6,65,1,1,0,17,0,1,1,998984,6
empty,243,4,a1a0408204400000,5180140000200b,6,66,0,1,1,16,1,1,1,-998985,1
empty,243,5,a1a0408204400000,5180140000200b,5,66,1,1,0,15,0,1,1,998986,6
empty,244,0,10008884044a010,1040024004800462,2,68,0,1,1,18,1,1,1,-998983,1
empty,244,1,10008884044a010,1040024004800462,3,68,1,1,0,17,0,1,1,998984,6
empty,244,2,10008884044a010,1040024004800462,3,69,0,1,0,19,1,1,1,998982,1
empty,244,3,10008884044a010,1040024004800462,4,69,1,1,0,19,0,1,1,998982,6
empty,244,4,10008884044a010,1040024004800462,4,60,0,1,1,18,0,0,1,-998983,0
empty,244,5,10008884044a010,1040024004800462,5,60,1,1,0,17,0,1,1,998984,5
empty,245,0,4044a4522101088,8000000018c40000,3,68,1,1,0,19,0,1,1,998982,6
empty,245,1,4044a4522101088,8000000018c40000,3,67,0,1,1,22,0,0,1,-998979,0
empty,245,2,4044a4522101088,8000000018c40000,4,67,1,1,0,21,0,1,1,998980,6
empty,245,3,4044a4522101088,8000000018c40000,4,58,0,1,1,20,0,0,1,-998981,0
empty,245,4,4044a4522101088,8000000018c40000,3,58,1,1,0,19,0,0,1,998982,6
empty,245,5,4044a4522101088,8000000018c40000,3,59,0,1,1,18,0,0,1,-998983,0
empty,246,0,4002802120008104,200044008051823,12,77,1,1,1,14,1,1,1,-998987,7
empty,246,1,4002802120008104,200044008051823,12,78,0,1,0,13,0,1,1,998988,2
empty,246,2,4002802120008104,200044008051823,21,78,1,1,1,12,0,0,1,-998989,8
empty,246,3,4002802120008104,200044008051823,21,79,0,1,0,11,0,1,1,998990,3
empty,246,4,4002802120008104,200044008051823,30,79,1,1,1,10,0,0,1,-998991,8
empty,246,5,4002802120008104,200044008051823,30,80,0,1,0,9,0,1,1,998992,4
empty,247,0,2114201104491420,2400480000a00,11,67,0,1,1,22,0,0,1,-998979,0
empty,247,1,2114201104491420,2400480000a00,12,67,1,1,0,21,0,0,1,998980,7
empty,247,2,2114201104491420,2400480000a00,12,76,0,1,1,24,0,0,1,-998977,0
empty,247,3,2114201104491420,2400480000a00,3,76,1,1,0,23,1,1,1,998978,7
empty,247,4,2114201104491420,2400480000a00,3,67,0,1,1,22,1,1,1,-998979,1
empty,247,5,2114201104491420,2400480000a00,4,67,1,1,0,21,0,0,1,998980,7
empty,248,0,8842001290094024,480240020400100,14,75,1,1,1,22,0,0,1,-998979,8
empty,248,1,8842001290094024,480240020400100,14,76,0,1,0,21,0,1,1,998980,2
empty,248,2,8842001290094024,480240020400100,13,76,1,1,1,22,0,0,1,-998979,8
empty,248,3,8842001290094024,480240020400100,13,75,0,1,0,21,0,1,1,998980,2
empty,248,4,8842001290094024,480240020400100,12,75,1,1,1,20,0,0,1,-998981,8
empty,248,5,8842001290094024,480240020400100,12,76,0,1,0,19,0,1,1,998982,2
empty,249,0,2000010810100102,a0078020004b840,21,58,1,1,1,14,0,1,1,-998987,5
empty,249,1,2000010810100102,a0078020004b840,21,49,0,1,0,13,0,1,1,998988,3
empty,249,2,2000010810100102,a0078020004b840,12,49,1,1,1,16,0,0,1,-998985,6
empty,249,3,2000010810100102,a0078020004b840,12,58,0,1,0,15,0,1,1,998986,2
empty,249,4,2000010810100102,a0078020004b840,3,58,1,1,1,18,0,1,1,-998983,5
empty,249,5,2000010810100102,a0078020004b840,3,49,0,1,0,17,1,1,1,998984,1
empty,250,0,2109800089008000,1086100e20480000,6,67,1,1,1,18,0,0,1,-998983,8
empty,250,1,2109800089008000,1086100e20480000,6,76,0,1,0,17,1,1,1,998984,1
empty,250,2,2109800089008000,1086100e20480000,5,76,1,1,0,19,1,1,1,998982,8
empty,250,3,2109800089008000,1086100e20480000,5,67,0,1,0,19,1,1,1,998982,1
empty,250,4,2109800089008000,1086100e20480000,4,67,1,1,0,21,0,0,1,998980,8
empty,250,5,2109800089008000,1086100e20480000,4,76,0,1,1,20,1,1,1,-998981,1
empty,251,0,8400480020800240,210210a2000a5020,5,64,1,1,0,15,0,1,1,998986,6
empty,251,1,8400480020800240,210210a2000a5020,5,55,0,1,1,14,1,1,1,-998987,1
empty,251,2,8400480020800240,210210a2000a5020,4,55,1,1,0,13,0,1,1,998988,5
empty,251,3,8400480020800240,210210a2000a5020,4,46,0,1,1,12,1,1,1,-998989,1
empty,251,4,8400480020800240,210210a2000a5020,5,46,1,1,0,11,0,1,1,998990,4
empty,251,5,8400480020800240,210210a2000a5020,5,37,0,1,1,10,1,1,1,-998991,1
empty,252,0,22212405012250,14000a0008104,3,49,0,1,1,12,1,1,1,-998989,1
empty,252,1,22212405012250,14000a0008104,12,49,1,1,0,11,0,1,1,998990,4
empty,252,2,22212405012250,14000a0008104,12,50,0,1,1,14,1,1,1,-998987,0
empty,252,3,22212405012250,14000a0008104,13,50,1,1,0,13,0,0,1,998988,5
empty,252,4,22212405012250,14000a0008104,13,49,0,1,1,12,0,1,1,-998989,2
empty,252,5,22212405012250,14000a0008104,14,49,1,1,0,11,0,1,1,998990,4
empty,253,0,2281080024412,540251002104,12,78,0,1,0,23,0,0,1,998978,1
empty,253,1,2281080024412,540251002104,3,78,1,1,1,26,1,1,1,-998975,7
empty,253,2,2281080024412,540251002104,3,77,0,1,0,25,1,1,1,998976,1
empty,253,3,2281080024412,540251002104,4,77,1,1,0,25,1,1,1,998976,7
empty,253,4,2281080024412,540251002104,4,68,0,1,1,24,0,0,1,-998977,0
empty,253,5,2281080024412,540251002104,3,68,1,1,0,23,1,1,1,998978,7
empty,254,0,848122001004882,20010801100b8000,5,56,1,1,0,17,0,0,1,998984,6
empty,254,1,848122001004882,20010801100b8000,5,55,0,1,1,20,1,1,1,-998981,1
empty,254,2,848122001004882,20010801100b8000,4,55,1,1,0,19,0,0,1,998982,6
empty,254,3,848122001004882,20010801100b8000,4,64,0,1,1,22,1,1,1,-998979,1
empty,254,4,848122001004882,20010801100b8000,3,64,1,1,0,21,0,1,1,998980,6
empty,254,5,848122001004882,20010801100b8000,3,65,0,1,1,20,1,1,1,-998981,1
empty,255,0,105104850105001,88000802000a0024,16,68,0,1,0,15,0,0,1,998986,1
empty,255,1,105104850105001,88000802000a0024,7,68,1,1,0,19,0,1,1,998982,6
empty,255,2,105104850105001,88000802000a0024,7,77,0,1,0,17,1,1,1,998984,1
empty,255,3,105104850105001,88000802000a0024,8,77,1,1,1,16,1,1,1,-998985,7
empty,255,4,105104850105001,88000802000a0024,8,68,0,1,0,15,1,1,1,998986,1
empty,255,5,105104850105001,88000802000a0024,7,68,1,1,0,19,0,1,1,998982,6
empty,256,0,400400010052941,28100421428020,9,76,1,1,0,23,1,1,1,998978,7
empty,256,1,400400010052941,28100421428020,9,75,0,1,1,28,0,0,1,-998973,1
empty,256,2,400400010052941,28100421428020,10,75,1,1,0,27,0,0,1,998974,8
empty,256,3,400400010052941,28100421428020,10,76,0,1,1,26,0,0,1,-998975,1
empty,256,4,400400010052941,28100421428020,11,76,1,1,0,25,1,1,1,998976,7
empty,256,5,400400010052941,28100421428020,11,67,0,1,1,24,0,1,1,-998977,2
empty,257,0,292200410121000,210a4084000842,20,77,1,1,1,16,1,1,1,-998985,7
empty,257,1,292200410121000,210a4084000842,20,76,0,1,0,15,0,0,1,998986,2
empty,257,2,292200410121000,210a4084000842,19,76,1,1,1,14,1,1,1,-998987,7
empty,257,3,292200410121000,210a4084000842,19,75,0,1,0,13,0,0,1,998988,2
empty,257,4,292200410121000,210a4084000842,18,75,1,1,1,12,1,1,1,-998989,7
empty,257,5,292200410121000,210a4084000842,18,76,0,1,0,11,0,1,1,998990,3
empty,258,0,4000400181880800,e200042a006201,12,75,1,1,0,17,1,1,1,998984,7
empty,258,1,4000400181880800,e200042a006201,12,66,0,1,1,16,0,0,1,-998985,0
empty,258,2,4000400181880800,e200042a006201,13,66,1,1,0,15,0,1,1,998986,6
empty,258,3,4000400181880800,e200042a006201,13,67,0,1,1,16,0,0,1,-998985,0
empty,258,4,4000400181880800,e200042a006201,12,67,1,1,0,15,0,1,1,998986,6
empty,258,5,4000400181880800,e200042a006201,12,58,0,1,1,14,0,0,1,-998987,0
empty,259,0,222040941404022,a0001084000000c8,3,73,0,1,0,21,1,1,1,998980,1
empty,259,1,222040941404022,a0001084000000c8,2,73,1,1,0,23,0,0,1,998978,8
empty,259,2,222040941404022,a0001084000000c8,2,74,0,1,0,23,0,0,1,998978,0
empty,259,3,222040941404022,a0001084000000c8,3,74,1,1,1,22,0,0,1,-998979,8
empty,259,4,222040941404022,a0001084000000c8,3,75,0,1,0,21,1,1,1,998980,1
empty,259,5,222040941404022,a0001084000000c8,12,75,1,1,1,20,1,1,1,-998981,7
empty,260,0,12880009048000,188002a144810010,0,68,0,1,1,16,1,1,1,-998985,1
empty,260,1,12880009048000,188002a144810010,1,68,1,1,0,15,0,0,1,998986,7
empty,260,2,12880009048000,188002a144810010,1,77,0,1,1,18,1,1,1,-998983,1
empty,260,3,12880009048000,188002a144810010,2,77,1,1,0,17,1,1,1,998984,7
empty,260,4,12880009048000,188002a144810010,2,68,0,1,1,16,1,1,1,-998985,1
empty,260,5,12880009048000,188002a144810010,1,68,1,1,0,15,0,0,1,998986,7
empty,261,0,284008028115040,4108204004200a,3,77,0,1,0,21,1,1,1,998980,1
empty,261,1,284008028115040,4108204004200a,2,77,1,1,1,20,1,1,1,-998981,7
empty,261,2,284008028115040,4108204004200a,2,76,0,1,0,19,1,1,1,998982,1
empty,261,3,284008028115040,4108204004200a,3,76,1,1,1,22,1,1,1,-998979,7
empty,261,4,284008028115040,4108204004200a,3,67,0,1,0,21,1,1,1,998980,1
empty,261,5,284008028115040,4108204004200a,2,67,1,1,1,20,0,1,1,-998981,6
empty,262,0,a808142840000840,24810208400011,3,79,0,1,0,19,1,1,1,998982,1
empty,262,1,a808142840000840,24810208400011,4,79,1,1,1,22,0,0,1,-998979,8
empty,262,2,a808142840000840,24810208400011,4,78,0,1,0,21,1,1,1,998980,1
empty,262,3,a808142840000840,24810208400011,3,78,1,1,1,20,0,0,1,-998981,8
empty,262,4,a808142840000840,24810208400011,3,79,0,1,0,19,1,1,1,998982,1
empty,262,5,a808142840000840,24810208400011,12,79,1,1,1,18,0,0,1,-998983,8
empty,263,0,501000045102400a,21c2000080000a01,15,73,0,1,0,17,0,0,1,998984,1
empty,263,1,501000045102400a,21c2000080000a01,6,73,1,1,1,20,1,1,1,-998981,7
empty,263,2,501000045102400a,21c2000080000a01,6,64,0,1,0,19,1,1,1,998982,1
empty,263,3,501000045102400a,21c2000080000a01,7,64,1,1,1,18,0,1,1,-998983,6
empty,263,4,501000045102400a,21c2000080000a01,7,55,0,1,0,17,1,1,1,998984,1
empty,263,5,501000045102400a,21c2000080000a01,8,55,1,1,1,16,0,1,1,-998985,5
empty,264,0,8855412800402190,1008000026,13,67,0,1,0,25,0,1,1,998976,2
empty,264,1,8855412800402190,1008000026,14,67,1,1,0,25,0,0,1,998976,7
empty,264,2,8855412800402190,1008000026,14,66,0,1,0,27,0,0,1,998974,1
empty,264,3,8855412800402190,1008000026,13,66,1,1,1,26,0,0,1,-998975,7
empty,264,4,8855412800402190,1008000026,13,65,0,1,0,25,0,1,1,998976,2
empty,264,5,8855412800402190,1008000026,22,65,1,1,1,24,0,0,1,-998977,8
empty,265,0,4080418091488140,4800804822000,13,67,0,1,1,18,1,1,1,-998983,0
empty,265,1,4080418091488140,4800804822000,4,67,1,1,0,17,0,1,1,998984,6
empty,265,2,4080418091488140,4800804822000,4,66,0,1,1,16,1,1,1,-998985,1
empty,265,3,4080418091488140,4800804822000,5,66,1,1,0,15,0,1,1,998986,6
empty,265,4,4080418091488140,4800804822000,5,75,0,1,1,18,1,1,1,-998983,1
empty,265,5,4080418091488140,4800804822000,4,75,1,1,0,17,1,1,1,998984,7
empty,266,0,40800500000141,b044a8054204000,4,68,0,1,1,14,1,1,1,-998987,1
empty,266,1,40800500000141,b044a8054204000,5,68,1,1,0,13,0,1,1,998988,6
empty,266,2,40800500000141,b044a8054204000,5,59,0,1,1,12,1,1,1,-998989,1
empty,266,3,40800500000141,b044a8054204000,6,59,1,1,0,11,0,1,1,998990,5
empty,266,4,40800500000141,b044a8054204000,6,60,0,1,1,14,0,0,1,-998987,0
empty,266,5,40800500000141,b044a8054204000,5,60,1,1,0,13,0,1,1,998988,5
empty,267,0,4100852000800508,442000214001224,15,76,1,1,1,20,1,1,1,-998981,7
empty,267,1,4100852000800508,442000214001224,15,67,0,1,0,19,0,1,1,998982,2
empty,267,2,4100852000800508,442000214001224,6,67,1,1,0,21,0,1,1,998980,6
empty,267,3,4100852000800508,442000214001224,6,66,0,1,0,21,1,1,1,998980,1
empty,267,4,4100852000800508,442000214001224,7,66,1,1,0,23,0,1,1,998978,6
empty,267,5,4100852000800508,442000214001224,7,67,0,1,1,22,1,1,1,-998979,1
empty,268,0,4040a000a2010,a04000442104d008,0,77,1,1,1,16,1,1,1,-998985,7
empty,268,1,4040a000a2010,a04000442104d008,0,76,0,1,0,15,1,1,1,998986,1
empty,268,2,4040a000a2010,a04000442104d008,9,76,1,1,1,14,1,1,1,-998987,7
empty,268,3,4040a000a2010,a04000442104d008,9,67,0,1,0,13,0,1,1,998988,2
empty,268,4,4040a000a2010,a04000442104d008,10,67,1,1,1,16,0,1,1,-998985,6
empty,268,5,4040a000a2010,a04000442104d008,10,66,0,1,0,15,0,1,1,998986,2
empty,269,0,85010050a1422208,4002204000401,15,78,1,1,1,22,1,1,1,-998979,7
empty,269,1,85010050a1422208,4002204000401,15,79,0,1,0,21,0,0,1,998980,1
empty,269,2,85010050a1422208,4002204000401,6,79,1,1,1,24,0,0,1,-998977,8
empty,269,3,85010050a1422208,4002204000401,6,80,0,1,0,23,1,1,1,998978,1
empty,269,4,85010050a1422208,4002204000401,5,80,1,1,1,22,0,0,1,-998979,8
empty,269,5,85010050a1422208,4002204000401,5,79,0,1,0,21,1,1,1,998980,1
empty,270,0,44110401042000,8900000280134085,15,65,0,1,0,21,0,0,1,998980,0
empty,270,1,44110401042000,8900000280134085,6,65,1,1,1,20,0,0,1,-998981,8
empty,270,2,44110401042000,8900000280134085,6,74,0,1,0,19,1,1,1,998982,0
empty,270,3,44110401042000,8900000280134085,7,74,1,1,1,18,1,1,1,-998983,7
empty,270,4,44110401042000,8900000280134085,7,73,0,1,0,17,1,1,1,998984,1
empty,270,5,44110401042000,8900000280134085,6,73,1,1,1,20,1,1,1,-998981,7
empty,271,0,104180a100400200,2004004980200c5,23,49,0,1,1,10,1,1,1,-998991,1
empty,271,1,104180a100400200,2004004980200c5,24,49,1,1,0,9,0,1,1,998992,4
empty,271,2,104180a100400200,2004004980200c5,24,50,0,1,1,12,0,0,1,-998989,1
empty,271,3,104180a100400200,2004004980200c5,25,50,1,1,0,11,0,0,1,998990,5
empty,271,4,104180a100400200,2004004980200c5,25,59,0,1,1,14,0,0,1,-998987,1
empty,271,5,104180a100400200,2004004980200c5,16,59,1,1,0,13,0,1,1,998988,5
empty,272,0,1404002810,c43082002a440180,15,74,1,1,1,16,1,1,1,-998985,7
empty,272,1,1404002810,c43082002a440180,15,65,0,1,0,15,0,0,1,998986,1
empty,272,2,1404002810,c43082002a440180,6,65,1,1,0,15,1,1,1,998986,7
empty,272,3,1404002810,c43082002a440180,6,64,0,1,1,14,1,1,1,-998987,1
empty,272,4,1404002810,c43082002a440180,5,64,1,1,0,13,0,1,1,998988,6
empty,272,5,1404002810,c43082002a440180,5,63,0,1,1,14,0,0,1,-998987,0
empty,273,0,40002884000848,12006201401004a1,10,76,0,1,0,13,0,1,1,998988,2
empty,273,1,40002884000848,12006201401004a1,19,76,1,1,1,12,1,1,1,-998989,7
empty,273,2,40002884000848,12006201401004a1,19,67,0,1,0,11,0,1,1,998990,3
empty,273,3,40002884000848,12006201401004a1,18,67,1,1,1,12,0,1,1,-998989,6
empty,273,4,40002884000848,12006201401004a1,18,58,0,1,0,11,0,1,1,998990,3
empty,273,5,40002884000848,12006201401004a1,9,58,1,1,1,14,0,1,1,-998987,5
empty,274,0,90122808a051000,4804801020420,4,70,0,1,1,24,1,1,1,-998977,1
empty,274,1,90122808a051000,4804801020420,13,70,1,1,0,23,0,1,1,998978,6
empty,274,2,90122808a051000,4804801020420,13,69,0,1,1,22,0,0,1,-998979,0
empty,274,3,90122808a051000,4804801020420,4,69,1,1,0,21,0,1,1,998980,6
empty,274,4,90122808a051000,4804801020420,4,78,0,1,1,24,1,1,1,-998977,1
empty,274,5,90122808a051000,4804801020420,3,78,1,1,0,23,1,1,1,998978,7
empty,275,0,401014001009080,9008348300220400,3,74,1,1,1,18,0,0,1,-998983,8
empty,275,1,401014001009080,9008348300220400,3,73,0,1,0,17,1,1,1,998984,1
empty,275,2,401014001009080,9008348300220400,4,73,1,1,0,17,1,1,1,998984,7
empty,275,3,401014001009080,9008348300220400,4,74,0,1,0,19,1,1,1,998982,1
empty,275,4,401014001009080,9008348300220400,13,74,1,1,1,18,0,0,1,-998983,8
empty,275,5,401014001009080,9008348300220400,13,73,0,1,0,17,0,0,1,998984,1
empty,276,0,840004580280000,4021000078010ac,13,76,1,1,0,21,0,0,1,998980,8
empty,276,1,840004580280000,4021000078010ac,13,77,0,1,1,20,1,1,1,-998981,0
empty,276,2,840004580280000,4021000078010ac,4,77,1,1,0,19,1,1,1,998982,7
empty,276,3,840004580280000,4021000078010ac,4,76,0,1,1,22,1,1,1,-998979,1
empty,276,4,840004580280000,4021000078010ac,13,76,1,1,0,21,0,0,1,998980,8
empty,276,5,840004580280000,4021000078010ac,13,75,0,1,1,24,1,1,1,-998977,0
empty,277,0,2440492254418a01,4000800000020,5,74,1,1,1,22,0,0,1,-998979,8
empty,277,1,2440492254418a01,4000800000020,5,73,0,1,0,21,1,1,1,998980,1
empty,277,2,2440492254418a01,4000800000020,4,73,1,1,1,24,1,1,1,-998977,7
empty,277,3,2440492254418a01,4000800000020,4,72,0,1,0,23,1,1,1,998978,1
empty,277,4,2440492254418a01,4000800000020,5,72,1,1,1,22,1,1,1,-998979,7
empty,277,5,2440492254418a01,4000800000020,5,73,0,1,0,21,1,1,1,998980,1
empty,278,0,1080800a02a00a,820000c0214214,13,67,0,1,0,17,0,1,1,998984,2
empty,278,1,1080800a02a00a,820000c0214214,12,67,1,1,1,20,0,0,1,-998981,8
empty,278,2,1080800a02a00a,820000c0214214,12,66,0,1,0,19,0,1,1,998982,2
empty,278,3,1080800a02a00a,820000c0214214,21,66,1,1,1,18,0,1,1,-998983,6
empty,278,4,1080800a02a00a,820000c0214214,21,57,0,1,0,17,0,1,1,998984,3
empty,278,5,1080800a02a00a,820000c0214214,20,57,1,1,0,17,0,1,1,998984,5
empty,279,0,2144020800041082,4100020c6000029,21,78,1,1,1,18,0,0,1,-998983,8
empty,279,1,2144020800041082,4100020c6000029,21,77,0,1,0,17,0,0,1,998984,2
empty,279,2,2144020800041082,4100020c6000029,22,77,1,1,1,16,0,0,1,-998985,8
empty,279,3,2144020800041082,4100020c6000029,22,78,0,1,0,15,0,1,1,998986,3
empty,279,4,2144020800041082,4100020c6000029,23,78,1,1,1,14,0,0,1,-998987,8
empty,279,5,2144020800041082,4100020c6000029,23,79,0,1,0,13,0,1,1,998988,3
empty,280,0,a14000212201004,8400f00044100200,13,76,1,1,0,21,0,0,1,998980,8
empty,280,1,a14000212201004,8400f00044100200,13,77,0,1,1,20,0,0,1,-998981,0
empty,280,2,a14000212201004,8400f00044100200,4,77,1,1,0,19,1,1,1,998982,7
empty,280,3,a14000212201004,8400f00044100200,4,76,0,1,1,22,1,1,1,-998979,1
empty,280,4,a14000212201004,8400f00044100200,13,76,1,1,0,21,0,0,1,998980,8
empty,280,5,a14000212201004,8400f00044100200,13,75,0,1,0,19,0,0,1,998982,1
empty,281,0,4040000408240001,228160156000088,15,67,0,1,0,17,0,1,1,998984,2
empty,281,1,4040000408240001,228160156000088,14,67,1,1,0,19,1,1,1,998982,7
empty,281,2,4040000408240001,228160156000088,14,68,0,1,1,18,1,1,1,-998983,0
empty,281,3,4040000408240001,228160156000088,13,68,1,1,0,17,0,1,1,998984,6
empty,281,4,4040000408240001,228160156000088,13,67,0,1,0,19,0,1,1,998982,2
empty,281,5,4040000408240001,228160156000088,22,67,1,1,1,18,0,1,1,-998983,6
empty,282,0,2100454120800024,81080048051200,11,77,0,1,1,18,0,1,1,-998983,2
empty,282,1,2100454120800024,81080048051200,12,77,1,1,0,17,0,0,1,998984,8
empty,282,2,2100454120800024,81080048051200,12,76,0,1,1,16,0,1,1,-998985,2
empty,282,3,2100454120800024,81080048051200,11,76,1,1,0,15,1,1,1,998986,7
empty,282,4,2100454120800024,81080048051200,11,75,0,1,1,18,0,1,1,-998983,2
empty,282,5,2100454120800024,81080048051200,12,75,1,1,0,17,1,1,1,998984,7
empty,283,0,4a2001102002444,4011200018208800,3,75,0,1,1,24,0,0,1,-998977,0
empty,283,1,4a2001102002444,4011200018208800,4,75,1,1,0,23,0,0,1,998978,8
empty,283,2,4a2001102002444,4011200018208800,4,74,0,1,1,26,1,1,1,-998975,1
empty,283,3,4a2001102002444,4011200018208800,5,74,1,1,0,25,0,0,1,998976,8
empty,283,4,4a2001102002444,4011200018208800,5,75,0,1,1,24,1,1,1,-998977,1
empty,283,5,4a2001102002444,4011200018208800,6,75,1,1,0,23,0,0,1,998978,8
empty,284,0,4a40208040100022,2084010600c40080,11,76,1,1,1,18,0,0,1,-998983,8
empty,284,1,4a40208040100022,2084010600c40080,11,77,0,1,0,17,0,1,1,998984,2
empty,284,2,4a40208040100022,2084010600c40080,12,77,1,1,0,19,1,1,1,998982,7
empty,284,3,4a40208040100022,2084010600c40080,12,76,0,1,0,17,0,1,1,998984,2
empty,284,4,4a40208040100022,2084010600c40080,11,76,1,1,1,18,0,0,1,-998983,8
empty,284,5,4a40208040100022,2084010600c40080,11,77,0,1,0,17,0,1,1,998984,2
empty,285,0,24a1140082809100,110018014000200,21,66,1,1,0,23,0,1,1,998978,6
empty,285,1,24a1140082809100,110018014000200,21,65,0,1,1,22,1,1,1,-998979,1
empty,285,2,24a1140082809100,110018014000200,30,65,1,1,0,21,0,1,1,998980,6
empty,285,3,24a1140082809100,110018014000200,30,56,0,1,1,20,0,1,1,-998981,2
empty,285,4,24a1140082809100,110018014000200,31,56,1,1,0,19,0,0,1,998982,6
empty,285,5,24a1140082809100,110018014000200,31,65,0,1,1,22,0,1,1,-998979,2
empty,286,0,441802005800541,14088460000004,12,56,0,1,0,15,0,0,1,998986,1
empty,286,1,441802005800541,14088460000004,13,56,1,1,1,14,0,1,1,-998987,5
empty,286,2,441802005800541,14088460000004,13,55,0,1,0,13,0,1,1,998988,2
empty,286,3,441802005800541,14088460000004,14,55,1,1,1,16,0,1,1,-998985,5
empty,286,4,441802005800541,14088460000004,14,46,0,1,0,15,0,1,1,998986,2
empty,286,5,441802005800541,14088460000004,15,46,1,1,1,18,0,1,1,-998983,4
empty,287,0,220022002510,164004408440260,13,68,1,1,1,14,0,1,1,-998987,6
empty,287,1,220022002510,164004408440260,13,77,0,1,0,13,0,1,1,998988,2
empty,287,2,220022002510,164004408440260,22,77,1,1,1,12,1,1,1,-998989,7
empty,287,3,220022002510,164004408440260,22,68,0,1,0,11,0,1,1,998990,3
empty,287,4,220022002510,164004408440260,23,68,1,1,1,14,0,1,1,-998987,6
empty,287,5,220022002510,164004408440260,23,59,0,1,0,13,0,1,1,998988,3
empty,288,0,208490004010240,60003a01208021,14,75,1,1,1,14,1,1,1,-998987,7
empty,288,1,208490004010240,60003a01208021,14,66,0,1,0,13,0,1,1,998988,2
empty,288,2,208490004010240,60003a01208021,23,66,1,1,1,12,0,0,1,-998989,8
empty,288,3,208490004010240,60003a01208021,23,67,0,1,0,11,0,1,1,998990,3
empty,288,4,208490004010240,60003a01208021,14,67,1,1,0,15,0,0,1,998986,7
empty,288,5,208490004010240,60003a01208021,14,76,0,1,0,13,0,1,1,998988,2
empty,289,0,90a8289012008100,2200002000920040,13,57,0,1,1,16,1,1,1,-998985,0
empty,289,1,90a8289012008100,2200002000920040,4,57,1,1,0,15,0,0,1,998986,6
empty,289,2,90a8289012008100,2200002000920040,4,56,0,1,1,14,1,1,1,-998987,1
empty,289,3,90a8289012008100,2200002000920040,13,56,1,1,0,13,0,1,1,998988,5
empty,289,4,90a8289012008100,2200002000920040,13,65,0,1,1,16,1,1,1,-998985,0
empty,289,5,90a8289012008100,2200002000920040,12,65,1,1,0,15,0,1,1,998986,6
empty,290,0,241100000081040,c408200a20162100,13,59,0,1,0,19,0,0,1,998982,1
empty,290,1,241100000081040,c408200a20162100,4,59,1,1,1,22,0,0,1,-998979,7
empty,290,2,241100000081040,c408200a20162100,4,58,0,1,0,21,1,1,1,998980,1
empty,290,3,241100000081040,c408200a20162100,13,58,1,1,1,20,0,0,1,-998981,7
empty,290,4,241100000081040,c408200a20162100,13,59,0,1,0,19,0,0,1,998982,1
empty,290,5,241100000081040,c408200a20162100,14,59,1,1,1,22,0,0,1,-998979,7
empty,291,0,4800212404448040,c1000800a80420,12,63,1,1,1,20,1,1,1,-998981,8
empty,291,1,4800212404448040,c1000800a80420,12,72,0,1,0,19,1,1,1,998982,1
empty,291,2,4800212404448040,c1000800a80420,21,72,1,1,1,22,1,1,1,-998979,7
empty,291,3,4800212404448040,c1000800a80420,21,63,0,1,0,21,0,0,1,998980,1
empty,291,4,4800212404448040,c1000800a80420,12,63,1,1,1,20,1,1,1,-998981,8
empty,291,5,4800212404448040,c1000800a80420,12,72,0,1,0,19,1,1,1,998982,1
empty,292,0,8908024000108000,a409320c204000,14,77,1,1,0,25,1,1,1,998976,8
empty,292,1,8908024000108000,a409320c204000,14,76,0,1,0,23,1,1,1,998978,1
empty,292,2,8908024000108000,a409320c204000,23,76,1,1,0,23,0,0,1,998978,8
empty,292,3,8908024000108000,a409320c204000,23,77,0,1,1,26,0,0,1,-998975,1
empty,292,4,8908024000108000,a409320c204000,22,77,1,1,0,25,1,1,1,998976,8
empty,292,5,8908024000108000,a409320c204000,22,78,0,1,0,23,0,0,1,998978,2
empty,293,0,2081004120001080,2040a0012688006,3,51,0,1,0,15,1,1,1,998986,1
empty,293,1,2081004120001080,2040a0012688006,12,51,1,1,1,14,0,0,1,-998987,6
empty,293,2,2081004120001080,2040a0012688006,12,60,0,1,0,13,0,1,1,998988,2
empty,293,3,2081004120001080,2040a0012688006,13,60,1,1,1,16,0,1,1,-998985,5
empty,293,4,2081004120001080,2040a0012688006,13,59,0,1,0,15,0,0,1,998986,1
empty,293,5,2081004120001080,2040a0012688006,12,59,1,1,1,14,0,1,1,-998987,5
empty,294,0,809410009018281,200004020420046,22,78,0,1,0,13,0,1,1,998988,3
empty,294,1,809410009018281,200004020420046,31,78,1,1,1,12,1,1,1,-998989,7
empty,294,2,809410009018281,200004020420046,31,79,0,1,0,11,0,0,1,998990,3
empty,294,3,809410009018281,200004020420046,30,79,1,1,1,12,1,1,1,-998989,7
empty,294,4,809410009018281,200004020420046,30,80,0,1,0,11,0,0,1,998990,3
empty,294,5,809410009018281,200004020420046,31,80,1,1,1,12,1,1,1,-998989,7
empty,295,0,81010a0004420800,802010040192052,4,76,0,1,1,18,1,1,1,-998983,1
empty,295,1,81010a0004420800,802010040192052,3,76,1,1,0,17,1,1,1,998984,7
empty,295,2,81010a0004420800,802010040192052,3,67,0,1,1,16,1,1,1,-998985,1
empty,295,3,81010a0004420800,802010040192052,4,67,1,1,0,15,0,1,1,998986,6
empty,295,4,81010a0004420800,802010040192052,4,68,0,1,1,14,1,1,1,-998987,1
empty,295,5,81010a0004420800,802010040192052,3,68,1,1,0,13,0,1,1,998988,6
empty,296,0,1420101102004221,601c200801800,12,73,1,1,1,20,1,1,1,-998981,7
empty,296,1,1420101102004221,601c200801800,12,64,0,1,0,19,0,1,1,998982,2
empty,296,2,1420101102004221,601c200801800,11,64,1,1,1,22,0,1,1,-998979,6
empty,296,3,1420101102004221,601c200801800,11,55,0,1,0,21,0,0,1,998980,1
empty,296,4,1420101102004221,601c200801800,2,55,1,1,1,24,0,1,1,-998977,5
empty,296,5,1420101102004221,601c200801800,2,64,0,1,0,23,1,1,1,998978,1
empty,297,0,902000420a0010a,400160100a5400,30,80,0,1,0,13,0,1,1,998988,4
empty,297,1,902000420a0010a,400160100a5400,29,80,1,1,1,16,1,1,1,-998985,7
empty,297,2,902000420a0010a,400160100a5400,29,71,0,1,0,15,0,1,1,998986,4
empty,297,3,902000420a0010a,400160100a5400,38,71,1,1,1,14,0,1,1,-998987,6
empty,297,4,902000420a0010a,400160100a5400,38,70,0,1,0,13,0,0,1,998988,4
empty,297,5,902000420a0010a,400160100a5400,39,70,1,1,1,12,0,1,1,-998989,6
empty,298,0,140a00a440004820,40250208421000,7,75,0,1,1,22,1,1,1,-998979,1
empty,298,1,140a00a440004820,40250208421000,8,75,1,1,0,21,0,0,1,998980,8
empty,298,2,140a00a440004820,40250208421000,8,74,0,1,1,20,1,1,1,-998981,1
empty,298,3,140a00a440004820,40250208421000,7,74,1,1,0,19,0,0,1,998982,8
empty,298,4,140a00a440004820,40250208421000,7,73,0,1,1,18,1,1,1,-998983,1
empty,298,5,140a00a440004820,40250208421000,8,73,1,1,0,17,1,1,1,998984,7
empty,299,0,400005140844814,900820011400300,22,74,0,1,0,15,0,1,1,998986,3
empty,299,1,400005140844814,900820011400300,23,74,1,1,1,18,0,0,1,-998983,8
empty,299,2,400005140844814,900820011400300,23,73,0,1,0,17,0,1,1,998984,3
empty,299,3,400005140844814,900820011400300,22,73,1,1,1,16,1,1,1,-998985,7
empty,299,4,400005140844814,900820011400300,22,74,0,1,0,15,0,1,1,998986,3
empty,299,5,400005140844814,900820011400300,21,74,1,1,1,18,0,0,1,-998983,8
empty,300,0,4204402208812802,800500a0508000,7,57,0,1,1,16,1,1,1,-998985,1
empty,300,1,4204402208812802,800500a0508000,8,57,1,1,0,15,0,1,1,998986,5
empty,300,2,4204402208812802,800500a0508000,8,58,0,1,1,18,1,1,1,-998983,1
empty,300,3,4204402208812802,800500a0508000,7,58,1,1,0,17,0,1,1,998984,5
empty,300,4,4204402208812802,800500a0508000,7,67,0,1,1,20,1,1,1,-998981,1
empty,300,5,4204402208812802,800500a0508000,16,67,1,1,0,19,0,1,1,998982,6
empty,301,0,9209200800420095,4000020026000820,8,75,1,1,0,29,1,1,1,998972,7
empty,301,1,9209200800420095,4000020026000820,8,66,0,1,1,28,0,0,1,-998973,0
empty,301,2,9209200800420095,4000020026000820,7,66,1,1,0,27,0,0,1,998974,7
empty,301,3,9209200800420095,4000020026000820,7,75,0,1,0,25,0,0,1,998976,0
empty,301,4,9209200800420095,4000020026000820,6,75,1,1,1,24,1,1,1,-998977,7
empty,301,5,9209200800420095,4000020026000820,6,76,0,1,0,23,1,1,1,998978,1
empty,302,0,520080021282a4,2008304000240800,8,68,0,1,1,26,0,0,1,-998975,0
empty,302,1,520080021282a4,2008304000240800,7,68,1,1,0,25,0,0,1,998976,8
empty,302,2,520080021282a4,2008304000240800,7,77,0,1,1,24,0,0,1,-998977,0
empty,302,3,520080021282a4,2008304000240800,6,77,1,1,0,23,1,1,1,998978,8
empty,302,4,520080021282a4,2008304000240800,6,68,0,1,1,26,0,0,1,-998975,0
empty,302,5,520080021282a4,2008304000240800,5,68,1,1,0,25,0,0,1,998976,8
empty,303,0,4a08092a0041002a,201c6000,5,78,1,1,0,19,0,0,1,998982,8
empty,303,1,4a08092a0041002a,201c6000,5,79,0,1,1,18,0,0,1,-998983,0
empty,303,2,4a08092a0041002a,201c6000,4,79,1,1,0,17,0,0,1,998984,8
empty,303,3,4a08092a0041002a,201c6000,4,78,0,1,1,20,0,0,1,-998981,0
empty,303,4,4a08092a0041002a,201c6000,5,78,1,1,0,19,0,0,1,998982,8
empty,303,5,4a08092a0041002a,201c6000,5,79,0,1,1,18,0,0,1,-998983,0
empty,304,0,208502a0400000,845100a000b14000,14,76,0,1,1,16,1,1,1,-998985,0
empty,304,1,208502a0400000,845100a000b14000,13,76,1,1,0,15,1,1,1,998986,7
empty,304,2,208502a0400000,845100a000b14000,13,77,0,1,0,13,0,1,1,998988,2
empty,304,3,208502a0400000,845100a000b14000,14,77,1,1,0,17,1,1,1,998984,8
empty,304,4,208502a0400000,845100a000b14000,14,78,0,1,0,15,1,1,1,998986,1
empty,304,5,208502a0400000,845100a000b14000,5,78,1,1,0,19,1,1,1,998982,8
empty,305,0,411858208004008,840122000180220,22,66,0,1,1,18,1,1,1,-998983,1
empty,305,1,411858208004008,840122000180220,31,66,1,1,0,17,0,1,1,998984,6
empty,305,2,411858208004008,840122000180220,31,57,0,1,1,16,0,0,1,-998985,2
empty,305,3,411858208004008,840122000180220,22,57,1,1,0,15,0,0,1,998986,6
empty,305,4,411858208004008,840122000180220,22,66,0,1,1,18,1,1,1,-998983,1
empty,305,5,411858208004008,840122000180220,13,66,1,1,0,17,0,1,1,998984,6
empty,306,0,4800000049802288,1008208300c0110,6,75,1,1,0,21,0,0,1,998980,8
empty,306,1,4800000049802288,1008208300c0110,6,74,0,1,1,20,1,1,1,-998981,1
empty,306,2,4800000049802288,1008208300c0110,5,74,1,1,0,19,1,1,1,998982,7
empty,306,3,4800000049802288,1008208300c0110,5,73,0,1,1,22,1,1,1,-998979,1
empty,306,4,4800000049802288,1008208300c0110,6,73,1,1,0,21,1,1,1,998980,7
empty,306,5,4800000049802288,1008208300c0110,6,74,0,1,1,20,1,1,1,-998981,1
empty,307,0,1480020820908000,2600805d000018,22,77,1,1,1,20,0,0,1,-998981,8
empty,307,1,1480020820908000,2600805d000018,22,76,0,1,0,19,0,0,1,998982,2
empty,307,2,1480020820908000,2600805d000018,21,76,1,1,1,18,0,0,1,-998983,8
empty,307,3,1480020820908000,2600805d000018,21,75,0,1,0,17,0,1,1,998984,2
empty,307,4,1480020820908000,2600805d000018,20,75,1,1,1,16,0,0,1,-998985,8
empty,307,5,1480020820908000,2600805d000018,20,76,0,1,0,15,0,1,1,998986,3
empty,308,0,4044200240404000,240284000201340a,6,49,1,1,0,9,0,1,1,998992,4
empty,308,1,4044200240404000,240284000201340a,6,50,0,1,1,10,1,1,1,-998991,1
empty,308,2,4044200240404000,240284000201340a,5,50,1,1,0,9,0,1,1,998992,4
empty,308,3,4044200240404000,240284000201340a,5,51,0,1,1,12,1,1,1,-998989,1
empty,308,4,4044200240404000,240284000201340a,4,51,1,1,0,11,0,1,1,998990,4
empty,308,5,4044200240404000,240284000201340a,4,42,0,1,1,10,1,1,1,-998991,1
empty,309,0,10508a054095040,400000001408012,11,67,0,1,0,21,0,1,1,998980,2
empty,309,1,10508a054095040,400000001408012,2,67,1,1,0,23,0,1,1,998978,6
empty,309,2,10508a054095040,400000001408012,2,76,0,1,0,23,1,1,1,998978,1
empty,309,3,10508a054095040,400000001408012,11,76,1,1,1,22,1,1,1,-998979,7
empty,309,4,10508a054095040,400000001408012,11,67,0,1,0,21,0,1,1,998980,2
empty,309,5,10508a054095040,400000001408012,12,67,1,1,0,23,0,1,1,998978,6
empty,310,0,1048020810004049,2802104600100880,14,73,1,1,1,20,1,1,1,-998981,7
empty,310,1,1048020810004049,2802104600100880,14,64,0,1,0,19,0,1,1,998982,2
empty,310,2,1048020810004049,2802104600100880,13,64,1,1,0,21,0,1,1,998980,6
empty,310,3,1048020810004049,2802104600100880,13,63,0,1,1,20,0,1,1,-998981,2
empty,310,4,1048020810004049,2802104600100880,22,63,1,1,0,19,0,1,1,998982,6
empty,310,5,1048020810004049,2802104600100880,22,72,0,1,1,22,1,1,1,-998979,1
empty,311,0,10222010008110a,800b409002440,32,76,0,1,0,11,0,1,1,998990,3
empty,311,1,10222010008110a,800b409002440,33,76,1,1,1,12,1,1,1,-998989,7
empty,311,2,10222010008110a,800b409002440,33,67,0,1,0,11,0,1,1,998990,4
empty,311,3,10222010008110a,800b409002440,24,67,1,1,1,14,0,1,1,-998987,6
empty,311,4,10222010008110a,800b409002440,24,58,0,1,0,13,0,1,1,998988,3
empty,311,5,10222010008110a,800b409002440,25,58,1,1,1,12,0,1,1,-998989,5
empty,312,0,1002010100020144,1ac007804000c00,39,68,1,1,1,8,0,1,1,-998993,6
empty,312,1,1002010100020144,1ac007804000c00,39,67,0,1,0,7,0,1,1,998994,5
empty,312,2,1002010100020144,1ac007804000c00,48,67,1,1,1,6,0,1,1,-998995,6
empty,312,3,1002010100020144,1ac007804000c00,48,68,0,1,0,5,0,1,1,998996,6
empty,312,4,1002010100020144,1ac007804000c00,57,68,1,1,1,4,0,1,1,-998997,6
empty,312,5,1002010100020144,1ac007804000c00,57,59,0,1,0,3,0,1,1,998998,7
empty,313,0,4520800500000082,800200182004b204,13,57,0,1,1,14,1,1,1,-998987,0
empty,313,1,4520800500000082,800200182004b204,22,57,1,1,0,13,0,1,1,998988,6
empty,313,2,4520800500000082,800200182004b204,22,66,0,1,0,11,0,1,1,998990,3
empty,313,3,4520800500000082,800200182004b204,21,66,1,1,0,15,0,1,1,998986,6
empty,313,4,4520800500000082,800200182004b204,21,57,0,1,1,14,1,1,1,-998987,1
empty,313,5,4520800500000082,800200182004b204,22,57,1,1,0,13,0,1,1,998988,6
empty,314,0,2028840048050,3c400000320086,7,77,0,1,1,20,0,0,1,-998981,0
empty,314,1,2028840048050,3c400000320086,6,77,1,1,0,19,1,1,1,998982,7
empty,314,2,2028840048050,3c400000320086,6,76,0,1,1,22,0,0,1,-998979,0
empty,314,3,2028840048050,3c400000320086,5,76,1,1,0,21,1,1,1,998980,7
empty,314,4,2028840048050,3c400000320086,5,77,0,1,1,20,0,0,1,-998981,0
empty,314,5,2028840048050,3c400000320086,4,77,1,1,0,19,1,1,1,998982,7
empty,315,0,10a0041008144,4284500044000a8,31,75,0,1,0,11,0,1,1,998990,4
empty,315,1,10a0041008144,4284500044000a8,30,75,1,1,1,14,1,1,1,-998987,7
empty,315,2,10a0041008144,4284500044000a8,30,76,0,1,0,13,0,1,1,998988,4
empty,315,3,10a0041008144,4284500044000a8,39,76,1,1,1,12,1,1,1,-998989,7
empty,315,4,10a0041008144,4284500044000a8,39,77,0,1,0,11,0,1,1,998990,5
empty,315,5,10a0041008144,4284500044000a8,40,77,1,1,1,10,1,1,1,-998991,7
empty,316,0,800022214aa00a20,840880048040,5,67,0,1,1,22,0,0,1,-998979,0
empty,316,1,800022214aa00a20,840880048040,6,67,1,1,0,21,0,1,1,998980,6
empty,316,2,800022214aa00a20,840880048040,6,58,0,1,1,20,0,0,1,-998981,0
empty,316,3,800022214aa00a20,840880048040,5,58,1,1,0,19,0,1,1,998982,5
empty,316,4,800022214aa00a20,840880048040,5,59,0,1,1,22,0,0,1,-998979,0
empty,316,5,800022214aa00a20,840880048040,6,59,1,1,0,21,0,0,1,998980,6
empty,317,0,81282000a4280800,482081000821100,14,47,1,1,0,11,0,1,1,998990,4
empty,317,1,81282000a4280800,482081000821100,14,46,0,1,1,10,1,1,1,-998991,0
empty,317,2,81282000a4280800,482081000821100,5,46,1,1,0,9,0,1,1,998992,4
empty,317,3,81282000a4280800,482081000821100,5,37,0,1,1,8,1,1,1,-998993,1
empty,317,4,81282000a4280800,482081000821100,4,37,1,1,0,7,0,1,1,998994,3
empty,317,5,81282000a4280800,482081000821100,4,36,0,1,1,8,1,1,1,-998993,1
empty,318,0,40840000a840212,5082012045000800,8,47,1,1,0,17,0,1,1,998984,5
empty,318,1,40840000a840212,5082012045000800,8,38,0,1,1,20,1,1,1,-998981,1
empty,318,2,40840000a840212,5082012045000800,7,38,1,1,0,19,0,0,1,998982,5
empty,318,3,40840000a840212,5082012045000800,7,47,0,1,1,18,1,1,1,-998983,1
empty,318,4,40840000a840212,5082012045000800,16,47,1,1,0,17,0,1,1,998984,5
empty,318,5,40840000a840212,5082012045000800,16,48,0,1,1,16,1,1,1,-998985,0
empty,319,0,50400000010212,a00e018400d80080,6,76,0,1,1,18,1,1,1,-998983,1
empty,319,1,50400000010212,a00e018400d80080,15,76,1,1,0,17,1,1,1,998984,8
empty,319,2,50400000010212,a00e018400d80080,15,75,0,1,1,16,1,1,1,-998985,0
empty,319,3,50400000010212,a00e018400d80080,6,75,1,1,0,15,1,1,1,998986,7
empty,319,4,50400000010212,a00e018400d80080,6,74,0,1,1,18,1,1,1,-998983,1
empty,319,5,50400000010212,a00e018400d80080,7,74,1,1,0,17,1,1,1,998984,7
empty,320,0,4848005400000281,1006800ca20004,6,60,0,1,1,20,1,1,1,-998981,1
empty,320,1,4848005400000281,1006800ca20004,15,60,1,1,0,19,0,1,1,998982,6
empty,320,2,4848005400000281,1006800ca20004,15,61,0,1,1,18,1,1,1,-998983,0
empty,320,3,4848005400000281,1006800ca20004,16,61,1,1,0,17,0,1,1,998984,6
empty,320,4,4848005400000281,1006800ca20004,16,60,0,1,0,15,1,1,1,998986,1
empty,320,5,4848005400000281,1006800ca20004,17,60,1,1,1,14,0,1,1,-998987,5
empty,321,0,5012901002419008,a80010000822000,5,70,1,1,1,20,0,1,1,-998981,6
empty,321,1,5012901002419008,a80010000822000,5,61,0,1,0,19,1,1,1,998982,1
empty,321,2,5012901002419008,a80010000822000,6,61,1,1,0,21,0,0,1,998980,6
empty,321,3,5012901002419008,a80010000822000,6,70,0,1,0,21,1,1,1,998980,0
empty,321,4,5012901002419008,a80010000822000,7,70,1,1,0,23,0,1,1,998978,6
empty,321,5,5012901002419008,a80010000822000,7,61,0,1,1,22,1,1,1,-998979,1
empty,322,0,50008284242a1020,400200081000148,6,75,1,1,0,21,1,1,1,998980,7
empty,322,1,50008284242a1020,400200081000148,6,66,0,1,1,20,0,0,1,-998981,0
empty,322,2,50008284242a1020,400200081000148,5,66,1,1,0,19,0,1,1,998982,6
empty,322,3,50008284242a1020,400200081000148,5,67,0,1,1,20,0,0,1,-998981,0
empty,322,4,50008284242a1020,400200081000148,4,67,1,1,0,19,0,1,1,998982,6
empty,322,5,50008284242a1020,400200081000148,4,68,0,1,1,18,1,1,1,-998983,1
empty,323,0,2000098148402802,9c0220082008000,10,78,0,1,0,15,0,1,1,998986,2
empty,323,1,2000098148402802,9c0220082008000,19,78,1,1,1,14,0,0,1,-998987,8
empty,323,2,2000098148402802,9c0220082008000,19,77,0,1,0,13,0,1,1,998988,2
empty,323,3,2000098148402802,9c0220082008000,28,77,1,1,1,16,0,0,1,-998985,8
empty,323,4,2000098148402802,9c0220082008000,28,78,0,1,0,15,0,1,1,998986,2
empty,323,5,2000098148402802,9c0220082008000,19,78,1,1,1,14,0,0,1,-998987,8
empty,324,0,401444000000005,198000200c804832,31,56,1,1,1,10,0,0,1,-998991,7
empty,324,1,401444000000005,198000200c804832,31,57,0,1,0,9,0,1,1,998992,4
empty,324,2,401444000000005,198000200c804832,40,57,1,1,1,8,0,0,1,-998993,7
empty,324,3,401444000000005,198000200c804832,40,58,0,1,0,7,0,1,1,998994,5
empty,324,4,401444000000005,198000200c804832,49,58,1,1,1,6,0,1,1,-998995,4
empty,324,5,401444000000005,198000200c804832,49,59,0,1,0,5,0,1,1,998996,6
empty,325,0,4500282012080128,1044004230001,3,66,1,1,0,21,0,1,1,998980,6
empty,325,1,4500282012080128,1044004230001,3,65,0,1,1,24,0,0,1,-998977,0
empty,325,2,4500282012080128,1044004230001,4,65,1,1,0,23,1,1,1,998978,7
empty,325,3,4500282012080128,1044004230001,4,56,0,1,0,23,0,0,1,998978,0
empty,325,4,4500282012080128,1044004230001,5,56,1,1,1,22,0,1,1,-998979,5
empty,325,5,4500282012080128,1044004230001,5,47,0,1,0,21,0,0,1,998980,0
empty,326,0,9110a91209020,442200000480100,3,67,0,1,0,21,1,1,1,998980,1
empty,326,1,9110a91209020,442200000480100,4,67,1,1,0,23,0,0,1,998978,7
empty,326,2,9110a91209020,442200000480100,4,68,0,1,1,22,1,1,1,-998979,1
empty,326,3,9110a91209020,442200000480100,3,68,1,1,0,21,1,1,1,998980,7
empty,326,4,9110a91209020,442200000480100,3,67,0,1,0,21,1,1,1,998980,1
empty,326,5,9110a91209020,442200000480100,12,67,1,1,1,20,0,0,1,-998981,8
empty,327,0,504008202008904,231400000061021,12,68,0,1,1,14,0,0,1,-998987,1
empty,327,1,504008202008904,231400000061021,13,68,1,1,0,13,0,1,1,998988,6
empty,327,2,504008202008904,231400000061021,13,77,0,1,1,16,0,0,1,-998985,0
empty,327,3,504008202008904,231400000061021,4,77,1,1,0,15,1,1,1,998986,7
empty,327,4,504008202008904,231400000061021,4,78,0,1,1,16,1,1,1,-998985,1
empty,327,5,504008202008904,231400000061021,13,78,1,1,0,15,1,1,1,998986,7
empty,328,0,8802001002000880,4220c0082040850a,12,75,1,1,0,21,0,0,1,998980,8
empty,328,1,8802001002000880,4220c0082040850a,12,74,0,1,1,20,0,0,1,-998981,0
empty,328,2,8802001002000880,4220c0082040850a,3,74,1,1,0,19,1,1,1,998982,7
empty,328,3,8802001002000880,4220c0082040850a,3,75,0,1,0,21,1,1,1,998980,0
empty,328,4,8802001002000880,4220c0082040850a,2,75,1,1,1,20,0,0,1,-998981,8
empty,328,5,8802001002000880,4220c0082040850a,2,76,0,1,0,19,1,1,1,998982,1
empty,329,0,420108202a222100,100010010400020d,14,58,0,1,0,19,0,0,1,998982,1
empty,329,1,420108202a222100,100010010400020d,13,58,1,1,1,22,0,0,1,-998979,7
empty,329,2,420108202a222100,100010010400020d,13,57,0,1,0,21,0,1,1,998980,2
empty,329,3,420108202a222100,100010010400020d,4,57,1,1,1,24,0,0,1,-998977,7
empty,329,4,420108202a222100,100010010400020d,4,58,0,1,0,23,1,1,1,998978,1
empty,329,5,420108202a222100,100010010400020d,13,58,1,1,1,22,0,0,1,-998979,7
empty,330,0,a4100080250200a,a0004000802a8004,16,58,0,1,0,19,1,1,1,998982,0
empty,330,1,a4100080250200a,a0004000802a8004,7,58,1,1,1,18,0,1,1,-998983,5
empty,330,2,a4100080250200a,a0004000802a8004,7,59,0,1,0,17,1,1,1,998984,0
empty,330,3,a4100080250200a,a0004000802a8004,8,59,1,1,1,16,0,1,1,-998985,5
empty,330,4,a4100080250200a,a0004000802a8004,8,60,0,1,0,15,1,1,1,998986,1
empty,330,5,a4100080250200a,a0004000802a8004,7,60,1,1,0,19,0,1,1,998982,5
empty,331,0,51080008410005,4026900040800230,32,68,0,1,0,15,0,1,1,998986,4
empty,331,1,51080008410005,4026900040800230,31,68,1,1,1,14,0,0,1,-998987,8
empty,331,2,51080008410005,4026900040800230,31,77,0,1,0,13,0,0,1,998988,3
empty,331,3,51080008410005,4026900040800230,22,77,1,1,1,16,1,1,1,-998985,7
empty,331,4,51080008410005,4026900040800230,22,76,0,1,0,15,0,1,1,998986,3
empty,331,5,51080008410005,4026900040800230,13,76,1,1,1,18,1,1,1,-998983,7
empty,332,0,821080000104,6186000402082648,5,76,1,1,0,19,1,1,1,998982,7
empty,332,1,821080000104,6186000402082648,5,77,0,1,1,18,1,1,1,-998983,1
empty,332,2,821080000104,6186000402082648,14,77,1,1,0,17,1,1,1,998984,7
empty,332,3,821080000104,6186000402082648,14,68,0,1,1,16,1,1,1,-998985,0
empty,332,4,821080000104,6186000402082648,13,68,1,1,0,15,0,1,1,998986,6
empty,332,5,821080000104,6186000402082648,13,67,0,1,0,15,0,1,1,998986,2
empty,333,0,a0524040000800,840800b10015201,21,76,1,1,1,12,1,1,1,-998989,7
empty,333,1,a0524040000800,840800b10015201,21,77,0,1,0,11,0,1,1,998990,3
empty,333,2,a0524040000800,840800b10015201,22,77,1,1,1,14,1,1,1,-998987,7
empty,333,3,a0524040000800,840800b10015201,22,78,0,1,0,13,0,1,1,998988,3
empty,333,4,a0524040000800,840800b10015201,21,78,1,1,1,12,1,1,1,-998989,7
empty,333,5,a0524040000800,840800b10015201,21,79,0,1,0,11,0,1,1,998990,3
empty,334,0,2a28402280090042,8040200400140800,13,57,0,1,1,18,1,1,1,-998983,1
empty,334,1,2a28402280090042,8040200400140800,14,57,1,1,0,17,0,1,1,998984,5
empty,334,2,2a28402280090042,8040200400140800,14,56,0,1,1,20,1,1,1,-998981,0
empty,334,3,2a28402280090042,8040200400140800,13,56,1,1,0,19,0,1,1,998982,6
empty,334,4,2a28402280090042,8040200400140800,13,65,0,1,1,22,1,1,1,-998979,0
empty,334,5,2a28402280090042,8040200400140800,22,65,1,1,0,21,0,1,1,998980,6
empty,335,0,1000040100881220,40a2580080600048,22,57,1,1,1,16,0,0,1,-998985,7
empty,335,1,1000040100881220,40a2580080600048,22,56,0,1,0,15,0,0,1,998986,2
empty,335,2,1000040100881220,40a2580080600048,21,56,1,1,1,16,0,0,1,-998985,7
empty,335,3,1000040100881220,40a2580080600048,21,65,0,1,0,15,0,0,1,998986,2
empty,335,4,1000040100881220,40a2580080600048,12,65,1,1,1,18,0,1,1,-998983,6
empty,335,5,1000040100881220,40a2580080600048,12,74,0,1,0,17,0,1,1,998984,2
empty,336,0,40000a2001481088,6c8110240040000,5,76,1,1,1,22,1,1,1,-998979,7
empty,336,1,40000a2001481088,6c8110240040000,5,77,0,1,0,21,1,1,1,998980,1
empty,336,2,40000a2001481088,6c8110240040000,6,77,1,1,1,20,1,1,1,-998981,7
empty,336,3,40000a2001481088,6c8110240040000,6,76,0,1,0,19,1,1,1,998982,1
empty,336,4,40000a2001481088,6c8110240040000,5,76,1,1,1,22,1,1,1,-998979,7
empty,336,5,40000a2001481088,6c8110240040000,5,67,0,1,0,21,1,1,1,998980,1
empty,337,0,52400a0010902888,2000500080200120,14,59,1,1,0,17,0,1,1,998984,5
empty,337,1,52400a0010902888,2000500080200120,14,50,0,1,1,16,0,0,1,-998985,0
empty,337,2,52400a0010902888,2000500080200120,13,50,1,1,0,15,0,1,1,998986,4
empty,337,3,52400a0010902888,2000500080200120,13,59,0,1,1,18,0,0,1,-998983,1
empty,337,4,52400a0010902888,2000500080200120,12,59,1,1,0,17,0,1,1,998984,5
empty,337,5,52400a0010902888,2000500080200120,12,50,0,1,1,16,0,0,1,-998985,1
empty,338,0,8008818022808400,106411024880,24,66,0,1,1,20,1,1,1,-998981,1
empty,338,1,8008818022808400,106411024880,23,66,1,1,0,19,0,0,1,998982,7
empty,338,2,8008818022808400,106411024880,23,75,0,1,0,17,0,1,1,998984,2
empty,338,3,8008818022808400,106411024880,22,75,1,1,1,16,1,1,1,-998985,7
empty,338,4,8008818022808400,106411024880,22,66,0,1,0,15,0,1,1,998986,3
empty,338,5,8008818022808400,106411024880,31,66,1,1,1,14,0,0,1,-998987,8
empty,339,0,412842209088214,9000500000820,25,69,0,1,0,13,0,1,1,998988,3
empty,339,1,412842209088214,9000500000820,26,69,1,1,1,18,0,1,1,-998983,6
empty,339,2,412842209088214,9000500000820,26,78,0,1,0,15,0,1,1,998986,3
empty,339,3,412842209088214,9000500000820,25,78,1,1,1,14,1,1,1,-998987,7
empty,339,4,412842209088214,9000500000820,25,79,0,1,0,13,0,1,1,998988,3
empty,339,5,412842209088214,9000500000820,24,79,1,1,1,16,1,1,1,-998985,7
quasi,0,0,84001080208040,8002000022502100,4,76,1,2,-9,-9,1,1,-9,-9,7,9,10,9,2,3
quasi,1,0,8002440a2100a8,1a00100000000,4,76,1,2,-9,-9,1,1,-9,-9,7,12,12,23,2,3
quasi,2,0,28220850,1448008200000108,4,76,1,2,-9,-9,0,1,-9,-9,0,12,12,53,2,3
quasi,3,0,1014008000000000,201021009205028,4,76,1,2,-9,-9,0,0,-9,-9,0,10,10,3,2,3
quasi,4,0,a28400010040000,c004000000084380,4,76,1,2,-9,-9,0,0,-9,-9,8,12,12,-8,2,3
quasi,5,0,214040804010000,e0020000200488,4,76,1,2,-9,-9,1,1,-9,-9,8,10,10,6,2,3
quasi,6,0,9000002040208000,4c1000400c02100,4,76,1,2,-9,-9,0,0,-9,-9,0,9,9,-16,2,3
quasi,7,0,800848000000a010,4100844201000040,13,76,0,2,-9,-9,0,1,-9,-9,2,8,10,48,3,2
quasi,8,0,22040949042002,100220010000,4,76,1,2,-9,-9,1,1,-9,-9,7,12,11,5,2,3
quasi,9,0,28000200004a00,9c00005000100c0,4,76,1,2,-9,-9,0,1,-9,-9,0,12,11,2,2,3
quasi,10,0,4404002100218020,280084000400080,4,76,1,2,-9,-9,1,1,-9,-9,7,8,8,6,2,3
quasi,11,0,880001101840010,8000402000000245,4,76,1,2,-9,-9,0,0,-9,-9,0,10,10,20,2,3
quasi,12,0,1420020240008000,8000019c4000,4,75,1,2,-9,-9,0,0,-9,-9,0,11,10,-10,2,4
quasi,13,0,5000801080019448,208140000000,4,76,1,2,-9,-9,0,0,-9,-9,8,11,12,18,2,3
quasi,14,0,208214000a40,11460040000008,4,76,1,2,-9,-9,1,1,-9,-9,7,11,12,43,2,3
quasi,15,0,8484540000004112,24008000001,4,76,1,2,-9,-9,0,1,-9,-9,0,12,11,26,2,3
quasi,16,0,2020022420000004,401180040080021,4,76,1,2,-9,-9,0,1,-9,-9,0,8,8,35,2,3
quasi,17,0,8008200200000010,320000010e1000c,5,76,0,2,-9,-9,0,0,-9,-9,0,11,11,-14,3,2
quasi,18,0,10008010001091,2001420401400040,4,76,1,2,-9,-9,1,1,-9,-9,8,9,9,8,2,3
quasi,19,0,a9410222800,102004001000,4,75,1,2,-9,-9,1,1,-9,-9,7,11,12,29,2,4
quasi,20,0,100022801400208,3000a00040000024,4,76,1,2,-9,-9,1,1,-9,-9,8,12,12,8,2,3
quasi,21,0,2802888200000,120800400041000a,4,76,1,2,-9,-9,0,1,-9,-9,0,10,11,46,2,3
quasi,22,0,20022200002,840a10204400a00,4,76,1,2,-9,-9,1,1,-9,-9,8,8,8,6,2,3
quasi,23,0,120000000010000,10860000001840b3,13,76,0,2,-9,-9,1,1,-9,-9,0,7,8,29,3,2
quasi,24,0,8150000021044,8040000000c0082,2,76,0,2,-9,-9,0,0,-9,-9,0,12,11,-20,4,2
quasi,25,0,4000400001142404,244a00120,4,76,1,2,-9,-9,1,1,-9,-9,7,11,12,36,2,3
quasi,26,0,20898000000014,3402000500801000,4,76,1,2,-9,-9,0,1,-9,-9,0,10,11,38,2,3
quasi,27,0,14001000808009,140304001081000,5,76,0,2,-9,-9,1,1,-9,-9,0,9,10,17,3,2
quasi,28,0,a000020200088020,208003006800040,5,76,0,2,-9,-9,0,0,-9,-9,0,11,10,4,3,2
quasi,29,0,9000000108824080,41a2008000100000,4,76,1,2,-9,-9,0,0,-9,-9,0,11,10,7,2,3
quasi,30,0,110004200040110,4402158000400000,4,76,1,2,-9,-9,1,1,-9,-9,7,11,11,25,2,3
quasi,31,0,142809040800,480002001e000,13,76,0,2,-9,-9,0,0,-9,-9,0,12,11,10,3,2
quasi,32,0,8001008400004900,a700200100040,4,76,1,2,-9,-9,0,1,-9,-9,0,9,9,23,2,3
quasi,33,0,400208404010200,1000004810040114,4,76,1,2,-9,-9,0,1,-9,-9,0,8,8,2,2,3
quasi,34,0,4280020015000080,1409002000104000,4,76,1,2,-9,-9,0,1,-9,-9,0,10,11,23,2,3
quasi,35,0,2000110104080000,a2480090000408,5,77,1,2,-9,-9,0,0,-9,-9,0,10,10,41,2,3
quasi,36,0,800800082280801,180100018021000,13,76,0,2,-9,-9,0,0,-9,-9,0,11,11,11,3,2
quasi,37,0,420240082208000a,4008010008010,4,76,1,2,-9,-9,0,1,-9,-9,0,11,12,49,2,3
quasi,38,0,1010111000020008,1040084180003,4,76,1,2,-9,-9,0,0,-9,-9,0,10,10,21,2,3
quasi,39,0,4000008002090404,2002500080104080,3,76,0,2,-9,-9,0,0,-9,-9,0,10,9,2,3,2
quasi,40,0,541000001000000,5004082010040028,4,67,1,2,-9,-9,0,1,-9,-9,0,7,8,34,2,4
quasi,41,0,881080004814,4a0000000420100,4,75,1,2,-9,-9,1,1,-9,-9,8,10,11,23,2,4
quasi,42,0,1000005410040080,220003500204,13,76,0,2,-9,-9,1,1,-9,-9,0,11,11,40,3,2
quasi,43,0,208240200202,100004880480140,4,76,1,2,-9,-9,0,1,-9,-9,0,8,8,16,2,3
quasi,44,0,20880020010040,b048000000200c02,4,76,1,2,-9,-9,0,1,-9,-9,0,10,10,16,2,3
quasi,45,0,4440000209904008,8800180000100,4,76,1,2,-9,-9,0,1,-9,-9,0,10,11,15,2,3
quasi,46,0,404004122801010,400005004a00,3,76,0,2,-9,-9,1,1,-9,-9,0,9,9,13,3,2
quasi,47,0,40210040400,4012004488310000,3,76,0,2,-9,-9,1,1,-9,-9,0,11,10,9,3,2
quasi,48,0,2082022012a00420,20100100400000,4,76,1,2,-9,-9,0,1,-9,-9,0,10,9,11,2,3
quasi,49,0,4020000204008920,7000100002004,4,67,1,2,-9,-9,0,1,-9,-9,6,9,10,38,2,4
quasi,50,0,8221012040009104,1000000002100010,4,76,1,2,-9,-9,1,1,-9,-9,7,10,9,33,2,3
quasi,51,0,20021122080000,12010010408210,4,76,1,2,-9,-9,0,1,-9,-9,0,10,11,30,2,3
quasi,52,0,800824402022820,5004000900000000,4,76,1,2,-9,-9,0,0,-9,-9,8,12,12,0,2,3
quasi,53,0,4004000200000001,600380001a8140,3,76,0,2,-9,-9,1,1,-9,-9,1,9,8,28,3,2
quasi,54,0,80a00400004054,80000c0080600,4,77,1,2,-9,-9,0,1,-9,-9,0,12,11,47,2,4
quasi,55,0,9000005000a,441000221c002000,4,76,1,2,-9,-9,0,1,-9,-9,0,9,9,47,2,3
quasi,56,0,404800510,80015201081200,4,76,1,2,-9,-9,1,1,-9,-9,7,9,10,22,2,3
quasi,57,0,484809004800008,1000280300040,4,76,1,2,-9,-9,1,1,-9,-9,7,10,10,37,2,3
quasi,58,0,400148004000000,2054002009804001,4,76,1,2,-9,-9,0,1,-9,-9,0,10,10,-6,2,3
quasi,59,0,800080000480a14,c0000048210008,4,76,1,2,-9,-9,0,0,-9,-9,8,10,11,19,2,3
quasi,60,0,484018000000200,8200902004480080,5,76,0,2,-9,-9,1,1,-9,-9,1,8,8,10,3,2
quasi,61,0,108040800200,2000001024104510,4,67,1,2,-9,-9,0,1,-9,-9,0,8,9,40,2,4
quasi,62,0,280a80280000240,42000041000000a,4,76,1,2,-9,-9,0,1,-9,-9,0,12,12,50,2,3
quasi,63,0,400001000108809,c004110000c00020,4,76,1,2,-9,-9,0,1,-9,-9,0,10,10,16,2,3
quasi,64,0,a000221004000010,110080000000e201,4,76,1,2,-9,-9,0,1,-9,-9,0,10,11,35,2,3
quasi,65,0,520480a010000100,2200408000006,4,76,1,2,-9,-9,0,0,-9,-9,8,11,11,-5,2,3
quasi,66,0,824440000000a01,42000004030088,4,76,1,2,-9,-9,0,0,-9,-9,8,11,11,3,2,3
quasi,67,0,4800100209040040,9040000000c20002,4,76,1,2,-9,-9,0,0,-9,-9,0,13,11,-39,2,3
quasi,68,0,8008880080,1001002480028540,4,76,1,2,-9,-9,0,1,-9,-9,0,9,9,23,2,3
quasi,69,0,55000000000104,800800011049022,4,76,1,2,-9,-9,0,1,-9,-9,0,12,12,100,2,3
quasi,70,0,802050100020220,4000208000411800,4,76,1,2,-9,-9,0,0,-9,-9,0,10,9,8,2,3
quasi,71,0,29008410010800,400080004720,4,76,1,2,-9,-9,1,1,-9,-9,8,12,12,20,2,3
quasi,72,0,1002800200020220,601008000000152,4,76,1,2,-9,-9,0,0,-9,-9,0,9,9,8,2,3
quasi,73,0,1152000000085000,280000508410,4,76,1,2,-9,-9,0,0,-9,-9,8,10,11,28,2,3
quasi,74,0,81012000441001,100000028800280,4,67,1,2,-9,-9,0,1,-9,-9,6,8,10,50,2,4
quasi,75,0,290800440480404,2200000800a000,4,76,1,2,-9,-9,0,1,-9,-9,0,11,10,30,2,3
quasi,76,0,240810440aa0000,e000080000010000,4,76,1,2,-9,-9,0,1,-9,-9,0,12,15,53,2,3
quasi,77,0,8a120448200000,4004000400012,4,77,1,2,-9,-9,0,1,-9,-9,0,11,10,19,2,4
quasi,78,0,20001008404100,480294004000012,4,76,1,2,-9,-9,0,1,-9,-9,0,10,10,7,2,3
quasi,79,0,8110002022000901,280200010002080,3,76,0,2,-9,-9,1,1,-9,-9,0,10,10,-3,3,2
quasi,80,0,942000000205010,c400094080000000,4,76,1,2,-9,-9,0,0,-9,-9,8,11,11,32,2,3
quasi,81,0,4028084000a05000,800800240000900,4,76,1,2,-9,-9,0,1,-9,-9,0,15,10,-34,2,3
quasi,82,0,110000201800052,4400210000281000,4,76,1,2,-9,-9,0,1,-9,-9,0,9,9,31,2,3
quasi,83,0,1482002040880041,4200000400802,13,76,0,2,-9,-9,1,1,-9,-9,0,11,13,32,3,2
quasi,84,0,1001840200000424,30000000040b000,4,67,1,2,-9,-9,0,1,-9,-9,6,7,9,46,2,4
quasi,85,0,5410000100000020,2300400024418,4,76,1,2,-9,-9,0,0,-9,-9,0,12,11,4,2,3
quasi,86,0,420a000200000,4118004010801088,4,76,1,2,-9,-9,1,1,-9,-9,7,8,8,19,2,3
quasi,87,0,a00004010a00004,1000102800440280,4,76,1,2,-9,-9,0,0,-9,-9,0,12,12,-23,2,3
quasi,88,0,20410400002420,c100801200000840,4,76,1,2,-9,-9,0,1,-9,-9,0,8,8,25,2,3
quasi,89,0,1100804024000420,20800a04090,13,75,1,2,-9,-9,0,1,-9,-9,0,9,8,18,2,3
quasi,90,0,2001000a00040882,30802088004000,5,76,0,2,-9,-9,1,1,-9,-9,0,9,9,11,3,2
quasi,91,0,a280800020000202,108004400910,4,76,1,2,-9,-9,1,1,-9,-9,7,8,8,44,2,3
quasi,92,0,10020240100204,182200000a00401,4,76,1,2,-9,-9,0,1,-9,-9,0,10,9,8,2,3
quasi,93,0,8101000901290010,2000002002180,4,76,1,2,-9,-9,1,1,-9,-9,7,10,10,30,2,3
quasi,94,0,42044800000a04,184100408002000,4,76,1,2,-9,-9,0,1,-9,-9,0,9,9,54,2,3
quasi,95,0,2480240000240,4100840004800024,4,76,1,2,-9,-9,1,1,-9,-9,7,9,9,1,2,3
quasi,96,0,8200040409000100,500a0020088020,4,76,1,2,-9,-9,0,1,-9,-9,0,9,9,14,2,3
quasi,97,0,8440080000080000,20042000000022d,4,68,1,2,-9,-9,0,1,-9,-9,0,7,9,52,2,5
quasi,98,0,10102810209042,1200241000000000,4,76,1,2,-9,-9,0,1,-9,-9,0,11,10,24,2,3
quasi,99,0,800000488010102,82000210042011,13,76,0,2,-9,-9,1,1,-9,-9,0,8,9,51,3,2
quasi,100,0,8920001100,4ba00000042080,4,76,1,2,-9,-9,1,1,-9,-9,7,10,10,22,2,3
quasi,101,0,2000000000408400,c30408d000800004,4,76,1,2,-9,-9,0,1,-9,-9,0,8,8,16,2,3
quasi,102,0,2000400808100000,600000520031408,4,76,1,2,-9,-9,1,1,-9,-9,7,10,10,31,2,3
quasi,103,0,8010550100000080,4002000005800600,5,67,1,2,-9,-9,0,0,-9,-9,0,13,13,20,2,3
quasi,104,0,4002210000080100,210020065000011,4,76,1,2,-9,-9,0,1,-9,-9,0,9,10,38,2,3
quasi,105,0,40044100000800,1402400640110008,13,76,0,2,-9,-9,0,0,-9,-9,1,8,9,24,3,2
quasi,106,0,2104108000800010,90020460002002,4,76,1,2,-9,-9,0,1,-9,-9,0,9,10,36,2,3
quasi,107,0,a22205080021,2104010800000000,13,75,1,2,-9,-9,0,1,-9,-9,0,11,9,15,2,3
quasi,108,0,8000001001a00a08,20044106000000,6,76,0,2,-9,-9,1,1,-9,-9,0,11,11,2,4,2
quasi,109,0,2200008104201000,500013480100,4,76,1,2,-9,-9,1,1,-9,-9,7,10,12,30,2,3
quasi,110,0,2208880044005000,100040130800000,4,76,1,2,-9,-9,0,1,-9,-9,0,11,12,41,2,3
quasi,111,0,40404120004000,1280208400000821,4,76,1,2,-9,-9,1,1,-9,-9,7,8,8,6,2,3
quasi,112,0,802080009048208,c200820000001,4,76,1,2,-9,-9,0,0,-9,-9,0,9,9,1,2,3
quasi,113,0,2200000010002400,8110020804c8010,5,75,1,2,-9,-9,0,1,-9,-9,0,10,10,17,2,3
quasi,114,0,a00181000a4000,402280442000,4,76,1,2,-9,-9,0,1,-9,-9,0,9,10,42,2,3
quasi,115,0,88812058000,4802000000c82000,4,76,1,2,-9,-9,0,1,-9,-9,0,10,10,13,2,3
quasi,116,0,10402008200,6080084000802980,4,76,1,2,-9,-9,1,1,-9,-9,7,8,8,9,2,3
quasi,117,0,8104010008001040,400244021000500,13,76,0,2,-9,-9,0,0,-9,-9,0,9,10,5,3,2
quasi,118,0,40000010082000,2000904800c40281,3,76,0,2,-9,-9,1,1,-9,-9,0,9,10,3,3,2
quasi,119,0,4002108028888400,120082200000000,13,76,0,2,-9,-9,1,1,-9,-9,0,10,11,85,3,2
quasi,120,0,4040800100400000,28120930000c0000,4,76,1,2,-9,-9,0,1,-9,-9,0,8,8,19,2,3
quasi,121,0,4900400,a518000200080108,4,67,1,2,-9,-9,0,1,-9,-9,0,9,10,15,2,4
quasi,122,0,9000089044100000,8a00080204100,4,76,1,2,-9,-9,0,0,-9,-9,8,11,11,12,2,3
quasi,123,0,42210008011000,200081140080090,4,76,1,2,-9,-9,0,1,-9,-9,0,10,11,29,2,3
quasi,124,0,8400000010020,856280002900001,4,76,1,2,-9,-9,0,1,-9,-9,0,10,9,-9,2,3
quasi,125,0,4402052000001400,1480002000c0002,4,76,1,2,-9,-9,1,1,-9,-9,7,10,12,26,2,3
quasi,126,0,200a40204000405,4000048204200,5,76,0,2,-9,-9,1,1,-9,-9,0,9,8,26,3,2
quasi,127,0,8000420820810020,1000900011080004,3,76,0,2,-9,-9,1,1,-9,-9,1,10,10,19,3,2
quasi,128,0,14084011000040,1080400200012010,4,67,1,2,-9,-9,0,0,-9,-9,0,11,11,12,2,4
quasi,129,0,105428280800020,2d0000000000400,4,76,1,2,-9,-9,0,1,-9,-9,0,8,8,27,2,3
quasi,130,0,100800001042180,8008100014004410,4,76,1,2,-9,-9,0,1,-9,-9,0,8,8,7,2,3
quasi,131,0,8100142000420,100000c80025080,13,76,0,2,-9,-9,1,1,-9,-9,0,9,12,33,3,2
quasi,132,0,4042004080002200,480100008510001,4,76,1,2,-9,-9,1,1,-9,-9,7,8,8,8,2,3
quasi,133,0,804001400004208,9c200041000,4,77,1,2,-9,-9,0,1,-9,-9,0,10,10,28,2,4
quasi,134,0,420800020000080,40002090441841,4,76,1,2,-9,-9,1,1,-9,-9,7,8,8,33,2,3
quasi,135,0,840401201008021,186000000002080,4,76,1,2,-9,-9,0,0,-9,-9,0,11,10,2,2,3
quasi,136,0,8080080815020109,104000100000400,13,76,0,2,-9,-9,1,1,-9,-9,0,9,10,37,3,2
quasi,137,0,400280080000144,4000058000002882,4,76,1,2,-9,-9,1,1,-9,-9,7,12,11,-6,2,3
quasi,138,0,1400040000022400,8000308440000b,4,76,1,2,-9,-9,0,0,-9,-9,0,11,10,2,2,3
quasi,139,0,a0000000000102,816805408040080,5,75,1,2,-9,-9,0,1,-9,-9,0,8,9,16,2,3
quasi,140,0,1044000022100040,400005488010004,4,76,1,2,-9,-9,0,0,-9,-9,0,11,11,1,2,3
quasi,141,0,805090200000002,400000210a5001,4,76,1,2,-9,-9,0,0,-9,-9,8,9,9,6,2,3
quasi,142,0,944410120402002,8200400000040,4,76,1,2,-9,-9,0,0,-9,-9,0,10,9,11,2,3
quasi,143,0,208200110a8000,8c00410200800000,4,76,1,2,-9,-9,1,1,-9,-9,7,10,11,29,2,3
quasi,144,0,8220088000020000,4000824001200480,4,75,1,2,-9,-9,1,1,-9,-9,7,10,10,22,2,4
quasi,145,0,402010000129,1000060040062040,5,67,1,2,-9,-9,0,1,-9,-9,6,9,11,46,2,3
quasi,146,0,8008000400,8630012a40000a00,4,76,1,2,-9,-9,0,1,-9,-9,0,9,9,7,2,3
quasi,147,0,4004a00440008,200430004003,4,77,1,2,-9,-9,0,1,-9,-9,0,8,9,45,2,4
quasi,148,0,482002042450000,4200058000000100,4,76,1,2,-9,-9,1,1,-9,-9,7,8,8,23,2,3
quasi,149,0,208080844001,4004110016000004,3,75,1,2,-9,-9,0,1,-9,-9,0,9,9,17,2,3
quasi,150,0,a80140000000800,401800a540100000,4,76,1,2,-9,-9,0,0,-9,-9,0,10,10,11,2,3
quasi,151,0,100000200200a04,102850800d000,4,76,1,2,-9,-9,1,1,-9,-9,7,11,11,35,2,3
quasi,152,0,204400000102404,100a00c00012,4,77,1,2,-9,-9,1,1,-9,-9,7,10,10,25,2,4
quasi,153,0,50015000800001,2004000091004204,5,76,0,2,-9,-9,1,1,-9,-9,0,10,9,0,3,2
quasi,154,0,82440000082012,1228004000100400,4,76,1,2,-9,-9,0,1,-9,-9,0,11,12,28,2,3
quasi,155,0,100028010a0,402300100140040,4,77,1,2,-9,-9,0,1,-9,-9,0,10,9,14,2,4
quasi,156,0,1080002202024,a040002410018000,4,76,1,2,-9,-9,0,1,-9,-9,0,10,9,5,2,3
quasi,157,0,520208010000024,80100800030040,4,67,1,2,-9,-9,0,1,-9,-9,6,9,10,39,2,4
quasi,158,0,200150000000015,180004220400082,4,76,1,2,-9,-9,1,1,-9,-9,8,10,10,8,2,3
quasi,159,0,2040000010020180,c004280480220,4,76,1,2,-9,-9,0,1,-9,-9,0,9,9,14,2,3
quasi,160,0,9100000840000001,8a14002008900,4,76,1,2,-9,-9,0,0,-9,-9,0,10,10,8,2,3
quasi,161,0,4400a0010040140,2000001044208004,4,76,1,2,-9,-9,0,1,-9,-9,0,11,11,8,2,3
quasi,162,0,200091000104041,11200300400010,4,76,1,2,-9,-9,0,1,-9,-9,0,10,10,18,2,3
quasi,163,0,8404002404800000,1084011205000,4,76,1,2,-9,-9,1,1,-9,-9,7,8,8,25,2,3
quasi,164,0,10080008108420,88002000408a0001,4,76,1,2,-9,-9,0,1,-9,-9,0,11,10,-11,2,3
quasi,165,0,8000000882100a00,9120001204080,4,76,1,2,-9,-9,0,1,-9,-9,0,10,10,22,2,3
quasi,166,0,2000050010240248,4120002204000000,3,77,1,2,-9,-9,0,0,-9,-9,8,12,12,15,2,3
quasi,167,0,1148000281000202,200280400005000,13,76,0,2,-9,-9,1,1,-9,-9,0,9,11,24,3,2
quasi,168,0,4002080010010044,8201008040080600,4,76,1,2,-9,-9,0,1,-9,-9,0,11,11,11,2,3
quasi,169,0,801444804004020,82200000011002,4,76,1,2,-9,-9,0,0,-9,-9,8,10,9,5,2,3
quasi,170,0,400400a0020408,8021000100000122,4,75,1,2,-9,-9,0,1,-9,-9,0,10,10,46,2,4
quasi,171,0,40200000000004a0,c01400450004006,4,76,1,2,-9,-9,1,1,-9,-9,7,8,8,18,2,3
quasi,172,0,8000000800000040,108900004b046004,4,76,1,2,-9,-9,0,1,-9,-9,0,9,9,22,2,3
quasi,173,0,40108002a0500000,40004100000300c,4,76,1,2,-9,-9,0,1,-9,-9,0,9,9,36,2,3
quasi,174,0,2204052020280000,18000601004000,4,76,1,2,-9,-9,0,1,-9,-9,0,10,11,35,2,3
quasi,175,0,114110009009002,8040000420100,4,76,1,2,-9,-9,0,1,-9,-9,0,10,10,3,2,3
quasi,176,0,20091100840000,300300000402801,4,76,1,2,-9,-9,0,1,-9,-9,0,11,10,7,2,3
quasi,177,0,28000409404008,8400400020002084,4,76,1,2,-9,-9,0,1,-9,-9,0,12,12,2,2,3
quasi,178,0,8008001400122040,51002200a00000,4,76,1,2,-9,-9,0,1,-9,-9,0,12,11,6,2,3
quasi,179,0,500400048020100,4c003d0000,4,76,1,2,-9,-9,1,1,-9,-9,7,9,9,19,2,3
quasi,180,0,801002001000808,80048100200600c0,4,76,1,2,-9,-9,0,0,-9,-9,8,10,10,22,2,3
quasi,181,0,22200002220200,400010070010c00,4,76,1,2,-9,-9,1,1,-9,-9,7,8,8,21,2,3
quasi,182,0,8044000200008420,2002518000204000,4,76,1,2,-9,-9,0,1,-9,-9,0,8,8,6,2,3
quasi,183,0,400008208010200,9801000000088024,4,76,0,2,-9,-9,1,1,-9,-9,0,9,9,20,4,2
quasi,184,0,210400400480400,200000208a200080,4,77,1,2,-9,-9,1,1,-9,-9,8,12,10,-4,2,4
quasi,185,0,52048100080,8040208010c1000,4,76,1,2,-9,-9,1,1,-9,-9,8,10,12,5,2,3
quasi,186,0,2000420200100400,8201142004018,4,76,1,2,-9,-9,0,1,-9,-9,0,10,9,49,2,3
quasi,187,0,400048008080005,800a800180010800,5,77,1,2,-9,-9,1,1,-9,-9,7,8,8,9,2,3
quasi,188,0,800020800200020,100618402180010,4,76,1,2,-9,-9,0,0,-9,-9,8,10,9,13,2,3
quasi,189,0,800a008080,2140201008a4004,4,76,1,2,-9,-9,0,1,-9,-9,0,9,9,9,2,3
quasi,190,0,4000420000400005,1004204200088120,4,76,1,2,-9,-9,0,1,-9,-9,0,8,8,-15,2,3
quasi,191,0,140000410,800601422c008002,3,76,0,2,-9,-9,1,1,-9,-9,0,9,9,2,3,2
quasi,192,0,2101000080001000,8000a2040014034,4,76,1,2,-9,-9,0,1,-9,-9,0,9,9,15,2,3
quasi,193,0,20001000820010,110250280011020,4,76,1,2,-9,-9,0,1,-9,-9,0,9,9,15,2,3
quasi,194,0,10000420011000,1000204a801a2000,5,76,0,2,-9,-9,1,1,-9,-9,0,10,17,139,3,2
quasi,195,0,480200000442000,300831020004400,4,76,1,2,-9,-9,1,1,-9,-9,7,8,8,31,2,3
quasi,196,0,1042000210081000,42004a0020008002,4,76,1,2,-9,-9,0,0,-9,-9,0,10,11,3,2,3
quasi,197,0,8428800520000002,2100010008024,4,76,1,2,-9,-9,0,1,-9,-9,0,12,11,22,2,3
quasi,198,0,24a200202420,4004080004208,13,76,0,2,-9,-9,1,1,-9,-9,0,7,8,25,3,2
quasi,199,0,28009000500408,3081000000028800,3,76,0,2,-9,-9,0,0,-9,-9,0,10,11,-4,3,2
quasi,200,0,80408008001100,c804800110400000,4,67,1,2,-9,-9,0,1,-9,-9,0,9,10,39,2,4
quasi,201,0,8200000480082000,b0011042800800,4,76,1,2,-9,-9,1,1,-9,-9,7,10,9,11,2,3
quasi,202,0,10808004404,16800442100002,4,76,1,2,-9,-9,1,1,-9,-9,8,9,9,13,2,3
quasi,203,0,200848414001000,12400800208008,4,76,1,2,-9,-9,0,1,-9,-9,0,10,10,42,2,3
quasi,204,0,8000500081280045,300200000008010,4,76,1,2,-9,-9,0,1,-9,-9,0,12,10,18,2,3
quasi,205,0,80004088840040,1000804000041a8,4,76,1,2,-9,-9,1,1,-9,-9,7,9,9,-2,2,3
quasi,206,0,8440802100052421,9008,4,76,1,2,-9,-9,1,1,-9,-9,7,8,8,37,2,3
quasi,207,0,120401004200,32002000080059,4,76,1,2,-9,-9,1,1,-9,-9,8,10,9,-4,2,3
quasi,208,0,58004000010,810004128800304,4,76,1,2,-9,-9,0,1,-9,-9,0,9,10,31,2,3
quasi,209,0,8050020020001000,2000040004a10850,13,76,0,2,-9,-9,0,0,-9,-9,0,10,9,2,3,2
quasi,210,0,4222200820001210,40008000421,4,76,1,2,-9,-9,1,1,-9,-9,7,11,12,30,2,3
quasi,211,0,40480440a000040,2290000000401001,4,76,1,2,-9,-9,1,1,-9,-9,7,9,9,14,2,3
quasi,212,0,100241084020,a012000920000008,4,76,1,2,-9,-9,0,1,-9,-9,0,10,10,23,2,3
quasi,213,0,5000004020410000,8004100000b00032,4,76,1,2,-9,-9,0,0,-9,-9,8,9,9,3,2,3
quasi,214,0,2040040841000010,2080000021c0009,5,76,0,2,-9,-9,0,0,-9,-9,0,11,10,16,3,2
quasi,215,0,4000220012101,2001004000500488,4,76,1,2,-9,-9,0,1,-9,-9,0,8,8,6,2,3
quasi,216,0,8140900001000188,2100c0040,4,75,1,2,-9,-9,1,1,-9,-9,7,9,10,44,2,4
quasi,217,0,8220200001041082,2000010230000004,4,76,1,2,-9,-9,0,1,-9,-9,0,9,10,15,2,3
quasi,218,0,200000240020020,cd000408400480,4,76,1,2,-9,-9,0,1,-9,-9,0,8,8,13,2,3
quasi,219,0,4020491000004,400060002002010a,4,76,1,2,-9,-9,1,1,-9,-9,7,10,10,9,2,3
